beschreibung,dauer_tage,budget_eur,land,region,technologie,projekttyp,teamgroesse,jahr,groesse,projekttyp_detail,ai_effizienz_faktor,stundensatz_eur
"Terminbuchungsportal für Krüger Education (bis 5 Mitarbeiter). Kundenlogin, Verfügbarkeitsprüfung in Echtzeit, iCal-Export, SMS-Erinnerungen via Twilio, DSGVO-konformes Datenschutz-Setup.",37,42346,CH,CH,JavaScript,Neuentwicklung,1,2024,klein,Buchungssystem klein,0.78,124
"Analyse-Dashboard für Weber Consulting mit Python Dash, Anbindung an 3 Datenquellen, Zeitreihenanalyse, Prognose-Modell für nächste 30 Tage, rollenbasierte Sichtbarkeit.",48,103241,AT,AT,Python/ML,Neuentwicklung,3,2021,mittel,Reporting & Analytics Tool,0.97,86
"Maßgeschneiderte E-Commerce-Plattform für Hartmann Health mit 2.000+ Produkten, Kundenkonto-Bereich, Wunschliste, Produktkonfigurator, Multi-Lager-Verwaltung und Anbindung an Warenwirtschaftssystem.",104,119094,AT,AT,PHP,Neuentwicklung,2,2026,mittel,E-Commerce Platform,0.68,73
"Maßgeschneiderte E-Commerce-Plattform für Weber Consulting mit 2.000+ Produkten, Kundenkonto-Bereich, Wunschliste, Produktkonfigurator, Multi-Lager-Verwaltung und Anbindung an Warenwirtschaftssystem.",91,111681,DE,DE-HE,PHP,Neuentwicklung,2,2021,mittel,E-Commerce Platform,0.97,64
"KPI-Dashboard für Krause Retail. Vue.js Frontend, Echtzeit-Daten via WebSocket, 6 Chart-Typen, automatische E-Mail-Reports, Filterung nach Zeitraum und Region.",41,28803,DE,DE-BY,JavaScript,Neuentwicklung,1,2021,klein,Dashboard einfach,0.97,81
"KPI-Dashboard für Braun Logistics. Vue.js Frontend, Echtzeit-Daten via WebSocket, 6 Chart-Typen, automatische E-Mail-Reports, Filterung nach Zeitraum und Region.",19,13468,DE,DE-HE,JavaScript,Neuentwicklung,1,2023,klein,Dashboard einfach,0.85,81
"Churn-Prediction-System für Schulz Media. Feature Engineering auf 50+ Variablen, XGBoost-Ensemble, SHAP-Erklärbarkeit, automatische Handlungsempfehlungen, A/B-Test-Framework zur Validierung.",204,348844,DE,DE-HE,Python/ML,Neuentwicklung,3,2018,gross,ML Predictive Analytics,1.0,81
"Digitales Patientenportal für Schmidt AG mit KV-Anbindung, HL7 FHIR Schnittstelle, Telematikinfrastruktur-Anbindung, ePA-Integration, DSGVO- und KRITIS-konformes Sicherheitskonzept.",254,1075784,CH,CH,Java,Neuentwicklung,3,2024,gross,Gesundheitswesenportal,0.78,134
"Vertriebssteuerungs-CRM für Schulz Media. React, GraphQL API, Angebots-Erstellung mit PDF-Export, Wiedervorlage-System, Outlook-Kalender-Synchronisation, Mobilansicht für Außendienst.",39,67223,DE,DE-TH,JavaScript,Neuentwicklung,3,2023,mittel,CRM-System,0.85,66
"Microservice-API für Schwarz Energie. Python FastAPI, 5 CRUD-Endpoints, Rate-Limiting, API-Key-Verwaltung, automatisierte Tests mit pytest, CI/CD-Pipeline via GitHub Actions.",17,12533,DE,DE-BY,Backend,Neuentwicklung,1,2026,klein,REST API einfach,0.68,98
"Churn-Prediction-System für Schmidt AG. Feature Engineering auf 50+ Variablen, XGBoost-Ensemble, SHAP-Erklärbarkeit, automatische Handlungsempfehlungen, A/B-Test-Framework zur Validierung.",189,623254,DE,DE-HH,Python/ML,Neuentwicklung,4,2023,gross,ML Predictive Analytics,0.85,95
"Responsive Landing Page für Köhler Automotive mit Kontaktformular, SEO-Optimierung und Google Analytics Integration. Design nach Kundenvorgabe in Figma, Umsetzung mit React und Tailwind CSS.",15,8345,DE,DE-HH,JavaScript,Neuentwicklung,1,2022,klein,Landing Page,0.92,80
"REST API für Schwarz Energie mit 8 Endpoints, JWT-Authentifizierung, PostgreSQL-Datenbank, automatischer Swagger-Dokumentation und Docker-Containerisierung für einfaches Deployment.",18,11624,AT,AT,Backend,Neuentwicklung,1,2025,klein,REST API einfach,0.72,88
"Vertriebssteuerungs-CRM für Becker & Partner. React, GraphQL API, Angebots-Erstellung mit PDF-Export, Wiedervorlage-System, Outlook-Kalender-Synchronisation, Mobilansicht für Außendienst.",72,134831,DE,DE-HE,JavaScript,Neuentwicklung,3,2023,mittel,CRM-System,0.85,81
"Event-Ticketing-System für Maier Group. Next.js, Seat-Map-Visualisierung, QR-Code-Ticket-Generierung, Warteliste, Gutscheinverwaltung, automatische Kapazitätssteuerung.",67,102854,DE,DE-HH,JavaScript,Neuentwicklung,3,2022,mittel,Buchungssystem mittel,0.92,80
"Terminbuchungsportal für Köhler Automotive (bis 5 Mitarbeiter). Kundenlogin, Verfügbarkeitsprüfung in Echtzeit, iCal-Export, SMS-Erinnerungen via Twilio, DSGVO-konformes Datenschutz-Setup.",31,20344,DE,DE-HE,JavaScript,Neuentwicklung,1,2023,klein,Buchungssystem klein,0.85,81
"WooCommerce-Shop für Schmidt AG mit bis zu 200 Produkten, Stripe- und PayPal-Zahlungsanbindung, automatisierter Bestellbestätigung per E-Mail und einfacher Lagerverwaltung.",37,14959,DE,DE-SN,PHP,Neuentwicklung,1,2020,klein,Einfacher Online-Shop,1.0,52
"Ablösung des Legacy-Systems von Becker Pharma (15 Jahre alt, COBOL/Oracle). Strangler-Fig-Muster, schrittweise Migration von 40 Modulen, paralleler Betrieb beider Systeme für 6 Monate, Zero-Downtime-Cutover.",486,972842,DE,DE-HE,Java,Migration,3,2023,gross,Legacy Migration Enterprise,1.0,87
"Unternehmensweite Prozessplattform für Braun Logistics auf .NET 8 Basis. Workflow-Engine für 20 Genehmigungsprozesse, Power BI Embedded für Berichte, Azure AD Integration, On-Premise-Deployment auf Kundensystemen.",260,1029609,DE,DE-HE,.NET,Neuentwicklung,7,2024,gross,.NET Enterprise Platform,0.78,87
"KPI-Dashboard für Bauer Digital. Vue.js Frontend, Echtzeit-Daten via WebSocket, 6 Chart-Typen, automatische E-Mail-Reports, Filterung nach Zeitraum und Region.",20,18156,DE,DE-HH,JavaScript,Neuentwicklung,1,2026,klein,Dashboard einfach,0.68,90
"Terminbuchungsportal für Lange Finance (bis 5 Mitarbeiter). Kundenlogin, Verfügbarkeitsprüfung in Echtzeit, iCal-Export, SMS-Erinnerungen via Twilio, DSGVO-konformes Datenschutz-Setup.",21,12979,DE,DE-TH,JavaScript,Neuentwicklung,1,2022,klein,Buchungssystem klein,0.92,64
"Einzel-Landing-Page für Produktlaunch von Zimmermann IT. A/B-Testing-fähig, mehrsprachig (DE/EN), mit CMS-Anbindung für eigenständige Inhaltspflege. Mobile-first Ansatz.",4,4401,AT,AT,JavaScript,Neuentwicklung,1,2022,klein,Landing Page,0.92,76
"Shopify-Onlineshop für Frank Legal. Custom-Theme, bis zu 500 Produkte, Anbindung an DHL-Versandschnittstelle, Gutscheinsystem, Produktbewertungen und Newsletter-Integration.",22,15340,DE,DE-HH,PHP,Neuentwicklung,1,2024,klein,Einfacher Online-Shop,0.78,72
"Buchungs- und Reservierungsplattform für Weiß Transport mit Multi-Location-Support, dynamischer Preisgestaltung, Gruppenreservierungen, Stornogebühren-Logik und Anbindung an Zahlungsanbieter.",70,92341,AT,AT,JavaScript,Neuentwicklung,3,2020,mittel,Buchungssystem mittel,1.0,72
"Unternehmenswebsite für Klein Software auf WordPress-Basis. Custom-Theme-Entwicklung, WooCommerce-Integration für digitale Downloads, SEO-Plugin-Konfiguration, Hosting-Setup.",30,21840,CH,CH,PHP,Neuentwicklung,1,2022,klein,WordPress Website,0.92,99
"Wartung und Erweiterung des bestehenden WordPress-Systems von Schwarz Energie. Plugin-Updates, Sicherheits-Audit, neue Such- und Filterfunktionen, Optimierung der Ladezeiten auf unter 2 Sekunden.",16,10065,DE,DE-BY,PHP,Weiterentwicklung,1,2023,klein,Legacy Bugfixing & Weiterentwicklung,0.85,73
"Einzel-Landing-Page für Produktlaunch von Schwarz Energie. A/B-Testing-fähig, mehrsprachig (DE/EN), mit CMS-Anbindung für eigenständige Inhaltspflege. Mobile-first Ansatz.",5,3919,DE,DE-HE,JavaScript,Neuentwicklung,1,2018,klein,Landing Page,1.0,70
"Maßgeschneiderte E-Commerce-Plattform für Schwarz Energie mit 2.000+ Produkten, Kundenkonto-Bereich, Wunschliste, Produktkonfigurator, Multi-Lager-Verwaltung und Anbindung an Warenwirtschaftssystem.",150,186604,DE,DE-TH,PHP,Neuentwicklung,3,2021,mittel,E-Commerce Platform,0.97,52
"Buchungs- und Reservierungsplattform für Becker Pharma mit Multi-Location-Support, dynamischer Preisgestaltung, Gruppenreservierungen, Stornogebühren-Logik und Anbindung an Zahlungsanbieter.",77,74761,DE,DE-TH,JavaScript,Neuentwicklung,2,2019,mittel,Buchungssystem mittel,1.0,58
"Shopify-Onlineshop für Wolf Systems. Custom-Theme, bis zu 500 Produkte, Anbindung an DHL-Versandschnittstelle, Gutscheinsystem, Produktbewertungen und Newsletter-Integration.",29,18722,DE,DE-HE,PHP,Neuentwicklung,1,2024,klein,Einfacher Online-Shop,0.78,71
"Management-Dashboard für Becker & Partner zur Visualisierung von Verkaufszahlen. React mit Recharts, Datenbankanbindung über bestehende API, Exportfunktion als PDF/Excel, Nutzerrollen-System.",44,25211,DE,DE-HE,JavaScript,Neuentwicklung,1,2022,klein,Dashboard einfach,0.92,78
"Unternehmensportal für Frank Legal (800 Mitarbeiter) mit bidirektionaler SAP HR-Schnittstelle, SSO via Azure AD, Urlaubsmanagement, Zeiterfassung, Gehaltsabruf und Weiterbildungsmodul. React Frontend, Java Spring Boot Backend.",185,890103,AT,AT,SAP,Neuentwicklung,7,2023,gross,SAP-Integration Portal,0.85,115
"Krankenhausinformationssystem-Modul für Lange Finance. HL7-Messaging, DICOM-Viewer-Integration, Medikationsplan-Modul nach BMP-Standard, IHE-XDS-Dokumentenmanagement, BSI-Grundschutz.",271,1333862,DE,DE-BY,Java,Neuentwicklung,7,2023,gross,Gesundheitswesenportal,0.85,93
"B2B-Online-Shop für Becker Pharma. Shopware 6, kundenspezifische Preislisten, Bestelllimits, CSV-Massenimport, ERP-Schnittstelle zu SAP Business One, Rechnungsstellung per EDI.",83,125326,DE,DE-HH,PHP,Neuentwicklung,3,2023,mittel,E-Commerce Platform,0.85,70
"Online-Buchungssystem für Schulz Media mit Kalenderansicht, automatischen E-Mail-Erinnerungen, Zahlungsintegration via Stripe und Admin-Backend zur Terminverwaltung. React Frontend, Node.js Backend.",21,25591,CH,CH,JavaScript,Neuentwicklung,1,2024,klein,Buchungssystem klein,0.78,124
"Vollständige Neuentwicklung des Kernbanksystems von Krause Retail. Java Spring Boot Microservices, Event Sourcing, CQRS, Migrationsskripte für 2 Mio. Datensätze, Compliance-Anforderungen BaFin.",490,1276936,DE,DE-NW,Java,Migration,5,2020,gross,Legacy Migration Enterprise,1.0,77
"Unternehmenswebsite für Hartmann Health auf WordPress-Basis. Custom-Theme-Entwicklung, WooCommerce-Integration für digitale Downloads, SEO-Plugin-Konfiguration, Hosting-Setup.",14,7903,DE,DE-NW,PHP,Neuentwicklung,1,2018,klein,WordPress Website,1.0,57
"Responsive Landing Page für Schwarz Energie mit Kontaktformular, SEO-Optimierung und Google Analytics Integration. Design nach Kundenvorgabe in Figma, Umsetzung mit React und Tailwind CSS.",10,7050,DE,DE-NW,JavaScript,Neuentwicklung,1,2025,klein,Landing Page,0.72,84
"Shopify-Onlineshop für Klein Software. Custom-Theme, bis zu 500 Produkte, Anbindung an DHL-Versandschnittstelle, Gutscheinsystem, Produktbewertungen und Newsletter-Integration.",20,11584,DE,DE-SN,PHP,Neuentwicklung,1,2025,klein,Einfacher Online-Shop,0.72,61
"Microservice-API für Wolf Systems. Python FastAPI, 5 CRUD-Endpoints, Rate-Limiting, API-Key-Verwaltung, automatisierte Tests mit pytest, CI/CD-Pipeline via GitHub Actions.",23,12742,AT,AT,Backend,Neuentwicklung,1,2019,klein,REST API einfach,1.0,73
"Responsive Landing Page für Becker Pharma mit Kontaktformular, SEO-Optimierung und Google Analytics Integration. Design nach Kundenvorgabe in Figma, Umsetzung mit React und Tailwind CSS.",15,6915,DE,DE-TH,JavaScript,Neuentwicklung,1,2022,klein,Landing Page,0.92,64
"Maßgeschneiderte E-Commerce-Plattform für Schäfer Insurance mit 2.000+ Produkten, Kundenkonto-Bereich, Wunschliste, Produktkonfigurator, Multi-Lager-Verwaltung und Anbindung an Warenwirtschaftssystem.",80,98834,DE,DE-NW,PHP,Neuentwicklung,2,2022,mittel,E-Commerce Platform,0.92,65
"Flutter-App für Braun Logistics. Kartenintegration via Google Maps, Foto-Upload mit Bildkomprimierung, Echtzeit-Chat via WebSocket, Biometrie-Login, automatische App-Store-Deployment-Pipeline.",46,117576,DE,DE-BW,Mobile,Neuentwicklung,3,2023,mittel,Mobile App mittel,0.85,92
"B2B-Handelsplattform für Schwarz Energie. Microservices-Architektur (12 Services), Kubernetes-Deployment, Punchout-Katalog für EDI-Anbindung, dynamische Preislogik, Self-Service-Kundenportal.",417,1050254,AT,AT,Java,Neuentwicklung,5,2020,gross,Enterprise E-Commerce,1.0,77
"Unternehmensportal für Schäfer Insurance (800 Mitarbeiter) mit bidirektionaler SAP HR-Schnittstelle, SSO via Azure AD, Urlaubsmanagement, Zeiterfassung, Gehaltsabruf und Weiterbildungsmodul. React Frontend, Java Spring Boot Backend.",252,1201451,DE,DE-BY,SAP,Neuentwicklung,7,2023,gross,SAP-Integration Portal,0.85,126
"Einzel-Landing-Page für Produktlaunch von Weiß Transport. A/B-Testing-fähig, mehrsprachig (DE/EN), mit CMS-Anbindung für eigenständige Inhaltspflege. Mobile-first Ansatz.",17,9503,AT,AT,JavaScript,Neuentwicklung,1,2020,klein,Landing Page,1.0,72
"Microservice-API für Müller GmbH. Python FastAPI, 5 CRUD-Endpoints, Rate-Limiting, API-Key-Verwaltung, automatisierte Tests mit pytest, CI/CD-Pipeline via GitHub Actions.",39,24520,DE,DE-BY,Backend,Neuentwicklung,1,2023,klein,REST API einfach,0.85,90
"SAP S/4HANA-Anbindung für Fischer Handel. Fiori-ähnliches Portal, RFC-Schnittstellen für MM/PP/FI, Custom ABAP-Entwicklung, Echtzeit-Datensynchronisation, Rollout auf 3 Werke.",212,888806,DE,DE-SN,SAP,Neuentwicklung,7,2021,gross,SAP-Integration Portal,0.97,93
"Management-Dashboard für Weiß Transport zur Visualisierung von Verkaufszahlen. React mit Recharts, Datenbankanbindung über bestehende API, Exportfunktion als PDF/Excel, Nutzerrollen-System.",31,24980,DE,DE-BY,JavaScript,Neuentwicklung,1,2023,klein,Dashboard einfach,0.85,86
"REST API für Richter Tech mit 8 Endpoints, JWT-Authentifizierung, PostgreSQL-Datenbank, automatischer Swagger-Dokumentation und Docker-Containerisierung für einfaches Deployment.",12,13697,CH,CH,Backend,Neuentwicklung,1,2022,klein,REST API einfach,0.92,123
"KPI-Dashboard für Wolf Systems. Vue.js Frontend, Echtzeit-Daten via WebSocket, 6 Chart-Typen, automatische E-Mail-Reports, Filterung nach Zeitraum und Region.",19,16024,DE,DE-HE,JavaScript,Neuentwicklung,1,2023,klein,Dashboard einfach,0.85,81
"Middleware-Lösung für Bauer Digital zur Anbindung von 4 Drittsystemen (CRM, ERP, Shop, Versand). Message-Queue via RabbitMQ, Retry-Logik, Monitoring-Dashboard, detailliertes Fehler-Logging.",84,90400,DE,DE-TH,Backend,Neuentwicklung,2,2023,mittel,API-Integration Middleware,0.85,69
"Event-Ticketing-System für Hartmann Health. Next.js, Seat-Map-Visualisierung, QR-Code-Ticket-Generierung, Warteliste, Gutscheinverwaltung, automatische Kapazitätssteuerung.",61,63326,DE,DE-SN,JavaScript,Neuentwicklung,2,2022,mittel,Buchungssystem mittel,0.92,65
"Maßgeschneiderte E-Commerce-Plattform für Zimmermann IT mit 2.000+ Produkten, Kundenkonto-Bereich, Wunschliste, Produktkonfigurator, Multi-Lager-Verwaltung und Anbindung an Warenwirtschaftssystem.",132,155125,DE,DE-SN,PHP,Neuentwicklung,3,2021,mittel,E-Commerce Platform,0.97,54
"REST API für Zimmermann IT mit 8 Endpoints, JWT-Authentifizierung, PostgreSQL-Datenbank, automatischer Swagger-Dokumentation und Docker-Containerisierung für einfaches Deployment.",20,17546,CH,CH,Backend,Neuentwicklung,1,2020,klein,REST API einfach,1.0,115
"Cross-Platform-App (iOS & Android) für Krüger Education mit 12 Screens, Nutzerregistrierung, Push-Notifications, Offline-Fähigkeit durch lokale SQLite-Datenbank und REST-API-Anbindung. React Native.",91,113628,DE,DE-BE,Mobile,Neuentwicklung,2,2022,mittel,Mobile App mittel,0.92,81
"REST API für Schmidt AG mit 8 Endpoints, JWT-Authentifizierung, PostgreSQL-Datenbank, automatischer Swagger-Dokumentation und Docker-Containerisierung für einfaches Deployment.",19,12979,DE,DE-HH,Backend,Neuentwicklung,1,2026,klein,REST API einfach,0.68,94
"Management-Dashboard für Bauer Digital zur Visualisierung von Verkaufszahlen. React mit Recharts, Datenbankanbindung über bestehende API, Exportfunktion als PDF/Excel, Nutzerrollen-System.",26,17350,AT,AT,JavaScript,Neuentwicklung,1,2023,klein,Dashboard einfach,0.85,78
"Shopify-Onlineshop für Schäfer Insurance. Custom-Theme, bis zu 500 Produkte, Anbindung an DHL-Versandschnittstelle, Gutscheinsystem, Produktbewertungen und Newsletter-Integration.",18,15187,DE,DE-HE,PHP,Neuentwicklung,1,2023,klein,Einfacher Online-Shop,0.85,69
"Wartung und Erweiterung des bestehenden WordPress-Systems von Neumann Services. Plugin-Updates, Sicherheits-Audit, neue Such- und Filterfunktionen, Optimierung der Ladezeiten auf unter 2 Sekunden.",9,8168,AT,AT,PHP,Weiterentwicklung,1,2023,klein,Legacy Bugfixing & Weiterentwicklung,0.85,67
"Maßgeschneiderte E-Commerce-Plattform für Maier Group mit 2.000+ Produkten, Kundenkonto-Bereich, Wunschliste, Produktkonfigurator, Multi-Lager-Verwaltung und Anbindung an Warenwirtschaftssystem.",97,142332,DE,DE-BY,PHP,Neuentwicklung,3,2024,mittel,E-Commerce Platform,0.78,75
"KPI-Dashboard für Weber Consulting. Vue.js Frontend, Echtzeit-Daten via WebSocket, 6 Chart-Typen, automatische E-Mail-Reports, Filterung nach Zeitraum und Region.",28,16277,DE,DE-SN,JavaScript,Neuentwicklung,1,2021,klein,Dashboard einfach,0.97,63
"Event-Ticketing-System für Wagner Immobilien. Next.js, Seat-Map-Visualisierung, QR-Code-Ticket-Generierung, Warteliste, Gutscheinverwaltung, automatische Kapazitätssteuerung.",32,78680,AT,AT,JavaScript,Neuentwicklung,3,2025,mittel,Buchungssystem mittel,0.72,84
"Terminbuchungsportal für Müller GmbH (bis 5 Mitarbeiter). Kundenlogin, Verfügbarkeitsprüfung in Echtzeit, iCal-Export, SMS-Erinnerungen via Twilio, DSGVO-konformes Datenschutz-Setup.",60,28609,DE,DE-SN,JavaScript,Neuentwicklung,1,2022,klein,Buchungssystem klein,0.92,65
"Unternehmensweite Prozessplattform für Maier Group auf .NET 8 Basis. Workflow-Engine für 20 Genehmigungsprozesse, Power BI Embedded für Berichte, Azure AD Integration, On-Premise-Deployment auf Kundensystemen.",342,911863,AT,AT,.NET,Neuentwicklung,6,2019,gross,.NET Enterprise Platform,1.0,73
"B2B-Online-Shop für Schwarz Energie. Shopware 6, kundenspezifische Preislisten, Bestelllimits, CSV-Massenimport, ERP-Schnittstelle zu SAP Business One, Rechnungsstellung per EDI.",106,153016,AT,AT,PHP,Neuentwicklung,3,2024,mittel,E-Commerce Platform,0.78,69
"Maßgeschneiderte E-Commerce-Plattform für Schäfer Insurance mit 2.000+ Produkten, Kundenkonto-Bereich, Wunschliste, Produktkonfigurator, Multi-Lager-Verwaltung und Anbindung an Warenwirtschaftssystem.",87,97379,DE,DE-SN,PHP,Neuentwicklung,2,2026,mittel,E-Commerce Platform,0.68,63
"Digitales Patientenportal für Richter Tech mit KV-Anbindung, HL7 FHIR Schnittstelle, Telematikinfrastruktur-Anbindung, ePA-Integration, DSGVO- und KRITIS-konformes Sicherheitskonzept.",185,679117,CH,CH,Java,Neuentwicklung,3,2019,gross,Gesundheitswesenportal,1.0,115
"Terminbuchungsportal für Zimmermann IT (bis 5 Mitarbeiter). Kundenlogin, Verfügbarkeitsprüfung in Echtzeit, iCal-Export, SMS-Erinnerungen via Twilio, DSGVO-konformes Datenschutz-Setup.",46,18144,DE,DE-SN,JavaScript,Neuentwicklung,1,2019,klein,Buchungssystem klein,1.0,60
"Ablösung des Legacy-Systems von Krüger Education (15 Jahre alt, COBOL/Oracle). Strangler-Fig-Muster, schrittweise Migration von 40 Modulen, paralleler Betrieb beider Systeme für 6 Monate, Zero-Downtime-Cutover.",486,1563778,CH,CH,Java,Migration,3,2024,gross,Legacy Migration Enterprise,1.0,134
"WordPress-Website für Becker Pharma mit 8 Unterseiten, Blog-Funktion, mehrsprachigem Plugin (WPML), individuell entwickeltem Child-Theme und Kontaktformular mit DSGVO-konformer Datenspeicherung.",14,7561,DE,DE-HH,PHP,Neuentwicklung,1,2023,klein,WordPress Website,0.85,70
"Maßgeschneidertes CRM für Wolf Systems mit Kontaktverwaltung, Pipeline-Tracking, E-Mail-Integration via IMAP/SMTP, Aktivitäten-Log, Reporting-Dashboard und CSV-Import für Bestandsdaten.",69,106559,DE,DE-TH,JavaScript,Neuentwicklung,3,2023,mittel,CRM-System,0.85,66
"Vertriebssteuerungs-CRM für Müller GmbH. React, GraphQL API, Angebots-Erstellung mit PDF-Export, Wiedervorlage-System, Outlook-Kalender-Synchronisation, Mobilansicht für Außendienst.",86,126251,DE,DE-HE,JavaScript,Neuentwicklung,3,2021,mittel,CRM-System,0.97,76
"Unternehmenswebsite für Hoffmann Solutions auf WordPress-Basis. Custom-Theme-Entwicklung, WooCommerce-Integration für digitale Downloads, SEO-Plugin-Konfiguration, Hosting-Setup.",14,6959,DE,DE-TH,PHP,Neuentwicklung,1,2021,klein,WordPress Website,0.97,52
"Wartung und Erweiterung des bestehenden WordPress-Systems von Neumann Services. Plugin-Updates, Sicherheits-Audit, neue Such- und Filterfunktionen, Optimierung der Ladezeiten auf unter 2 Sekunden.",9,11216,CH,CH,PHP,Weiterentwicklung,1,2023,klein,Legacy Bugfixing & Weiterentwicklung,0.85,102
"Cross-Platform-App (iOS & Android) für Schmidt AG mit 12 Screens, Nutzerregistrierung, Push-Notifications, Offline-Fähigkeit durch lokale SQLite-Datenbank und REST-API-Anbindung. React Native.",104,194516,DE,DE-HH,Mobile,Neuentwicklung,3,2020,mittel,Mobile App mittel,1.0,83
"Business-Intelligence-Tool für Hoffmann Solutions mit automatisierten Tagesberichten, interaktiven Drill-Down-Charts, Anomalie-Erkennung bei KPIs, Slack-Integration für Alerts und Export-Funktion.",75,125057,DE,DE-NW,Python/ML,Neuentwicklung,3,2023,mittel,Reporting & Analytics Tool,0.85,91
"REST API für Klein Software mit 8 Endpoints, JWT-Authentifizierung, PostgreSQL-Datenbank, automatischer Swagger-Dokumentation und Docker-Containerisierung für einfaches Deployment.",24,15019,DE,DE-HH,Backend,Neuentwicklung,1,2022,klein,REST API einfach,0.92,84
"Management-Dashboard für Bauer Digital zur Visualisierung von Verkaufszahlen. React mit Recharts, Datenbankanbindung über bestehende API, Exportfunktion als PDF/Excel, Nutzerrollen-System.",31,23721,DE,DE-HE,JavaScript,Neuentwicklung,1,2024,klein,Dashboard einfach,0.78,84
"Business-Intelligence-Tool für Richter Tech mit automatisierten Tagesberichten, interaktiven Drill-Down-Charts, Anomalie-Erkennung bei KPIs, Slack-Integration für Alerts und Export-Funktion.",56,114036,DE,DE-HH,Python/ML,Neuentwicklung,3,2023,mittel,Reporting & Analytics Tool,0.85,95
"REST API für Hartmann Health mit 8 Endpoints, JWT-Authentifizierung, PostgreSQL-Datenbank, automatischer Swagger-Dokumentation und Docker-Containerisierung für einfaches Deployment.",32,16656,DE,DE-BY,Backend,Neuentwicklung,1,2019,klein,REST API einfach,1.0,80
"HR-Self-Service-Portal für Krause Retail (150 Mitarbeiter). Vue.js, REST API, Gehaltsabruf-Modul, Weiterbildungskalender, digitale Personalakte, rollenbasierte Zugriffsrechte, DSGVO-konformes Audit-Log.",51,67322,DE,DE-TH,JavaScript,Neuentwicklung,2,2024,mittel,Mitarbeiterportal,0.78,68
"B2B-Online-Shop für Weiß Transport. Shopware 6, kundenspezifische Preislisten, Bestelllimits, CSV-Massenimport, ERP-Schnittstelle zu SAP Business One, Rechnungsstellung per EDI.",132,109757,DE,DE-BE,PHP,Neuentwicklung,2,2018,mittel,E-Commerce Platform,1.0,55
"Cross-Platform-App (iOS & Android) für Hartmann Health mit 12 Screens, Nutzerregistrierung, Push-Notifications, Offline-Fähigkeit durch lokale SQLite-Datenbank und REST-API-Anbindung. React Native.",78,114676,DE,DE-BE,Mobile,Neuentwicklung,3,2018,mittel,Mobile App mittel,1.0,72
"WordPress-Website für Schulz Media mit 8 Unterseiten, Blog-Funktion, mehrsprachigem Plugin (WPML), individuell entwickeltem Child-Theme und Kontaktformular mit DSGVO-konformer Datenspeicherung.",19,15718,CH,CH,PHP,Neuentwicklung,1,2018,klein,WordPress Website,1.0,88
"Predictive-Analytics-Plattform für Schmidt AG. Nachfrageprognose mit LSTM-Modell (MAPE < 8%), Anomalie-Erkennung im Produktionsprozess, MLflow für Modell-Versionierung, REST API für ERP-Anbindung, monatliches Retraining.",305,413534,DE,DE-BE,Python/ML,Neuentwicklung,3,2020,gross,ML Predictive Analytics,1.0,80
"Maßgeschneiderte E-Commerce-Plattform für Koch Industries mit 2.000+ Produkten, Kundenkonto-Bereich, Wunschliste, Produktkonfigurator, Multi-Lager-Verwaltung und Anbindung an Warenwirtschaftssystem.",82,119385,DE,DE-TH,PHP,Neuentwicklung,3,2022,mittel,E-Commerce Platform,0.92,54
"KI-gestütztes Dokumentenmanagementsystem für Schwarz Energie mit automatischer Klassifikation per NLP (BERT), Volltextsuche via Elasticsearch, Versionierung, Zugriffsrollen und DSGVO-konformem Hosting auf deutschen Servern.",165,391791,DE,DE-HH,Python/ML,Neuentwicklung,3,2024,gross,ML Dokumentenmanagement,0.78,99
"WordPress-Website für Krause Retail mit 8 Unterseiten, Blog-Funktion, mehrsprachigem Plugin (WPML), individuell entwickeltem Child-Theme und Kontaktformular mit DSGVO-konformer Datenspeicherung.",26,11385,DE,DE-HH,PHP,Neuentwicklung,1,2018,klein,WordPress Website,1.0,60
"KPI-Dashboard für Wolf Systems. Vue.js Frontend, Echtzeit-Daten via WebSocket, 6 Chart-Typen, automatische E-Mail-Reports, Filterung nach Zeitraum und Region.",25,12449,DE,DE-TH,JavaScript,Neuentwicklung,1,2022,klein,Dashboard einfach,0.92,64
"Unternehmenswebsite für Schwarz Energie auf WordPress-Basis. Custom-Theme-Entwicklung, WooCommerce-Integration für digitale Downloads, SEO-Plugin-Konfiguration, Hosting-Setup.",16,7285,DE,DE-BY,PHP,Neuentwicklung,1,2019,klein,WordPress Website,1.0,65
"Enterprise-E-Commerce-Plattform für Schulz Media mit 50.000+ Produkten, Multi-Mandanten-Fähigkeit, Echtzeit-Bestandssynchronisation, KI-gestützter Produktempfehlung, A/B-Testing-Framework und DACH-Lokalisierung.",264,981179,DE,DE-HH,Java,Neuentwicklung,6,2024,gross,Enterprise E-Commerce,0.78,92
"B2B-Online-Shop für Koch Industries. Shopware 6, kundenspezifische Preislisten, Bestelllimits, CSV-Massenimport, ERP-Schnittstelle zu SAP Business One, Rechnungsstellung per EDI.",160,208942,DE,DE-TH,PHP,Neuentwicklung,3,2023,mittel,E-Commerce Platform,0.85,56
"REST API für Hoffmann Solutions mit 8 Endpoints, JWT-Authentifizierung, PostgreSQL-Datenbank, automatischer Swagger-Dokumentation und Docker-Containerisierung für einfaches Deployment.",39,20762,DE,DE-BY,Backend,Neuentwicklung,1,2020,klein,REST API einfach,1.0,82
"Management-Dashboard für Wolf Systems zur Visualisierung von Verkaufszahlen. React mit Recharts, Datenbankanbindung über bestehende API, Exportfunktion als PDF/Excel, Nutzerrollen-System.",28,29024,CH,CH,JavaScript,Neuentwicklung,1,2025,klein,Dashboard einfach,0.72,128
"Flutter-App für Meier Manufacturing. Kartenintegration via Google Maps, Foto-Upload mit Bildkomprimierung, Echtzeit-Chat via WebSocket, Biometrie-Login, automatische App-Store-Deployment-Pipeline.",97,142674,DE,DE-BY,Mobile,Neuentwicklung,2,2023,mittel,Mobile App mittel,0.85,95
"KPI-Dashboard für Hartmann Health. Vue.js Frontend, Echtzeit-Daten via WebSocket, 6 Chart-Typen, automatische E-Mail-Reports, Filterung nach Zeitraum und Region.",29,17928,DE,DE-BW,JavaScript,Neuentwicklung,1,2023,klein,Dashboard einfach,0.85,84
"WordPress-Website für Wolf Systems mit 8 Unterseiten, Blog-Funktion, mehrsprachigem Plugin (WPML), individuell entwickeltem Child-Theme und Kontaktformular mit DSGVO-konformer Datenspeicherung.",12,8324,DE,DE-HE,PHP,Neuentwicklung,1,2024,klein,WordPress Website,0.78,71
"Business-Intelligence-Tool für Braun Logistics mit automatisierten Tagesberichten, interaktiven Drill-Down-Charts, Anomalie-Erkennung bei KPIs, Slack-Integration für Alerts und Export-Funktion.",81,79067,DE,DE-BE,Python/ML,Neuentwicklung,2,2018,mittel,Reporting & Analytics Tool,1.0,75
"HR-Self-Service-Portal für Becker & Partner (150 Mitarbeiter). Vue.js, REST API, Gehaltsabruf-Modul, Weiterbildungskalender, digitale Personalakte, rollenbasierte Zugriffsrechte, DSGVO-konformes Audit-Log.",78,124106,DE,DE-NW,JavaScript,Neuentwicklung,3,2022,mittel,Mitarbeiterportal,0.92,76
"WooCommerce-Shop für Braun Logistics mit bis zu 200 Produkten, Stripe- und PayPal-Zahlungsanbindung, automatisierter Bestellbestätigung per E-Mail und einfacher Lagerverwaltung.",47,19442,DE,DE-BE,PHP,Neuentwicklung,1,2020,klein,Einfacher Online-Shop,1.0,58
"Shopify-Onlineshop für Hartmann Health. Custom-Theme, bis zu 500 Produkte, Anbindung an DHL-Versandschnittstelle, Gutscheinsystem, Produktbewertungen und Newsletter-Integration.",32,18225,DE,DE-BW,PHP,Neuentwicklung,1,2021,klein,Einfacher Online-Shop,0.97,67
"WooCommerce-Shop für Maier Group mit bis zu 200 Produkten, Stripe- und PayPal-Zahlungsanbindung, automatisierter Bestellbestätigung per E-Mail und einfacher Lagerverwaltung.",22,13348,DE,DE-BW,PHP,Neuentwicklung,1,2020,klein,Einfacher Online-Shop,1.0,64
"Responsive Landing Page für Koch Industries mit Kontaktformular, SEO-Optimierung und Google Analytics Integration. Design nach Kundenvorgabe in Figma, Umsetzung mit React und Tailwind CSS.",9,5347,DE,DE-SN,JavaScript,Neuentwicklung,1,2023,klein,Landing Page,0.85,67
"Integration-Layer für Wagner Immobilien. Apache Kafka, 6 Kafka-Topics, Schema-Registry, Dead-Letter-Queue, automatisches Alerting bei Verarbeitungsfehlern, API-Rate-Limit-Management.",151,138471,DE,DE-SN,Backend,Neuentwicklung,2,2021,mittel,API-Integration Middleware,0.97,66
"Predictive-Analytics-Plattform für Schwarz Energie. Nachfrageprognose mit LSTM-Modell (MAPE < 8%), Anomalie-Erkennung im Produktionsprozess, MLflow für Modell-Versionierung, REST API für ERP-Anbindung, monatliches Retraining.",443,1632437,CH,CH,Python/ML,Neuentwicklung,5,2020,gross,ML Predictive Analytics,1.0,128
"Datenmigration für Wagner Immobilien von Oracle 11g auf PostgreSQL 15. Schema-Mapping, Stored-Procedure-Umschreibung, Performance-Tests, Zero-Downtime-Migration mit Dual-Write-Ansatz.",61,78327,DE,DE-NW,Backend,Migration,2,2023,mittel,Datenmigraton,1.0,82
"Business-Intelligence-Tool für Müller GmbH mit automatisierten Tagesberichten, interaktiven Drill-Down-Charts, Anomalie-Erkennung bei KPIs, Slack-Integration für Alerts und Export-Funktion.",41,68624,DE,DE-HE,Python/ML,Neuentwicklung,2,2026,mittel,Reporting & Analytics Tool,0.68,102
"Maßgeschneiderte E-Commerce-Plattform für Schulz Media mit 2.000+ Produkten, Kundenkonto-Bereich, Wunschliste, Produktkonfigurator, Multi-Lager-Verwaltung und Anbindung an Warenwirtschaftssystem.",132,175367,AT,AT,PHP,Neuentwicklung,3,2019,mittel,E-Commerce Platform,1.0,59
"Unternehmenswebsite für Becker & Partner auf WordPress-Basis. Custom-Theme-Entwicklung, WooCommerce-Integration für digitale Downloads, SEO-Plugin-Konfiguration, Hosting-Setup.",13,5961,DE,DE-TH,PHP,Neuentwicklung,1,2022,klein,WordPress Website,0.92,54
"WordPress-Website für Köhler Automotive mit 8 Unterseiten, Blog-Funktion, mehrsprachigem Plugin (WPML), individuell entwickeltem Child-Theme und Kontaktformular mit DSGVO-konformer Datenspeicherung.",27,10653,DE,DE-TH,PHP,Neuentwicklung,1,2023,klein,WordPress Website,0.85,56
"Vollständige Neuentwicklung des Kernbanksystems von Weber Consulting. Java Spring Boot Microservices, Event Sourcing, CQRS, Migrationsskripte für 2 Mio. Datensätze, Compliance-Anforderungen BaFin.",611,1719293,DE,DE-SN,Java,Migration,6,2026,gross,Legacy Migration Enterprise,1.0,80
"Wartung und Erweiterung des bestehenden WordPress-Systems von Becker Pharma. Plugin-Updates, Sicherheits-Audit, neue Such- und Filterfunktionen, Optimierung der Ladezeiten auf unter 2 Sekunden.",8,6220,CH,CH,PHP,Weiterentwicklung,1,2021,klein,Legacy Bugfixing & Weiterentwicklung,0.97,96
"Maßgeschneiderte E-Commerce-Plattform für Schmidt AG mit 2.000+ Produkten, Kundenkonto-Bereich, Wunschliste, Produktkonfigurator, Multi-Lager-Verwaltung und Anbindung an Warenwirtschaftssystem.",80,193141,CH,CH,PHP,Neuentwicklung,3,2023,mittel,E-Commerce Platform,0.85,102
"Enterprise-E-Commerce-Plattform für Zimmermann IT mit 50.000+ Produkten, Multi-Mandanten-Fähigkeit, Echtzeit-Bestandssynchronisation, KI-gestützter Produktempfehlung, A/B-Testing-Framework und DACH-Lokalisierung.",184,585696,DE,DE-HH,Java,Neuentwicklung,3,2025,gross,Enterprise E-Commerce,0.72,94
"Flutter-App für Fischer Handel. Kartenintegration via Google Maps, Foto-Upload mit Bildkomprimierung, Echtzeit-Chat via WebSocket, Biometrie-Login, automatische App-Store-Deployment-Pipeline.",142,210528,AT,AT,Mobile,Neuentwicklung,3,2020,mittel,Mobile App mittel,1.0,79
"Cross-Platform-App (iOS & Android) für Koch Industries mit 12 Screens, Nutzerregistrierung, Push-Notifications, Offline-Fähigkeit durch lokale SQLite-Datenbank und REST-API-Anbindung. React Native.",138,209598,DE,DE-HE,Mobile,Neuentwicklung,3,2018,mittel,Mobile App mittel,1.0,77
"Flutter-App für Krause Retail. Kartenintegration via Google Maps, Foto-Upload mit Bildkomprimierung, Echtzeit-Chat via WebSocket, Biometrie-Login, automatische App-Store-Deployment-Pipeline.",109,134063,DE,DE-HH,Mobile,Neuentwicklung,2,2019,mittel,Mobile App mittel,1.0,81
"Migration der Altdaten von Braun Logistics aus Legacy-System (MS Access) in neue PostgreSQL-Datenbank. ETL-Pipeline, Datenbereinigung, Validierungsregeln, Testläufe mit Rollback-Funktion, Dokumentation.",31,53334,DE,DE-NW,Backend,Migration,2,2023,mittel,Datenmigraton,1.0,82
"Business-Intelligence-Tool für Schmidt AG mit automatisierten Tagesberichten, interaktiven Drill-Down-Charts, Anomalie-Erkennung bei KPIs, Slack-Integration für Alerts und Export-Funktion.",65,96710,DE,DE-SN,Python/ML,Neuentwicklung,3,2024,mittel,Reporting & Analytics Tool,0.78,81
"Migration der Altdaten von Wolf Systems aus Legacy-System (MS Access) in neue PostgreSQL-Datenbank. ETL-Pipeline, Datenbereinigung, Validierungsregeln, Testläufe mit Rollback-Funktion, Dokumentation.",83,79823,DE,DE-NW,Backend,Migration,2,2018,mittel,Datenmigraton,1.0,71
"KPI-Dashboard für Meier Manufacturing. Vue.js Frontend, Echtzeit-Daten via WebSocket, 6 Chart-Typen, automatische E-Mail-Reports, Filterung nach Zeitraum und Region.",31,17352,DE,DE-TH,JavaScript,Neuentwicklung,1,2024,klein,Dashboard einfach,0.78,68
"HR-Self-Service-Portal für Wagner Immobilien (150 Mitarbeiter). Vue.js, REST API, Gehaltsabruf-Modul, Weiterbildungskalender, digitale Personalakte, rollenbasierte Zugriffsrechte, DSGVO-konformes Audit-Log.",73,131453,CH,CH,JavaScript,Neuentwicklung,2,2019,mittel,Mitarbeiterportal,1.0,107
"Flutter-App für Wolf Systems. Kartenintegration via Google Maps, Foto-Upload mit Bildkomprimierung, Echtzeit-Chat via WebSocket, Biometrie-Login, automatische App-Store-Deployment-Pipeline.",105,121116,AT,AT,Mobile,Neuentwicklung,2,2019,mittel,Mobile App mittel,1.0,77
"Integration-Layer für Bauer Digital. Apache Kafka, 6 Kafka-Topics, Schema-Registry, Dead-Letter-Queue, automatisches Alerting bei Verarbeitungsfehlern, API-Rate-Limit-Management.",71,108410,DE,DE-BY,Backend,Neuentwicklung,2,2024,mittel,API-Integration Middleware,0.78,93
"Einzel-Landing-Page für Produktlaunch von Lange Finance. A/B-Testing-fähig, mehrsprachig (DE/EN), mit CMS-Anbindung für eigenständige Inhaltspflege. Mobile-first Ansatz.",7,5165,DE,DE-BE,JavaScript,Neuentwicklung,1,2024,klein,Landing Page,0.78,78
"Business-Intelligence-Tool für Weiß Transport mit automatisierten Tagesberichten, interaktiven Drill-Down-Charts, Anomalie-Erkennung bei KPIs, Slack-Integration für Alerts und Export-Funktion.",99,113648,AT,AT,Python/ML,Neuentwicklung,2,2022,mittel,Reporting & Analytics Tool,0.92,88
"Flutter-App für Müller GmbH. Kartenintegration via Google Maps, Foto-Upload mit Bildkomprimierung, Echtzeit-Chat via WebSocket, Biometrie-Login, automatische App-Store-Deployment-Pipeline.",91,126200,DE,DE-HE,Mobile,Neuentwicklung,2,2021,mittel,Mobile App mittel,0.97,85
"WooCommerce-Shop für Richter Tech mit bis zu 200 Produkten, Stripe- und PayPal-Zahlungsanbindung, automatisierter Bestellbestätigung per E-Mail und einfacher Lagerverwaltung.",26,12745,DE,DE-BY,PHP,Neuentwicklung,1,2018,klein,Einfacher Online-Shop,1.0,63
"WooCommerce-Shop für Zimmermann IT mit bis zu 200 Produkten, Stripe- und PayPal-Zahlungsanbindung, automatisierter Bestellbestätigung per E-Mail und einfacher Lagerverwaltung.",35,13869,DE,DE-NW,PHP,Neuentwicklung,1,2020,klein,Einfacher Online-Shop,1.0,60
"Buchungs- und Reservierungsplattform für Schwarz Energie mit Multi-Location-Support, dynamischer Preisgestaltung, Gruppenreservierungen, Stornogebühren-Logik und Anbindung an Zahlungsanbieter.",69,99949,DE,DE-NW,JavaScript,Neuentwicklung,3,2022,mittel,Buchungssystem mittel,0.92,76
"REST API für Müller GmbH mit 8 Endpoints, JWT-Authentifizierung, PostgreSQL-Datenbank, automatischer Swagger-Dokumentation und Docker-Containerisierung für einfaches Deployment.",7,5946,DE,DE-SN,Backend,Neuentwicklung,1,2018,klein,REST API einfach,1.0,61
"Cross-Platform-App (iOS & Android) für Krause Retail mit 12 Screens, Nutzerregistrierung, Push-Notifications, Offline-Fähigkeit durch lokale SQLite-Datenbank und REST-API-Anbindung. React Native.",36,93493,DE,DE-HH,Mobile,Neuentwicklung,2,2026,mittel,Mobile App mittel,0.68,100
"Internes Mitarbeiterportal für Köhler Automotive (80 Nutzer) mit SSO-Anbindung via Azure AD, Urlaubsantrag-Workflow, Dokumentenverwaltung, News-Feed und Organigramm-Darstellung. React Frontend, Node.js Backend, PostgreSQL.",98,127907,DE,DE-SN,JavaScript,Neuentwicklung,3,2020,mittel,Mitarbeiterportal,1.0,62
"Online-Buchungssystem für Schäfer Insurance mit Kalenderansicht, automatischen E-Mail-Erinnerungen, Zahlungsintegration via Stripe und Admin-Backend zur Terminverwaltung. React Frontend, Node.js Backend.",32,18120,AT,AT,JavaScript,Neuentwicklung,1,2022,klein,Buchungssystem klein,0.92,76
"Predictive-Analytics-Plattform für Krüger Education. Nachfrageprognose mit LSTM-Modell (MAPE < 8%), Anomalie-Erkennung im Produktionsprozess, MLflow für Modell-Versionierung, REST API für ERP-Anbindung, monatliches Retraining.",225,625148,CH,CH,Python/ML,Neuentwicklung,3,2018,gross,ML Predictive Analytics,1.0,120
"Responsive Landing Page für Schulz Media mit Kontaktformular, SEO-Optimierung und Google Analytics Integration. Design nach Kundenvorgabe in Figma, Umsetzung mit React und Tailwind CSS.",10,4737,DE,DE-TH,JavaScript,Neuentwicklung,1,2022,klein,Landing Page,0.92,64
"Enterprise-E-Commerce-Plattform für Krüger Education mit 50.000+ Produkten, Multi-Mandanten-Fähigkeit, Echtzeit-Bestandssynchronisation, KI-gestützter Produktempfehlung, A/B-Testing-Framework und DACH-Lokalisierung.",223,561373,DE,DE-TH,Java,Neuentwicklung,5,2021,gross,Enterprise E-Commerce,0.97,66
"Vertriebssteuerungs-CRM für Schulz Media. React, GraphQL API, Angebots-Erstellung mit PDF-Export, Wiedervorlage-System, Outlook-Kalender-Synchronisation, Mobilansicht für Außendienst.",101,97535,DE,DE-SN,JavaScript,Neuentwicklung,2,2025,mittel,CRM-System,0.72,72
"Vollständige Neuentwicklung des Kernbanksystems von Maier Group. Java Spring Boot Microservices, Event Sourcing, CQRS, Migrationsskripte für 2 Mio. Datensätze, Compliance-Anforderungen BaFin.",242,717242,DE,DE-SN,Java,Migration,6,2019,gross,Legacy Migration Enterprise,1.0,64
"Cross-Platform-App (iOS & Android) für Koch Industries mit 12 Screens, Nutzerregistrierung, Push-Notifications, Offline-Fähigkeit durch lokale SQLite-Datenbank und REST-API-Anbindung. React Native.",134,226890,DE,DE-BY,Mobile,Neuentwicklung,3,2019,mittel,Mobile App mittel,1.0,85
"Event-Ticketing-System für Krause Retail. Next.js, Seat-Map-Visualisierung, QR-Code-Ticket-Generierung, Warteliste, Gutscheinverwaltung, automatische Kapazitätssteuerung.",85,88313,AT,AT,JavaScript,Neuentwicklung,2,2020,mittel,Buchungssystem mittel,1.0,72
"Microservice-API für Schulz Media. Python FastAPI, 5 CRUD-Endpoints, Rate-Limiting, API-Key-Verwaltung, automatisierte Tests mit pytest, CI/CD-Pipeline via GitHub Actions.",33,21243,DE,DE-HH,Backend,Neuentwicklung,1,2023,klein,REST API einfach,0.85,86
"Event-Ticketing-System für Meier Manufacturing. Next.js, Seat-Map-Visualisierung, QR-Code-Ticket-Generierung, Warteliste, Gutscheinverwaltung, automatische Kapazitätssteuerung.",50,72056,DE,DE-BY,JavaScript,Neuentwicklung,2,2018,mittel,Buchungssystem mittel,1.0,74
"Management-Dashboard für Frank Legal zur Visualisierung von Verkaufszahlen. React mit Recharts, Datenbankanbindung über bestehende API, Exportfunktion als PDF/Excel, Nutzerrollen-System.",17,22544,CH,CH,JavaScript,Neuentwicklung,1,2018,klein,Dashboard einfach,1.0,104
"Integration-Layer für Müller GmbH. Apache Kafka, 6 Kafka-Topics, Schema-Registry, Dead-Letter-Queue, automatisches Alerting bei Verarbeitungsfehlern, API-Rate-Limit-Management.",69,65439,DE,DE-SN,Backend,Neuentwicklung,2,2025,mittel,API-Integration Middleware,0.72,75
"Analyse-Dashboard für Schwarz Energie mit Python Dash, Anbindung an 3 Datenquellen, Zeitreihenanalyse, Prognose-Modell für nächste 30 Tage, rollenbasierte Sichtbarkeit.",88,105326,DE,DE-SN,Python/ML,Neuentwicklung,2,2023,mittel,Reporting & Analytics Tool,0.85,78
"Weiterentwicklung und Bugfixing der bestehenden PHP-Anwendung von Schmidt AG. Code-Review, Behebung von 15 kritischen Bugs, Performance-Optimierung der Datenbankabfragen, Upgrade auf PHP 8.2.",18,8776,AT,AT,PHP,Weiterentwicklung,1,2020,klein,Legacy Bugfixing & Weiterentwicklung,1.0,60
"Responsive Landing Page für Hartmann Health mit Kontaktformular, SEO-Optimierung und Google Analytics Integration. Design nach Kundenvorgabe in Figma, Umsetzung mit React und Tailwind CSS.",10,10502,CH,CH,JavaScript,Neuentwicklung,1,2023,klein,Landing Page,0.85,120
"Maßgeschneiderte E-Commerce-Plattform für Maier Group mit 2.000+ Produkten, Kundenkonto-Bereich, Wunschliste, Produktkonfigurator, Multi-Lager-Verwaltung und Anbindung an Warenwirtschaftssystem.",73,124646,DE,DE-HE,PHP,Neuentwicklung,3,2024,mittel,E-Commerce Platform,0.78,71
"Digitales Patientenportal für Lange Finance mit KV-Anbindung, HL7 FHIR Schnittstelle, Telematikinfrastruktur-Anbindung, ePA-Integration, DSGVO- und KRITIS-konformes Sicherheitskonzept.",493,1017700,DE,DE-BE,Java,Neuentwicklung,4,2022,gross,Gesundheitswesenportal,0.92,79
"WordPress-Website für Schulz Media mit 8 Unterseiten, Blog-Funktion, mehrsprachigem Plugin (WPML), individuell entwickeltem Child-Theme und Kontaktformular mit DSGVO-konformer Datenspeicherung.",14,13730,CH,CH,PHP,Neuentwicklung,1,2025,klein,WordPress Website,0.72,108
"Event-Ticketing-System für Wagner Immobilien. Next.js, Seat-Map-Visualisierung, QR-Code-Ticket-Generierung, Warteliste, Gutscheinverwaltung, automatische Kapazitätssteuerung.",51,157174,CH,CH,JavaScript,Neuentwicklung,3,2024,mittel,Buchungssystem mittel,0.78,124
"WordPress-Website für Weiß Transport mit 8 Unterseiten, Blog-Funktion, mehrsprachigem Plugin (WPML), individuell entwickeltem Child-Theme und Kontaktformular mit DSGVO-konformer Datenspeicherung.",18,14813,CH,CH,PHP,Neuentwicklung,1,2021,klein,WordPress Website,0.97,96
"WooCommerce-Shop für Fischer Handel mit bis zu 200 Produkten, Stripe- und PayPal-Zahlungsanbindung, automatisierter Bestellbestätigung per E-Mail und einfacher Lagerverwaltung.",54,20808,DE,DE-SN,PHP,Neuentwicklung,1,2022,klein,Einfacher Online-Shop,0.92,55
"Ablösung des Legacy-Systems von Becker Pharma (15 Jahre alt, COBOL/Oracle). Strangler-Fig-Muster, schrittweise Migration von 40 Modulen, paralleler Betrieb beider Systeme für 6 Monate, Zero-Downtime-Cutover.",556,799774,DE,DE-TH,Java,Migration,3,2022,gross,Legacy Migration Enterprise,1.0,69
"WooCommerce-Shop für Klein Software mit bis zu 200 Produkten, Stripe- und PayPal-Zahlungsanbindung, automatisierter Bestellbestätigung per E-Mail und einfacher Lagerverwaltung.",26,13936,DE,DE-TH,PHP,Neuentwicklung,1,2020,klein,Einfacher Online-Shop,1.0,51
"Event-Ticketing-System für Schmidt AG. Next.js, Seat-Map-Visualisierung, QR-Code-Ticket-Generierung, Warteliste, Gutscheinverwaltung, automatische Kapazitätssteuerung.",48,103712,AT,AT,JavaScript,Neuentwicklung,3,2024,mittel,Buchungssystem mittel,0.78,81
"Online-Buchungssystem für Schmidt AG mit Kalenderansicht, automatischen E-Mail-Erinnerungen, Zahlungsintegration via Stripe und Admin-Backend zur Terminverwaltung. React Frontend, Node.js Backend.",55,28129,AT,AT,JavaScript,Neuentwicklung,1,2021,klein,Buchungssystem klein,0.97,74
"Buchungs- und Reservierungsplattform für Braun Logistics mit Multi-Location-Support, dynamischer Preisgestaltung, Gruppenreservierungen, Stornogebühren-Logik und Anbindung an Zahlungsanbieter.",67,111551,CH,CH,JavaScript,Neuentwicklung,2,2019,mittel,Buchungssystem mittel,1.0,107
"Datenmigration für Hoffmann Solutions von Oracle 11g auf PostgreSQL 15. Schema-Mapping, Stored-Procedure-Umschreibung, Performance-Tests, Zero-Downtime-Migration mit Dual-Write-Ansatz.",61,104140,CH,CH,Backend,Migration,2,2020,mittel,Datenmigraton,1.0,115
"Wartung und Erweiterung des bestehenden WordPress-Systems von Schwarz Energie. Plugin-Updates, Sicherheits-Audit, neue Such- und Filterfunktionen, Optimierung der Ladezeiten auf unter 2 Sekunden.",20,19041,CH,CH,PHP,Weiterentwicklung,1,2024,klein,Legacy Bugfixing & Weiterentwicklung,0.78,105
"Responsive Landing Page für Schulz Media mit Kontaktformular, SEO-Optimierung und Google Analytics Integration. Design nach Kundenvorgabe in Figma, Umsetzung mit React und Tailwind CSS.",6,4103,DE,DE-SN,JavaScript,Neuentwicklung,1,2025,klein,Landing Page,0.72,72
"Management-Dashboard für Hoffmann Solutions zur Visualisierung von Verkaufszahlen. React mit Recharts, Datenbankanbindung über bestehende API, Exportfunktion als PDF/Excel, Nutzerrollen-System.",29,18444,DE,DE-SN,JavaScript,Neuentwicklung,1,2025,klein,Dashboard einfach,0.72,72
"Churn-Prediction-System für Hartmann Health. Feature Engineering auf 50+ Variablen, XGBoost-Ensemble, SHAP-Erklärbarkeit, automatische Handlungsempfehlungen, A/B-Test-Framework zur Validierung.",265,639144,DE,DE-NW,Python/ML,Neuentwicklung,5,2018,gross,ML Predictive Analytics,1.0,78
"Wartung und Erweiterung des bestehenden WordPress-Systems von Koch Industries. Plugin-Updates, Sicherheits-Audit, neue Such- und Filterfunktionen, Optimierung der Ladezeiten auf unter 2 Sekunden.",32,17962,DE,DE-BY,PHP,Weiterentwicklung,1,2022,klein,Legacy Bugfixing & Weiterentwicklung,0.92,71
"Unternehmenswebsite für Neumann Services auf WordPress-Basis. Custom-Theme-Entwicklung, WooCommerce-Integration für digitale Downloads, SEO-Plugin-Konfiguration, Hosting-Setup.",24,12067,DE,DE-HH,PHP,Neuentwicklung,1,2023,klein,WordPress Website,0.85,70
"Ablösung des Legacy-Systems von Meier Manufacturing (15 Jahre alt, COBOL/Oracle). Strangler-Fig-Muster, schrittweise Migration von 40 Modulen, paralleler Betrieb beider Systeme für 6 Monate, Zero-Downtime-Cutover.",330,1564934,CH,CH,Java,Migration,4,2023,gross,Legacy Migration Enterprise,1.0,129
"SAP S/4HANA-Anbindung für Weiß Transport. Fiori-ähnliches Portal, RFC-Schnittstellen für MM/PP/FI, Custom ABAP-Entwicklung, Echtzeit-Datensynchronisation, Rollout auf 3 Werke.",268,1121726,DE,DE-HE,SAP,Neuentwicklung,6,2020,gross,SAP-Integration Portal,1.0,109
"Terminbuchungsportal für Köhler Automotive (bis 5 Mitarbeiter). Kundenlogin, Verfügbarkeitsprüfung in Echtzeit, iCal-Export, SMS-Erinnerungen via Twilio, DSGVO-konformes Datenschutz-Setup.",50,34545,DE,DE-HH,JavaScript,Neuentwicklung,1,2024,klein,Buchungssystem klein,0.78,85
"Internes Mitarbeiterportal für Wagner Immobilien (80 Nutzer) mit SSO-Anbindung via Azure AD, Urlaubsantrag-Workflow, Dokumentenverwaltung, News-Feed und Organigramm-Darstellung. React Frontend, Node.js Backend, PostgreSQL.",69,143637,DE,DE-HE,JavaScript,Neuentwicklung,3,2025,mittel,Mitarbeiterportal,0.72,86
"SAP S/4HANA-Anbindung für Müller GmbH. Fiori-ähnliches Portal, RFC-Schnittstellen für MM/PP/FI, Custom ABAP-Entwicklung, Echtzeit-Datensynchronisation, Rollout auf 3 Werke.",153,474305,DE,DE-TH,SAP,Neuentwicklung,5,2020,gross,SAP-Integration Portal,1.0,88
"Unternehmenswebsite für Koch Industries auf WordPress-Basis. Custom-Theme-Entwicklung, WooCommerce-Integration für digitale Downloads, SEO-Plugin-Konfiguration, Hosting-Setup.",13,7748,DE,DE-BW,PHP,Neuentwicklung,1,2022,klein,WordPress Website,0.92,69
"Digitales Patientenportal für Frank Legal mit KV-Anbindung, HL7 FHIR Schnittstelle, Telematikinfrastruktur-Anbindung, ePA-Integration, DSGVO- und KRITIS-konformes Sicherheitskonzept.",290,1083543,CH,CH,Java,Neuentwicklung,3,2026,gross,Gesundheitswesenportal,0.68,142
"Flutter-App für Schwarz Energie. Kartenintegration via Google Maps, Foto-Upload mit Bildkomprimierung, Echtzeit-Chat via WebSocket, Biometrie-Login, automatische App-Store-Deployment-Pipeline.",155,257984,AT,AT,Mobile,Neuentwicklung,3,2023,mittel,Mobile App mittel,0.85,87
"Analyse-Dashboard für Zimmermann IT mit Python Dash, Anbindung an 3 Datenquellen, Zeitreihenanalyse, Prognose-Modell für nächste 30 Tage, rollenbasierte Sichtbarkeit.",59,118456,DE,DE-BW,Python/ML,Neuentwicklung,3,2021,mittel,Reporting & Analytics Tool,0.97,91
"Ablösung des Legacy-Systems von Müller GmbH (15 Jahre alt, COBOL/Oracle). Strangler-Fig-Muster, schrittweise Migration von 40 Modulen, paralleler Betrieb beider Systeme für 6 Monate, Zero-Downtime-Cutover.",420,922024,DE,DE-HH,Java,Migration,3,2023,gross,Legacy Migration Enterprise,1.0,89
"Enterprise-E-Commerce-Plattform für Schwarz Energie mit 50.000+ Produkten, Multi-Mandanten-Fähigkeit, Echtzeit-Bestandssynchronisation, KI-gestützter Produktempfehlung, A/B-Testing-Framework und DACH-Lokalisierung.",243,601851,DE,DE-SN,Java,Neuentwicklung,5,2022,gross,Enterprise E-Commerce,0.92,71
"Analyse-Dashboard für Becker & Partner mit Python Dash, Anbindung an 3 Datenquellen, Zeitreihenanalyse, Prognose-Modell für nächste 30 Tage, rollenbasierte Sichtbarkeit.",54,114941,DE,DE-HE,Python/ML,Neuentwicklung,3,2024,mittel,Reporting & Analytics Tool,0.78,97
"Business-Intelligence-Tool für Köhler Automotive mit automatisierten Tagesberichten, interaktiven Drill-Down-Charts, Anomalie-Erkennung bei KPIs, Slack-Integration für Alerts und Export-Funktion.",85,118712,DE,DE-NW,Python/ML,Neuentwicklung,2,2023,mittel,Reporting & Analytics Tool,0.85,91
"Unternehmenswebsite für Bauer Digital auf WordPress-Basis. Custom-Theme-Entwicklung, WooCommerce-Integration für digitale Downloads, SEO-Plugin-Konfiguration, Hosting-Setup.",5,7064,CH,CH,PHP,Neuentwicklung,1,2020,klein,WordPress Website,1.0,92
"HR-Self-Service-Portal für Köhler Automotive (150 Mitarbeiter). Vue.js, REST API, Gehaltsabruf-Modul, Weiterbildungskalender, digitale Personalakte, rollenbasierte Zugriffsrechte, DSGVO-konformes Audit-Log.",99,124217,AT,AT,JavaScript,Neuentwicklung,3,2019,mittel,Mitarbeiterportal,1.0,70
"Flutter-App für Meier Manufacturing. Kartenintegration via Google Maps, Foto-Upload mit Bildkomprimierung, Echtzeit-Chat via WebSocket, Biometrie-Login, automatische App-Store-Deployment-Pipeline.",101,255608,CH,CH,Mobile,Neuentwicklung,3,2021,mittel,Mobile App mittel,0.97,126
"Vertriebssteuerungs-CRM für Lange Finance. React, GraphQL API, Angebots-Erstellung mit PDF-Export, Wiedervorlage-System, Outlook-Kalender-Synchronisation, Mobilansicht für Außendienst.",61,71810,DE,DE-NW,JavaScript,Neuentwicklung,2,2022,mittel,CRM-System,0.92,76
"HR-Self-Service-Portal für Neumann Services (150 Mitarbeiter). Vue.js, REST API, Gehaltsabruf-Modul, Weiterbildungskalender, digitale Personalakte, rollenbasierte Zugriffsrechte, DSGVO-konformes Audit-Log.",92,139125,AT,AT,JavaScript,Neuentwicklung,2,2022,mittel,Mitarbeiterportal,0.92,76
"KPI-Dashboard für Fischer Handel. Vue.js Frontend, Echtzeit-Daten via WebSocket, 6 Chart-Typen, automatische E-Mail-Reports, Filterung nach Zeitraum und Region.",21,9813,DE,DE-TH,JavaScript,Neuentwicklung,1,2024,klein,Dashboard einfach,0.78,68
"Einzel-Landing-Page für Produktlaunch von Becker & Partner. A/B-Testing-fähig, mehrsprachig (DE/EN), mit CMS-Anbindung für eigenständige Inhaltspflege. Mobile-first Ansatz.",14,7165,DE,DE-SN,JavaScript,Neuentwicklung,1,2019,klein,Landing Page,1.0,60
"Enterprise-E-Commerce-Plattform für Klein Software mit 50.000+ Produkten, Multi-Mandanten-Fähigkeit, Echtzeit-Bestandssynchronisation, KI-gestützter Produktempfehlung, A/B-Testing-Framework und DACH-Lokalisierung.",273,803675,DE,DE-BE,Java,Neuentwicklung,4,2024,gross,Enterprise E-Commerce,0.78,84
"REST API für Bauer Digital mit 8 Endpoints, JWT-Authentifizierung, PostgreSQL-Datenbank, automatischer Swagger-Dokumentation und Docker-Containerisierung für einfaches Deployment.",14,10849,DE,DE-BY,Backend,Neuentwicklung,1,2024,klein,REST API einfach,0.78,93
"Responsive Landing Page für Frank Legal mit Kontaktformular, SEO-Optimierung und Google Analytics Integration. Design nach Kundenvorgabe in Figma, Umsetzung mit React und Tailwind CSS.",7,3560,AT,AT,JavaScript,Neuentwicklung,1,2018,klein,Landing Page,1.0,68
"Middleware-Lösung für Krüger Education zur Anbindung von 4 Drittsystemen (CRM, ERP, Shop, Versand). Message-Queue via RabbitMQ, Retry-Logik, Monitoring-Dashboard, detailliertes Fehler-Logging.",98,122440,AT,AT,Backend,Neuentwicklung,3,2020,mittel,API-Integration Middleware,1.0,75
"Business-Intelligence-Tool für Lange Finance mit automatisierten Tagesberichten, interaktiven Drill-Down-Charts, Anomalie-Erkennung bei KPIs, Slack-Integration für Alerts und Export-Funktion.",98,116101,DE,DE-BY,Python/ML,Neuentwicklung,2,2020,mittel,Reporting & Analytics Tool,1.0,92
"Responsive Landing Page für Becker Pharma mit Kontaktformular, SEO-Optimierung und Google Analytics Integration. Design nach Kundenvorgabe in Figma, Umsetzung mit React und Tailwind CSS.",6,7129,CH,CH,JavaScript,Neuentwicklung,1,2023,klein,Landing Page,0.85,120
"REST API für Köhler Automotive mit 8 Endpoints, JWT-Authentifizierung, PostgreSQL-Datenbank, automatischer Swagger-Dokumentation und Docker-Containerisierung für einfaches Deployment.",20,14266,DE,DE-HH,Backend,Neuentwicklung,1,2022,klein,REST API einfach,0.92,84
"Churn-Prediction-System für Becker Pharma. Feature Engineering auf 50+ Variablen, XGBoost-Ensemble, SHAP-Erklärbarkeit, automatische Handlungsempfehlungen, A/B-Test-Framework zur Validierung.",165,827105,CH,CH,Python/ML,Neuentwicklung,5,2024,gross,ML Predictive Analytics,0.78,144
"Migration der Altdaten von Braun Logistics aus Legacy-System (MS Access) in neue PostgreSQL-Datenbank. ETL-Pipeline, Datenbereinigung, Validierungsregeln, Testläufe mit Rollback-Funktion, Dokumentation.",99,166284,DE,DE-BW,Backend,Migration,3,2026,mittel,Datenmigraton,1.0,96
"Predictive-Analytics-Plattform für Lange Finance. Nachfrageprognose mit LSTM-Modell (MAPE < 8%), Anomalie-Erkennung im Produktionsprozess, MLflow für Modell-Versionierung, REST API für ERP-Anbindung, monatliches Retraining.",99,376863,DE,DE-SN,Python/ML,Neuentwicklung,6,2024,gross,ML Predictive Analytics,0.78,81
"REST API für Schäfer Insurance mit 8 Endpoints, JWT-Authentifizierung, PostgreSQL-Datenbank, automatischer Swagger-Dokumentation und Docker-Containerisierung für einfaches Deployment.",30,28163,CH,CH,Backend,Neuentwicklung,1,2023,klein,REST API einfach,0.85,126
"HR-Self-Service-Portal für Weiß Transport (150 Mitarbeiter). Vue.js, REST API, Gehaltsabruf-Modul, Weiterbildungskalender, digitale Personalakte, rollenbasierte Zugriffsrechte, DSGVO-konformes Audit-Log.",114,162087,DE,DE-TH,JavaScript,Neuentwicklung,3,2022,mittel,Mitarbeiterportal,0.92,64
"KPI-Dashboard für Klein Software. Vue.js Frontend, Echtzeit-Daten via WebSocket, 6 Chart-Typen, automatische E-Mail-Reports, Filterung nach Zeitraum und Region.",38,19753,DE,DE-TH,JavaScript,Neuentwicklung,1,2023,klein,Dashboard einfach,0.85,66
"Predictive-Analytics-Plattform für Weiß Transport. Nachfrageprognose mit LSTM-Modell (MAPE < 8%), Anomalie-Erkennung im Produktionsprozess, MLflow für Modell-Versionierung, REST API für ERP-Anbindung, monatliches Retraining.",173,392478,DE,DE-TH,Python/ML,Neuentwicklung,4,2022,gross,ML Predictive Analytics,0.92,73
"HR-Self-Service-Portal für Bauer Digital (150 Mitarbeiter). Vue.js, REST API, Gehaltsabruf-Modul, Weiterbildungskalender, digitale Personalakte, rollenbasierte Zugriffsrechte, DSGVO-konformes Audit-Log.",86,104317,DE,DE-NW,JavaScript,Neuentwicklung,2,2022,mittel,Mitarbeiterportal,0.92,76
"SAP S/4HANA-Anbindung für Schulz Media. Fiori-ähnliches Portal, RFC-Schnittstellen für MM/PP/FI, Custom ABAP-Entwicklung, Echtzeit-Datensynchronisation, Rollout auf 3 Werke.",117,479910,DE,DE-NW,SAP,Neuentwicklung,5,2026,gross,SAP-Integration Portal,0.68,126
"Shopify-Onlineshop für Bauer Digital. Custom-Theme, bis zu 500 Produkte, Anbindung an DHL-Versandschnittstelle, Gutscheinsystem, Produktbewertungen und Newsletter-Integration.",40,18692,AT,AT,PHP,Neuentwicklung,1,2018,klein,Einfacher Online-Shop,1.0,57
"Digitalisierungsplattform für Klein Software. ASP.NET Core, Blazor WebAssembly Frontend, Azure Service Bus, 15 Microservices, DevOps-Pipeline mit automatisierten Tests, ITIL-konformes Change Management.",209,877085,AT,AT,.NET,Neuentwicklung,7,2023,gross,.NET Enterprise Platform,0.85,82
"Flutter-App für Maier Group. Kartenintegration via Google Maps, Foto-Upload mit Bildkomprimierung, Echtzeit-Chat via WebSocket, Biometrie-Login, automatische App-Store-Deployment-Pipeline.",132,232825,CH,CH,Mobile,Neuentwicklung,2,2023,mittel,Mobile App mittel,0.85,132
"Responsive Landing Page für Köhler Automotive mit Kontaktformular, SEO-Optimierung und Google Analytics Integration. Design nach Kundenvorgabe in Figma, Umsetzung mit React und Tailwind CSS.",8,4776,DE,DE-BW,JavaScript,Neuentwicklung,1,2024,klein,Landing Page,0.78,87
"Datenmigration für Müller GmbH von Oracle 11g auf PostgreSQL 15. Schema-Mapping, Stored-Procedure-Umschreibung, Performance-Tests, Zero-Downtime-Migration mit Dual-Write-Ansatz.",59,92389,DE,DE-SN,Backend,Migration,3,2024,mittel,Datenmigraton,1.0,72
"Unternehmenswebsite für Schmidt AG auf WordPress-Basis. Custom-Theme-Entwicklung, WooCommerce-Integration für digitale Downloads, SEO-Plugin-Konfiguration, Hosting-Setup.",10,6750,DE,DE-SN,PHP,Neuentwicklung,1,2022,klein,WordPress Website,0.92,55
"Maßgeschneiderte E-Commerce-Plattform für Krüger Education mit 2.000+ Produkten, Kundenkonto-Bereich, Wunschliste, Produktkonfigurator, Multi-Lager-Verwaltung und Anbindung an Warenwirtschaftssystem.",71,115770,DE,DE-TH,PHP,Neuentwicklung,3,2026,mittel,E-Commerce Platform,0.68,61
"REST API für Koch Industries mit 8 Endpoints, JWT-Authentifizierung, PostgreSQL-Datenbank, automatischer Swagger-Dokumentation und Docker-Containerisierung für einfaches Deployment.",19,18925,CH,CH,Backend,Neuentwicklung,1,2026,klein,REST API einfach,0.68,137
"WooCommerce-Shop für Wolf Systems mit bis zu 200 Produkten, Stripe- und PayPal-Zahlungsanbindung, automatisierter Bestellbestätigung per E-Mail und einfacher Lagerverwaltung.",17,14535,CH,CH,PHP,Neuentwicklung,1,2021,klein,Einfacher Online-Shop,0.97,96
"Middleware-Lösung für Krause Retail zur Anbindung von 4 Drittsystemen (CRM, ERP, Shop, Versand). Message-Queue via RabbitMQ, Retry-Logik, Monitoring-Dashboard, detailliertes Fehler-Logging.",40,97695,AT,AT,Backend,Neuentwicklung,3,2024,mittel,API-Integration Middleware,0.78,85
"WordPress-Website für Schmidt AG mit 8 Unterseiten, Blog-Funktion, mehrsprachigem Plugin (WPML), individuell entwickeltem Child-Theme und Kontaktformular mit DSGVO-konformer Datenspeicherung.",19,10043,DE,DE-BE,PHP,Neuentwicklung,1,2022,klein,WordPress Website,0.92,62
"Einzel-Landing-Page für Produktlaunch von Koch Industries. A/B-Testing-fähig, mehrsprachig (DE/EN), mit CMS-Anbindung für eigenständige Inhaltspflege. Mobile-first Ansatz.",11,7299,DE,DE-BE,JavaScript,Neuentwicklung,1,2025,klein,Landing Page,0.72,80
"Digitalisierungsplattform für Hoffmann Solutions. ASP.NET Core, Blazor WebAssembly Frontend, Azure Service Bus, 15 Microservices, DevOps-Pipeline mit automatisierten Tests, ITIL-konformes Change Management.",136,376181,DE,DE-TH,.NET,Neuentwicklung,4,2025,gross,.NET Enterprise Platform,0.72,73
"Vertriebssteuerungs-CRM für Schmidt AG. React, GraphQL API, Angebots-Erstellung mit PDF-Export, Wiedervorlage-System, Outlook-Kalender-Synchronisation, Mobilansicht für Außendienst.",66,71774,DE,DE-HH,JavaScript,Neuentwicklung,2,2018,mittel,CRM-System,1.0,71
"Digitales Patientenportal für Schäfer Insurance mit KV-Anbindung, HL7 FHIR Schnittstelle, Telematikinfrastruktur-Anbindung, ePA-Integration, DSGVO- und KRITIS-konformes Sicherheitskonzept.",128,788743,AT,AT,Java,Neuentwicklung,6,2025,gross,Gesundheitswesenportal,0.72,90
"WooCommerce-Shop für Neumann Services mit bis zu 200 Produkten, Stripe- und PayPal-Zahlungsanbindung, automatisierter Bestellbestätigung per E-Mail und einfacher Lagerverwaltung.",16,10674,DE,DE-NW,PHP,Neuentwicklung,1,2026,klein,Einfacher Online-Shop,0.68,73
"Weiterentwicklung und Bugfixing der bestehenden PHP-Anwendung von Müller GmbH. Code-Review, Behebung von 15 kritischen Bugs, Performance-Optimierung der Datenbankabfragen, Upgrade auf PHP 8.2.",19,8795,DE,DE-BE,PHP,Weiterentwicklung,1,2021,klein,Legacy Bugfixing & Weiterentwicklung,0.97,60
"Predictive-Analytics-Plattform für Hoffmann Solutions. Nachfrageprognose mit LSTM-Modell (MAPE < 8%), Anomalie-Erkennung im Produktionsprozess, MLflow für Modell-Versionierung, REST API für ERP-Anbindung, monatliches Retraining.",239,908113,DE,DE-HH,Python/ML,Neuentwicklung,7,2020,gross,ML Predictive Analytics,1.0,88
"Krankenhausinformationssystem-Modul für Schwarz Energie. HL7-Messaging, DICOM-Viewer-Integration, Medikationsplan-Modul nach BMP-Standard, IHE-XDS-Dokumentenmanagement, BSI-Grundschutz.",198,900318,DE,DE-HH,Java,Neuentwicklung,5,2022,gross,Gesundheitswesenportal,0.92,86
"WordPress-Website für Wolf Systems mit 8 Unterseiten, Blog-Funktion, mehrsprachigem Plugin (WPML), individuell entwickeltem Child-Theme und Kontaktformular mit DSGVO-konformer Datenspeicherung.",17,7977,DE,DE-TH,PHP,Neuentwicklung,1,2026,klein,WordPress Website,0.68,61
"Wartung und Erweiterung des bestehenden WordPress-Systems von Fischer Handel. Plugin-Updates, Sicherheits-Audit, neue Such- und Filterfunktionen, Optimierung der Ladezeiten auf unter 2 Sekunden.",15,10972,DE,DE-BY,PHP,Weiterentwicklung,1,2024,klein,Legacy Bugfixing & Weiterentwicklung,0.78,75
"Responsive Landing Page für Braun Logistics mit Kontaktformular, SEO-Optimierung und Google Analytics Integration. Design nach Kundenvorgabe in Figma, Umsetzung mit React und Tailwind CSS.",5,7962,CH,CH,JavaScript,Neuentwicklung,1,2026,klein,Landing Page,0.68,131
"B2B-Handelsplattform für Braun Logistics. Microservices-Architektur (12 Services), Kubernetes-Deployment, Punchout-Katalog für EDI-Anbindung, dynamische Preislogik, Self-Service-Kundenportal.",349,1015128,DE,DE-BW,Java,Neuentwicklung,5,2019,gross,Enterprise E-Commerce,1.0,80
"HR-Self-Service-Portal für Müller GmbH (150 Mitarbeiter). Vue.js, REST API, Gehaltsabruf-Modul, Weiterbildungskalender, digitale Personalakte, rollenbasierte Zugriffsrechte, DSGVO-konformes Audit-Log.",105,135340,DE,DE-SN,JavaScript,Neuentwicklung,3,2019,mittel,Mitarbeiterportal,1.0,60
"SAP S/4HANA-Anbindung für Koch Industries. Fiori-ähnliches Portal, RFC-Schnittstellen für MM/PP/FI, Custom ABAP-Entwicklung, Echtzeit-Datensynchronisation, Rollout auf 3 Werke.",295,2094731,CH,CH,SAP,Neuentwicklung,7,2021,gross,SAP-Integration Portal,0.97,166
"WordPress-Website für Lange Finance mit 8 Unterseiten, Blog-Funktion, mehrsprachigem Plugin (WPML), individuell entwickeltem Child-Theme und Kontaktformular mit DSGVO-konformer Datenspeicherung.",21,9457,DE,DE-SN,PHP,Neuentwicklung,1,2023,klein,WordPress Website,0.85,57
"Enterprise-E-Commerce-Plattform für Schulz Media mit 50.000+ Produkten, Multi-Mandanten-Fähigkeit, Echtzeit-Bestandssynchronisation, KI-gestützter Produktempfehlung, A/B-Testing-Framework und DACH-Lokalisierung.",290,553641,DE,DE-HH,Java,Neuentwicklung,3,2022,gross,Enterprise E-Commerce,0.92,86
"Vertriebssteuerungs-CRM für Becker & Partner. React, GraphQL API, Angebots-Erstellung mit PDF-Export, Wiedervorlage-System, Outlook-Kalender-Synchronisation, Mobilansicht für Außendienst.",84,168961,CH,CH,JavaScript,Neuentwicklung,2,2026,mittel,CRM-System,0.68,131
"Weiterentwicklung und Bugfixing der bestehenden PHP-Anwendung von Bauer Digital. Code-Review, Behebung von 15 kritischen Bugs, Performance-Optimierung der Datenbankabfragen, Upgrade auf PHP 8.2.",27,12338,DE,DE-HH,PHP,Weiterentwicklung,1,2019,klein,Legacy Bugfixing & Weiterentwicklung,1.0,62
"Middleware-Lösung für Klein Software zur Anbindung von 4 Drittsystemen (CRM, ERP, Shop, Versand). Message-Queue via RabbitMQ, Retry-Logik, Monitoring-Dashboard, detailliertes Fehler-Logging.",78,97561,DE,DE-TH,Backend,Neuentwicklung,3,2019,mittel,API-Integration Middleware,1.0,61
"Migration der Altdaten von Braun Logistics aus Legacy-System (MS Access) in neue PostgreSQL-Datenbank. ETL-Pipeline, Datenbereinigung, Validierungsregeln, Testläufe mit Rollback-Funktion, Dokumentation.",47,69220,DE,DE-TH,Backend,Migration,3,2024,mittel,Datenmigraton,1.0,71
"Unternehmensportal für Fischer Handel (800 Mitarbeiter) mit bidirektionaler SAP HR-Schnittstelle, SSO via Azure AD, Urlaubsmanagement, Zeiterfassung, Gehaltsabruf und Weiterbildungsmodul. React Frontend, Java Spring Boot Backend.",270,877443,DE,DE-BY,SAP,Neuentwicklung,5,2018,gross,SAP-Integration Portal,1.0,109
"Microservice-API für Zimmermann IT. Python FastAPI, 5 CRUD-Endpoints, Rate-Limiting, API-Key-Verwaltung, automatisierte Tests mit pytest, CI/CD-Pipeline via GitHub Actions.",29,16235,AT,AT,Backend,Neuentwicklung,1,2020,klein,REST API einfach,1.0,75
"Unternehmenswebsite für Schäfer Insurance auf WordPress-Basis. Custom-Theme-Entwicklung, WooCommerce-Integration für digitale Downloads, SEO-Plugin-Konfiguration, Hosting-Setup.",8,5539,DE,DE-HE,PHP,Neuentwicklung,1,2024,klein,WordPress Website,0.78,71
"Integration-Layer für Hoffmann Solutions. Apache Kafka, 6 Kafka-Topics, Schema-Registry, Dead-Letter-Queue, automatisches Alerting bei Verarbeitungsfehlern, API-Rate-Limit-Management.",59,106162,DE,DE-BY,Backend,Neuentwicklung,3,2019,mittel,API-Integration Middleware,1.0,80
"Buchungs- und Reservierungsplattform für Lange Finance mit Multi-Location-Support, dynamischer Preisgestaltung, Gruppenreservierungen, Stornogebühren-Logik und Anbindung an Zahlungsanbieter.",65,84597,AT,AT,JavaScript,Neuentwicklung,2,2022,mittel,Buchungssystem mittel,0.92,76
"Migration der Altdaten von Krause Retail aus Legacy-System (MS Access) in neue PostgreSQL-Datenbank. ETL-Pipeline, Datenbereinigung, Validierungsregeln, Testläufe mit Rollback-Funktion, Dokumentation.",84,84993,DE,DE-BW,Backend,Migration,2,2020,mittel,Datenmigraton,1.0,80
"Cross-Platform-App (iOS & Android) für Becker & Partner mit 12 Screens, Nutzerregistrierung, Push-Notifications, Offline-Fähigkeit durch lokale SQLite-Datenbank und REST-API-Anbindung. React Native.",64,116521,DE,DE-BY,Mobile,Neuentwicklung,3,2022,mittel,Mobile App mittel,0.92,93
"Shopify-Onlineshop für Richter Tech. Custom-Theme, bis zu 500 Produkte, Anbindung an DHL-Versandschnittstelle, Gutscheinsystem, Produktbewertungen und Newsletter-Integration.",11,11298,CH,CH,PHP,Neuentwicklung,1,2021,klein,Einfacher Online-Shop,0.97,96
"Unternehmenswebsite für Müller GmbH auf WordPress-Basis. Custom-Theme-Entwicklung, WooCommerce-Integration für digitale Downloads, SEO-Plugin-Konfiguration, Hosting-Setup.",7,6094,DE,DE-BY,PHP,Neuentwicklung,1,2024,klein,WordPress Website,0.78,75
"Shopify-Onlineshop für Köhler Automotive. Custom-Theme, bis zu 500 Produkte, Anbindung an DHL-Versandschnittstelle, Gutscheinsystem, Produktbewertungen und Newsletter-Integration.",35,19000,AT,AT,PHP,Neuentwicklung,1,2023,klein,Einfacher Online-Shop,0.85,67
"Maßgeschneidertes CRM für Richter Tech mit Kontaktverwaltung, Pipeline-Tracking, E-Mail-Integration via IMAP/SMTP, Aktivitäten-Log, Reporting-Dashboard und CSV-Import für Bestandsdaten.",58,105451,AT,AT,JavaScript,Neuentwicklung,3,2025,mittel,CRM-System,0.72,84
"KPI-Dashboard für Becker Pharma. Vue.js Frontend, Echtzeit-Daten via WebSocket, 6 Chart-Typen, automatische E-Mail-Reports, Filterung nach Zeitraum und Region.",21,16489,DE,DE-HE,JavaScript,Neuentwicklung,1,2024,klein,Dashboard einfach,0.78,84
"Responsive Landing Page für Fischer Handel mit Kontaktformular, SEO-Optimierung und Google Analytics Integration. Design nach Kundenvorgabe in Figma, Umsetzung mit React und Tailwind CSS.",5,5535,DE,DE-BW,JavaScript,Neuentwicklung,1,2024,klein,Landing Page,0.78,87
"HR-Self-Service-Portal für Wagner Immobilien (150 Mitarbeiter). Vue.js, REST API, Gehaltsabruf-Modul, Weiterbildungskalender, digitale Personalakte, rollenbasierte Zugriffsrechte, DSGVO-konformes Audit-Log.",52,95435,DE,DE-BW,JavaScript,Neuentwicklung,2,2026,mittel,Mitarbeiterportal,0.68,91
"Vertriebssteuerungs-CRM für Neumann Services. React, GraphQL API, Angebots-Erstellung mit PDF-Export, Wiedervorlage-System, Outlook-Kalender-Synchronisation, Mobilansicht für Außendienst.",65,93971,DE,DE-BW,JavaScript,Neuentwicklung,2,2026,mittel,CRM-System,0.68,91
"Integration-Layer für Klein Software. Apache Kafka, 6 Kafka-Topics, Schema-Registry, Dead-Letter-Queue, automatisches Alerting bei Verarbeitungsfehlern, API-Rate-Limit-Management.",79,234509,CH,CH,Backend,Neuentwicklung,3,2024,mittel,API-Integration Middleware,0.78,129
"Wartung und Erweiterung des bestehenden WordPress-Systems von Wagner Immobilien. Plugin-Updates, Sicherheits-Audit, neue Such- und Filterfunktionen, Optimierung der Ladezeiten auf unter 2 Sekunden.",29,21351,CH,CH,PHP,Weiterentwicklung,1,2019,klein,Legacy Bugfixing & Weiterentwicklung,1.0,91
"Unternehmensportal für Becker & Partner (800 Mitarbeiter) mit bidirektionaler SAP HR-Schnittstelle, SSO via Azure AD, Urlaubsmanagement, Zeiterfassung, Gehaltsabruf und Weiterbildungsmodul. React Frontend, Java Spring Boot Backend.",187,1025320,CH,CH,SAP,Neuentwicklung,5,2024,gross,SAP-Integration Portal,0.78,180
"Event-Ticketing-System für Krüger Education. Next.js, Seat-Map-Visualisierung, QR-Code-Ticket-Generierung, Warteliste, Gutscheinverwaltung, automatische Kapazitätssteuerung.",103,95640,DE,DE-SN,JavaScript,Neuentwicklung,2,2023,mittel,Buchungssystem mittel,0.85,67
"SAP S/4HANA-Anbindung für Schäfer Insurance. Fiori-ähnliches Portal, RFC-Schnittstellen für MM/PP/FI, Custom ABAP-Entwicklung, Echtzeit-Datensynchronisation, Rollout auf 3 Werke.",265,789981,CH,CH,SAP,Neuentwicklung,3,2018,gross,SAP-Integration Portal,1.0,152
"Analyse-Dashboard für Weber Consulting mit Python Dash, Anbindung an 3 Datenquellen, Zeitreihenanalyse, Prognose-Modell für nächste 30 Tage, rollenbasierte Sichtbarkeit.",44,112493,CH,CH,Python/ML,Neuentwicklung,2,2025,mittel,Reporting & Analytics Tool,0.72,147
"Internes Mitarbeiterportal für Müller GmbH (80 Nutzer) mit SSO-Anbindung via Azure AD, Urlaubsantrag-Workflow, Dokumentenverwaltung, News-Feed und Organigramm-Darstellung. React Frontend, Node.js Backend, PostgreSQL.",98,97659,DE,DE-SN,JavaScript,Neuentwicklung,2,2019,mittel,Mitarbeiterportal,1.0,60
"Buchungs- und Reservierungsplattform für Hartmann Health mit Multi-Location-Support, dynamischer Preisgestaltung, Gruppenreservierungen, Stornogebühren-Logik und Anbindung an Zahlungsanbieter.",66,83723,DE,DE-BE,JavaScript,Neuentwicklung,2,2023,mittel,Buchungssystem mittel,0.85,75
"Buchungs- und Reservierungsplattform für Richter Tech mit Multi-Location-Support, dynamischer Preisgestaltung, Gruppenreservierungen, Stornogebühren-Logik und Anbindung an Zahlungsanbieter.",66,97732,DE,DE-TH,JavaScript,Neuentwicklung,3,2026,mittel,Buchungssystem mittel,0.68,72
"Flutter-App für Schwarz Energie. Kartenintegration via Google Maps, Foto-Upload mit Bildkomprimierung, Echtzeit-Chat via WebSocket, Biometrie-Login, automatische App-Store-Deployment-Pipeline.",97,122129,DE,DE-BE,Mobile,Neuentwicklung,2,2022,mittel,Mobile App mittel,0.92,81
"Churn-Prediction-System für Fischer Handel. Feature Engineering auf 50+ Variablen, XGBoost-Ensemble, SHAP-Erklärbarkeit, automatische Handlungsempfehlungen, A/B-Test-Framework zur Validierung.",208,600268,CH,CH,Python/ML,Neuentwicklung,3,2023,gross,ML Predictive Analytics,0.85,139
"Buchungs- und Reservierungsplattform für Hoffmann Solutions mit Multi-Location-Support, dynamischer Preisgestaltung, Gruppenreservierungen, Stornogebühren-Logik und Anbindung an Zahlungsanbieter.",118,149745,DE,DE-BE,JavaScript,Neuentwicklung,3,2020,mittel,Buchungssystem mittel,1.0,69
"Predictive-Analytics-Plattform für Krüger Education. Nachfrageprognose mit LSTM-Modell (MAPE < 8%), Anomalie-Erkennung im Produktionsprozess, MLflow für Modell-Versionierung, REST API für ERP-Anbindung, monatliches Retraining.",174,731819,AT,AT,Python/ML,Neuentwicklung,7,2026,gross,ML Predictive Analytics,0.68,99
"Integration-Layer für Wolf Systems. Apache Kafka, 6 Kafka-Topics, Schema-Registry, Dead-Letter-Queue, automatisches Alerting bei Verarbeitungsfehlern, API-Rate-Limit-Management.",91,111568,DE,DE-NW,Backend,Neuentwicklung,2,2022,mittel,API-Integration Middleware,0.92,80
"WooCommerce-Shop für Krüger Education mit bis zu 200 Produkten, Stripe- und PayPal-Zahlungsanbindung, automatisierter Bestellbestätigung per E-Mail und einfacher Lagerverwaltung.",17,15157,AT,AT,PHP,Neuentwicklung,1,2025,klein,Einfacher Online-Shop,0.72,71
"REST API für Weber Consulting mit 8 Endpoints, JWT-Authentifizierung, PostgreSQL-Datenbank, automatischer Swagger-Dokumentation und Docker-Containerisierung für einfaches Deployment.",3,6645,AT,AT,Backend,Neuentwicklung,1,2026,klein,REST API einfach,0.68,90
"Weiterentwicklung und Bugfixing der bestehenden PHP-Anwendung von Becker Pharma. Code-Review, Behebung von 15 kritischen Bugs, Performance-Optimierung der Datenbankabfragen, Upgrade auf PHP 8.2.",22,11089,DE,DE-BE,PHP,Weiterentwicklung,1,2018,klein,Legacy Bugfixing & Weiterentwicklung,1.0,55
"Online-Buchungssystem für Becker & Partner mit Kalenderansicht, automatischen E-Mail-Erinnerungen, Zahlungsintegration via Stripe und Admin-Backend zur Terminverwaltung. React Frontend, Node.js Backend.",30,17347,DE,DE-HE,JavaScript,Neuentwicklung,1,2022,klein,Buchungssystem klein,0.92,78
"Online-Buchungssystem für Meier Manufacturing mit Kalenderansicht, automatischen E-Mail-Erinnerungen, Zahlungsintegration via Stripe und Admin-Backend zur Terminverwaltung. React Frontend, Node.js Backend.",47,28455,DE,DE-HH,JavaScript,Neuentwicklung,1,2022,klein,Buchungssystem klein,0.92,80
"Cross-Platform-App (iOS & Android) für Weiß Transport mit 12 Screens, Nutzerregistrierung, Push-Notifications, Offline-Fähigkeit durch lokale SQLite-Datenbank und REST-API-Anbindung. React Native.",75,127907,DE,DE-NW,Mobile,Neuentwicklung,3,2021,mittel,Mobile App mittel,0.97,82
"HR-Self-Service-Portal für Schwarz Energie (150 Mitarbeiter). Vue.js, REST API, Gehaltsabruf-Modul, Weiterbildungskalender, digitale Personalakte, rollenbasierte Zugriffsrechte, DSGVO-konformes Audit-Log.",77,103735,DE,DE-BY,JavaScript,Neuentwicklung,2,2021,mittel,Mitarbeiterportal,0.97,81
"Business-Intelligence-Tool für Meier Manufacturing mit automatisierten Tagesberichten, interaktiven Drill-Down-Charts, Anomalie-Erkennung bei KPIs, Slack-Integration für Alerts und Export-Funktion.",65,82401,AT,AT,Python/ML,Neuentwicklung,2,2021,mittel,Reporting & Analytics Tool,0.97,86
"Maßgeschneidertes CRM für Frank Legal mit Kontaktverwaltung, Pipeline-Tracking, E-Mail-Integration via IMAP/SMTP, Aktivitäten-Log, Reporting-Dashboard und CSV-Import für Bestandsdaten.",117,123204,DE,DE-HE,JavaScript,Neuentwicklung,2,2021,mittel,CRM-System,0.97,76
"Terminbuchungsportal für Köhler Automotive (bis 5 Mitarbeiter). Kundenlogin, Verfügbarkeitsprüfung in Echtzeit, iCal-Export, SMS-Erinnerungen via Twilio, DSGVO-konformes Datenschutz-Setup.",39,19265,DE,DE-HE,JavaScript,Neuentwicklung,1,2023,klein,Buchungssystem klein,0.85,81
"Intelligentes Archivierungssystem für Meier Manufacturing. OCR-Pipeline für Papierdokumente, ML-Modell zur Erkennung von Dokumententypen (98% Accuracy), automatische Metadaten-Extraktion, API für Drittsysteme.",187,308921,DE,DE-TH,Python/ML,Neuentwicklung,3,2025,gross,ML Dokumentenmanagement,0.72,80
"Maßgeschneidertes CRM für Schulz Media mit Kontaktverwaltung, Pipeline-Tracking, E-Mail-Integration via IMAP/SMTP, Aktivitäten-Log, Reporting-Dashboard und CSV-Import für Bestandsdaten.",83,97290,DE,DE-SN,JavaScript,Neuentwicklung,2,2024,mittel,CRM-System,0.78,70
"Digitales Patientenportal für Wagner Immobilien mit KV-Anbindung, HL7 FHIR Schnittstelle, Telematikinfrastruktur-Anbindung, ePA-Integration, DSGVO- und KRITIS-konformes Sicherheitskonzept.",281,922659,DE,DE-HE,Java,Neuentwicklung,5,2022,gross,Gesundheitswesenportal,0.92,85
"Terminbuchungsportal für Schäfer Insurance (bis 5 Mitarbeiter). Kundenlogin, Verfügbarkeitsprüfung in Echtzeit, iCal-Export, SMS-Erinnerungen via Twilio, DSGVO-konformes Datenschutz-Setup.",19,17188,DE,DE-HE,JavaScript,Neuentwicklung,1,2025,klein,Buchungssystem klein,0.72,86
"HR-Self-Service-Portal für Maier Group (150 Mitarbeiter). Vue.js, REST API, Gehaltsabruf-Modul, Weiterbildungskalender, digitale Personalakte, rollenbasierte Zugriffsrechte, DSGVO-konformes Audit-Log.",47,80239,DE,DE-HH,JavaScript,Neuentwicklung,2,2025,mittel,Mitarbeiterportal,0.72,88
"Cross-Platform-App (iOS & Android) für Wolf Systems mit 12 Screens, Nutzerregistrierung, Push-Notifications, Offline-Fähigkeit durch lokale SQLite-Datenbank und REST-API-Anbindung. React Native.",116,169916,DE,DE-TH,Mobile,Neuentwicklung,3,2023,mittel,Mobile App mittel,0.85,73
"Online-Buchungssystem für Wolf Systems mit Kalenderansicht, automatischen E-Mail-Erinnerungen, Zahlungsintegration via Stripe und Admin-Backend zur Terminverwaltung. React Frontend, Node.js Backend.",49,24833,AT,AT,JavaScript,Neuentwicklung,1,2024,klein,Buchungssystem klein,0.78,81
"WooCommerce-Shop für Maier Group mit bis zu 200 Produkten, Stripe- und PayPal-Zahlungsanbindung, automatisierter Bestellbestätigung per E-Mail und einfacher Lagerverwaltung.",19,11435,DE,DE-NW,PHP,Neuentwicklung,1,2025,klein,Einfacher Online-Shop,0.72,71
"Unternehmenswebsite für Müller GmbH auf WordPress-Basis. Custom-Theme-Entwicklung, WooCommerce-Integration für digitale Downloads, SEO-Plugin-Konfiguration, Hosting-Setup.",20,11219,AT,AT,PHP,Neuentwicklung,1,2025,klein,WordPress Website,0.72,71
"Terminbuchungsportal für Neumann Services (bis 5 Mitarbeiter). Kundenlogin, Verfügbarkeitsprüfung in Echtzeit, iCal-Export, SMS-Erinnerungen via Twilio, DSGVO-konformes Datenschutz-Setup.",43,28157,DE,DE-BY,JavaScript,Neuentwicklung,1,2023,klein,Buchungssystem klein,0.85,86
"SAP S/4HANA-Anbindung für Richter Tech. Fiori-ähnliches Portal, RFC-Schnittstellen für MM/PP/FI, Custom ABAP-Entwicklung, Echtzeit-Datensynchronisation, Rollout auf 3 Werke.",309,628845,AT,AT,SAP,Neuentwicklung,3,2018,gross,SAP-Integration Portal,1.0,99
"Integration-Layer für Becker & Partner. Apache Kafka, 6 Kafka-Topics, Schema-Registry, Dead-Letter-Queue, automatisches Alerting bei Verarbeitungsfehlern, API-Rate-Limit-Management.",60,65718,DE,DE-TH,Backend,Neuentwicklung,2,2024,mittel,API-Integration Middleware,0.78,71
"Weiterentwicklung und Bugfixing der bestehenden PHP-Anwendung von Klein Software. Code-Review, Behebung von 15 kritischen Bugs, Performance-Optimierung der Datenbankabfragen, Upgrade auf PHP 8.2.",26,12780,DE,DE-BE,PHP,Weiterentwicklung,1,2021,klein,Legacy Bugfixing & Weiterentwicklung,0.97,60
"Buchungs- und Reservierungsplattform für Koch Industries mit Multi-Location-Support, dynamischer Preisgestaltung, Gruppenreservierungen, Stornogebühren-Logik und Anbindung an Zahlungsanbieter.",44,78036,DE,DE-BE,JavaScript,Neuentwicklung,3,2025,mittel,Buchungssystem mittel,0.72,80
"Cross-Platform-App (iOS & Android) für Schwarz Energie mit 12 Screens, Nutzerregistrierung, Push-Notifications, Offline-Fähigkeit durch lokale SQLite-Datenbank und REST-API-Anbindung. React Native.",75,101790,DE,DE-BW,Mobile,Neuentwicklung,2,2019,mittel,Mobile App mittel,1.0,82
"Business-Intelligence-Tool für Zimmermann IT mit automatisierten Tagesberichten, interaktiven Drill-Down-Charts, Anomalie-Erkennung bei KPIs, Slack-Integration für Alerts und Export-Funktion.",37,65029,DE,DE-BW,Python/ML,Neuentwicklung,2,2025,mittel,Reporting & Analytics Tool,0.72,103
"Vertriebssteuerungs-CRM für Fischer Handel. React, GraphQL API, Angebots-Erstellung mit PDF-Export, Wiedervorlage-System, Outlook-Kalender-Synchronisation, Mobilansicht für Außendienst.",74,108186,DE,DE-BY,JavaScript,Neuentwicklung,3,2018,mittel,CRM-System,1.0,74
"B2B-Online-Shop für Weiß Transport. Shopware 6, kundenspezifische Preislisten, Bestelllimits, CSV-Massenimport, ERP-Schnittstelle zu SAP Business One, Rechnungsstellung per EDI.",135,297129,CH,CH,PHP,Neuentwicklung,3,2022,mittel,E-Commerce Platform,0.92,99
"Terminbuchungsportal für Klein Software (bis 5 Mitarbeiter). Kundenlogin, Verfügbarkeitsprüfung in Echtzeit, iCal-Export, SMS-Erinnerungen via Twilio, DSGVO-konformes Datenschutz-Setup.",24,19667,DE,DE-BW,JavaScript,Neuentwicklung,1,2022,klein,Buchungssystem klein,0.92,81
"Vertriebssteuerungs-CRM für Maier Group. React, GraphQL API, Angebots-Erstellung mit PDF-Export, Wiedervorlage-System, Outlook-Kalender-Synchronisation, Mobilansicht für Außendienst.",61,55606,DE,DE-SN,JavaScript,Neuentwicklung,2,2019,mittel,CRM-System,1.0,60
"Middleware-Lösung für Meier Manufacturing zur Anbindung von 4 Drittsystemen (CRM, ERP, Shop, Versand). Message-Queue via RabbitMQ, Retry-Logik, Monitoring-Dashboard, detailliertes Fehler-Logging.",54,80769,DE,DE-TH,Backend,Neuentwicklung,3,2025,mittel,API-Integration Middleware,0.72,73
"Unternehmensweite Prozessplattform für Becker Pharma auf .NET 8 Basis. Workflow-Engine für 20 Genehmigungsprozesse, Power BI Embedded für Berichte, Azure AD Integration, On-Premise-Deployment auf Kundensystemen.",349,780269,DE,DE-TH,.NET,Neuentwicklung,6,2021,gross,.NET Enterprise Platform,0.97,65
"Shopify-Onlineshop für Köhler Automotive. Custom-Theme, bis zu 500 Produkte, Anbindung an DHL-Versandschnittstelle, Gutscheinsystem, Produktbewertungen und Newsletter-Integration.",26,13458,AT,AT,PHP,Neuentwicklung,1,2023,klein,Einfacher Online-Shop,0.85,67
"Vollständige Neuentwicklung des Kernbanksystems von Schäfer Insurance. Java Spring Boot Microservices, Event Sourcing, CQRS, Migrationsskripte für 2 Mio. Datensätze, Compliance-Anforderungen BaFin.",370,841533,DE,DE-SN,Java,Migration,4,2020,gross,Legacy Migration Enterprise,1.0,66
"WooCommerce-Shop für Neumann Services mit bis zu 200 Produkten, Stripe- und PayPal-Zahlungsanbindung, automatisierter Bestellbestätigung per E-Mail und einfacher Lagerverwaltung.",15,12702,DE,DE-HH,PHP,Neuentwicklung,1,2024,klein,Einfacher Online-Shop,0.78,72
"Unternehmensweite Prozessplattform für Schäfer Insurance auf .NET 8 Basis. Workflow-Engine für 20 Genehmigungsprozesse, Power BI Embedded für Berichte, Azure AD Integration, On-Premise-Deployment auf Kundensystemen.",335,572749,DE,DE-HH,.NET,Neuentwicklung,3,2018,gross,.NET Enterprise Platform,1.0,74
"Online-Buchungssystem für Maier Group mit Kalenderansicht, automatischen E-Mail-Erinnerungen, Zahlungsintegration via Stripe und Admin-Backend zur Terminverwaltung. React Frontend, Node.js Backend.",55,23908,DE,DE-BE,JavaScript,Neuentwicklung,1,2019,klein,Buchungssystem klein,1.0,67
"Unternehmensweite Prozessplattform für Wolf Systems auf .NET 8 Basis. Workflow-Engine für 20 Genehmigungsprozesse, Power BI Embedded für Berichte, Azure AD Integration, On-Premise-Deployment auf Kundensystemen.",134,458468,AT,AT,.NET,Neuentwicklung,5,2026,gross,.NET Enterprise Platform,0.68,90
"Maßgeschneiderte E-Commerce-Plattform für Becker & Partner mit 2.000+ Produkten, Kundenkonto-Bereich, Wunschliste, Produktkonfigurator, Multi-Lager-Verwaltung und Anbindung an Warenwirtschaftssystem.",95,87889,DE,DE-SN,PHP,Neuentwicklung,2,2020,mittel,E-Commerce Platform,1.0,52
"B2B-Online-Shop für Maier Group. Shopware 6, kundenspezifische Preislisten, Bestelllimits, CSV-Massenimport, ERP-Schnittstelle zu SAP Business One, Rechnungsstellung per EDI.",120,143792,DE,DE-TH,PHP,Neuentwicklung,3,2024,mittel,E-Commerce Platform,0.78,58
"Buchungs- und Reservierungsplattform für Koch Industries mit Multi-Location-Support, dynamischer Preisgestaltung, Gruppenreservierungen, Stornogebühren-Logik und Anbindung an Zahlungsanbieter.",71,94492,DE,DE-BW,JavaScript,Neuentwicklung,2,2024,mittel,Buchungssystem mittel,0.78,87
"Online-Buchungssystem für Bauer Digital mit Kalenderansicht, automatischen E-Mail-Erinnerungen, Zahlungsintegration via Stripe und Admin-Backend zur Terminverwaltung. React Frontend, Node.js Backend.",34,22338,DE,DE-HE,JavaScript,Neuentwicklung,1,2025,klein,Buchungssystem klein,0.72,86
"Online-Buchungssystem für Schulz Media mit Kalenderansicht, automatischen E-Mail-Erinnerungen, Zahlungsintegration via Stripe und Admin-Backend zur Terminverwaltung. React Frontend, Node.js Backend.",22,15629,DE,DE-BE,JavaScript,Neuentwicklung,1,2024,klein,Buchungssystem klein,0.78,78
"Business-Intelligence-Tool für Weiß Transport mit automatisierten Tagesberichten, interaktiven Drill-Down-Charts, Anomalie-Erkennung bei KPIs, Slack-Integration für Alerts und Export-Funktion.",50,73569,DE,DE-NW,Python/ML,Neuentwicklung,2,2022,mittel,Reporting & Analytics Tool,0.92,88
"Ablösung des Legacy-Systems von Braun Logistics (15 Jahre alt, COBOL/Oracle). Strangler-Fig-Muster, schrittweise Migration von 40 Modulen, paralleler Betrieb beider Systeme für 6 Monate, Zero-Downtime-Cutover.",331,814484,AT,AT,Java,Migration,3,2022,gross,Legacy Migration Enterprise,1.0,82
"WooCommerce-Shop für Fischer Handel mit bis zu 200 Produkten, Stripe- und PayPal-Zahlungsanbindung, automatisierter Bestellbestätigung per E-Mail und einfacher Lagerverwaltung.",37,16113,DE,DE-SN,PHP,Neuentwicklung,1,2021,klein,Einfacher Online-Shop,0.97,54
"Internes Mitarbeiterportal für Maier Group (80 Nutzer) mit SSO-Anbindung via Azure AD, Urlaubsantrag-Workflow, Dokumentenverwaltung, News-Feed und Organigramm-Darstellung. React Frontend, Node.js Backend, PostgreSQL.",78,92739,DE,DE-TH,JavaScript,Neuentwicklung,3,2019,mittel,Mitarbeiterportal,1.0,58
"Event-Ticketing-System für Schäfer Insurance. Next.js, Seat-Map-Visualisierung, QR-Code-Ticket-Generierung, Warteliste, Gutscheinverwaltung, automatische Kapazitätssteuerung.",54,69255,DE,DE-SN,JavaScript,Neuentwicklung,2,2023,mittel,Buchungssystem mittel,0.85,67
"Weiterentwicklung und Bugfixing der bestehenden PHP-Anwendung von Schäfer Insurance. Code-Review, Behebung von 15 kritischen Bugs, Performance-Optimierung der Datenbankabfragen, Upgrade auf PHP 8.2.",13,5899,DE,DE-SN,PHP,Weiterentwicklung,1,2025,klein,Legacy Bugfixing & Weiterentwicklung,0.72,61
"Weiterentwicklung und Bugfixing der bestehenden PHP-Anwendung von Hartmann Health. Code-Review, Behebung von 15 kritischen Bugs, Performance-Optimierung der Datenbankabfragen, Upgrade auf PHP 8.2.",27,12173,AT,AT,PHP,Weiterentwicklung,1,2019,klein,Legacy Bugfixing & Weiterentwicklung,1.0,59
"Responsive Landing Page für Koch Industries mit Kontaktformular, SEO-Optimierung und Google Analytics Integration. Design nach Kundenvorgabe in Figma, Umsetzung mit React und Tailwind CSS.",15,11496,CH,CH,JavaScript,Neuentwicklung,1,2019,klein,Landing Page,1.0,107
"Event-Ticketing-System für Wagner Immobilien. Next.js, Seat-Map-Visualisierung, QR-Code-Ticket-Generierung, Warteliste, Gutscheinverwaltung, automatische Kapazitätssteuerung.",51,106107,DE,DE-BY,JavaScript,Neuentwicklung,3,2025,mittel,Buchungssystem mittel,0.72,92
"Digitales Patientenportal für Koch Industries mit KV-Anbindung, HL7 FHIR Schnittstelle, Telematikinfrastruktur-Anbindung, ePA-Integration, DSGVO- und KRITIS-konformes Sicherheitskonzept.",272,908448,DE,DE-SN,Java,Neuentwicklung,6,2025,gross,Gesundheitswesenportal,0.72,77
"REST API für Müller GmbH mit 8 Endpoints, JWT-Authentifizierung, PostgreSQL-Datenbank, automatischer Swagger-Dokumentation und Docker-Containerisierung für einfaches Deployment.",16,19186,CH,CH,Backend,Neuentwicklung,1,2022,klein,REST API einfach,0.92,123
"Flutter-App für Meier Manufacturing. Kartenintegration via Google Maps, Foto-Upload mit Bildkomprimierung, Echtzeit-Chat via WebSocket, Biometrie-Login, automatische App-Store-Deployment-Pipeline.",85,104848,DE,DE-SN,Mobile,Neuentwicklung,2,2024,mittel,Mobile App mittel,0.78,77
"Microservice-API für Hartmann Health. Python FastAPI, 5 CRUD-Endpoints, Rate-Limiting, API-Key-Verwaltung, automatisierte Tests mit pytest, CI/CD-Pipeline via GitHub Actions.",15,11707,DE,DE-BW,Backend,Neuentwicklung,1,2021,klein,REST API einfach,0.97,82
"Shopify-Onlineshop für Krause Retail. Custom-Theme, bis zu 500 Produkte, Anbindung an DHL-Versandschnittstelle, Gutscheinsystem, Produktbewertungen und Newsletter-Integration.",22,12567,DE,DE-HE,PHP,Neuentwicklung,1,2023,klein,Einfacher Online-Shop,0.85,69
"Middleware-Lösung für Schwarz Energie zur Anbindung von 4 Drittsystemen (CRM, ERP, Shop, Versand). Message-Queue via RabbitMQ, Retry-Logik, Monitoring-Dashboard, detailliertes Fehler-Logging.",48,63913,DE,DE-SN,Backend,Neuentwicklung,2,2024,mittel,API-Integration Middleware,0.78,72
"WordPress-Website für Frank Legal mit 8 Unterseiten, Blog-Funktion, mehrsprachigem Plugin (WPML), individuell entwickeltem Child-Theme und Kontaktformular mit DSGVO-konformer Datenspeicherung.",19,11263,DE,DE-SN,PHP,Neuentwicklung,1,2025,klein,WordPress Website,0.72,61
"Maßgeschneiderte E-Commerce-Plattform für Frank Legal mit 2.000+ Produkten, Kundenkonto-Bereich, Wunschliste, Produktkonfigurator, Multi-Lager-Verwaltung und Anbindung an Warenwirtschaftssystem.",85,125498,DE,DE-BW,PHP,Neuentwicklung,3,2021,mittel,E-Commerce Platform,0.97,67
"Unternehmensportal für Schäfer Insurance (800 Mitarbeiter) mit bidirektionaler SAP HR-Schnittstelle, SSO via Azure AD, Urlaubsmanagement, Zeiterfassung, Gehaltsabruf und Weiterbildungsmodul. React Frontend, Java Spring Boot Backend.",176,590874,DE,DE-BY,SAP,Neuentwicklung,4,2023,gross,SAP-Integration Portal,0.85,126
"Flutter-App für Schwarz Energie. Kartenintegration via Google Maps, Foto-Upload mit Bildkomprimierung, Echtzeit-Chat via WebSocket, Biometrie-Login, automatische App-Store-Deployment-Pipeline.",65,105641,DE,DE-NW,Mobile,Neuentwicklung,3,2022,mittel,Mobile App mittel,0.92,85
"HR-Self-Service-Portal für Koch Industries (150 Mitarbeiter). Vue.js, REST API, Gehaltsabruf-Modul, Weiterbildungskalender, digitale Personalakte, rollenbasierte Zugriffsrechte, DSGVO-konformes Audit-Log.",76,117769,DE,DE-HH,JavaScript,Neuentwicklung,3,2018,mittel,Mitarbeiterportal,1.0,71
"WooCommerce-Shop für Schulz Media mit bis zu 200 Produkten, Stripe- und PayPal-Zahlungsanbindung, automatisierter Bestellbestätigung per E-Mail und einfacher Lagerverwaltung.",22,12147,AT,AT,PHP,Neuentwicklung,1,2026,klein,Einfacher Online-Shop,0.68,73
"Buchungs- und Reservierungsplattform für Becker & Partner mit Multi-Location-Support, dynamischer Preisgestaltung, Gruppenreservierungen, Stornogebühren-Logik und Anbindung an Zahlungsanbieter.",48,79695,AT,AT,JavaScript,Neuentwicklung,2,2025,mittel,Buchungssystem mittel,0.72,84
"WordPress-Website für Bauer Digital mit 8 Unterseiten, Blog-Funktion, mehrsprachigem Plugin (WPML), individuell entwickeltem Child-Theme und Kontaktformular mit DSGVO-konformer Datenspeicherung.",22,10079,DE,DE-HH,PHP,Neuentwicklung,1,2022,klein,WordPress Website,0.92,68
"Internes Mitarbeiterportal für Schulz Media (80 Nutzer) mit SSO-Anbindung via Azure AD, Urlaubsantrag-Workflow, Dokumentenverwaltung, News-Feed und Organigramm-Darstellung. React Frontend, Node.js Backend, PostgreSQL.",87,193527,CH,CH,JavaScript,Neuentwicklung,3,2018,mittel,Mitarbeiterportal,1.0,104
"Business-Intelligence-Tool für Wagner Immobilien mit automatisierten Tagesberichten, interaktiven Drill-Down-Charts, Anomalie-Erkennung bei KPIs, Slack-Integration für Alerts und Export-Funktion.",53,151353,CH,CH,Python/ML,Neuentwicklung,3,2020,mittel,Reporting & Analytics Tool,1.0,128
"Middleware-Lösung für Schulz Media zur Anbindung von 4 Drittsystemen (CRM, ERP, Shop, Versand). Message-Queue via RabbitMQ, Retry-Logik, Monitoring-Dashboard, detailliertes Fehler-Logging.",88,131428,DE,DE-BW,Backend,Neuentwicklung,2,2024,mittel,API-Integration Middleware,0.78,90
"Responsive Landing Page für Frank Legal mit Kontaktformular, SEO-Optimierung und Google Analytics Integration. Design nach Kundenvorgabe in Figma, Umsetzung mit React und Tailwind CSS.",13,6337,DE,DE-SN,JavaScript,Neuentwicklung,1,2020,klein,Landing Page,1.0,62
"Ablösung des Legacy-Systems von Fischer Handel (15 Jahre alt, COBOL/Oracle). Strangler-Fig-Muster, schrittweise Migration von 40 Modulen, paralleler Betrieb beider Systeme für 6 Monate, Zero-Downtime-Cutover.",358,1142964,DE,DE-HH,Java,Migration,6,2020,gross,Legacy Migration Enterprise,1.0,81
"Shopify-Onlineshop für Köhler Automotive. Custom-Theme, bis zu 500 Produkte, Anbindung an DHL-Versandschnittstelle, Gutscheinsystem, Produktbewertungen und Newsletter-Integration.",12,10582,DE,DE-BE,PHP,Neuentwicklung,1,2024,klein,Einfacher Online-Shop,0.78,66
"Predictive-Analytics-Plattform für Klein Software. Nachfrageprognose mit LSTM-Modell (MAPE < 8%), Anomalie-Erkennung im Produktionsprozess, MLflow für Modell-Versionierung, REST API für ERP-Anbindung, monatliches Retraining.",190,576158,AT,AT,Python/ML,Neuentwicklung,5,2022,gross,ML Predictive Analytics,0.92,88
"Migration der Altdaten von Köhler Automotive aus Legacy-System (MS Access) in neue PostgreSQL-Datenbank. ETL-Pipeline, Datenbereinigung, Validierungsregeln, Testläufe mit Rollback-Funktion, Dokumentation.",81,78766,DE,DE-SN,Backend,Migration,2,2021,mittel,Datenmigraton,1.0,66
"WooCommerce-Shop für Schulz Media mit bis zu 200 Produkten, Stripe- und PayPal-Zahlungsanbindung, automatisierter Bestellbestätigung per E-Mail und einfacher Lagerverwaltung.",28,19055,DE,DE-BY,PHP,Neuentwicklung,1,2024,klein,Einfacher Online-Shop,0.78,75
"Microservice-API für Krüger Education. Python FastAPI, 5 CRUD-Endpoints, Rate-Limiting, API-Key-Verwaltung, automatisierte Tests mit pytest, CI/CD-Pipeline via GitHub Actions.",9,10180,DE,DE-BY,Backend,Neuentwicklung,1,2019,klein,REST API einfach,1.0,80
"Digitalisierungsplattform für Neumann Services. ASP.NET Core, Blazor WebAssembly Frontend, Azure Service Bus, 15 Microservices, DevOps-Pipeline mit automatisierten Tests, ITIL-konformes Change Management.",188,705939,AT,AT,.NET,Neuentwicklung,6,2026,gross,.NET Enterprise Platform,0.68,90
"Analyse-Dashboard für Wagner Immobilien mit Python Dash, Anbindung an 3 Datenquellen, Zeitreihenanalyse, Prognose-Modell für nächste 30 Tage, rollenbasierte Sichtbarkeit.",71,100989,DE,DE-BW,Python/ML,Neuentwicklung,2,2018,mittel,Reporting & Analytics Tool,1.0,84
"Event-Ticketing-System für Zimmermann IT. Next.js, Seat-Map-Visualisierung, QR-Code-Ticket-Generierung, Warteliste, Gutscheinverwaltung, automatische Kapazitätssteuerung.",99,79929,DE,DE-TH,JavaScript,Neuentwicklung,2,2022,mittel,Buchungssystem mittel,0.92,64
"KPI-Dashboard für Weber Consulting. Vue.js Frontend, Echtzeit-Daten via WebSocket, 6 Chart-Typen, automatische E-Mail-Reports, Filterung nach Zeitraum und Region.",30,15896,DE,DE-HE,JavaScript,Neuentwicklung,1,2023,klein,Dashboard einfach,0.85,81
"Datenmigration für Maier Group von Oracle 11g auf PostgreSQL 15. Schema-Mapping, Stored-Procedure-Umschreibung, Performance-Tests, Zero-Downtime-Migration mit Dual-Write-Ansatz.",105,171067,DE,DE-BW,Backend,Migration,3,2024,mittel,Datenmigraton,1.0,90
"Ablösung des Legacy-Systems von Köhler Automotive (15 Jahre alt, COBOL/Oracle). Strangler-Fig-Muster, schrittweise Migration von 40 Modulen, paralleler Betrieb beider Systeme für 6 Monate, Zero-Downtime-Cutover.",687,1774716,DE,DE-BE,Java,Migration,6,2020,gross,Legacy Migration Enterprise,1.0,74
"Flutter-App für Koch Industries. Kartenintegration via Google Maps, Foto-Upload mit Bildkomprimierung, Echtzeit-Chat via WebSocket, Biometrie-Login, automatische App-Store-Deployment-Pipeline.",77,116043,AT,AT,Mobile,Neuentwicklung,2,2024,mittel,Mobile App mittel,0.78,90
"HR-Self-Service-Portal für Klein Software (150 Mitarbeiter). Vue.js, REST API, Gehaltsabruf-Modul, Weiterbildungskalender, digitale Personalakte, rollenbasierte Zugriffsrechte, DSGVO-konformes Audit-Log.",71,99136,DE,DE-HE,JavaScript,Neuentwicklung,2,2023,mittel,Mitarbeiterportal,0.85,81
"Online-Buchungssystem für Klein Software mit Kalenderansicht, automatischen E-Mail-Erinnerungen, Zahlungsintegration via Stripe und Admin-Backend zur Terminverwaltung. React Frontend, Node.js Backend.",31,28193,CH,CH,JavaScript,Neuentwicklung,1,2024,klein,Buchungssystem klein,0.78,124
"Predictive-Analytics-Plattform für Hartmann Health. Nachfrageprognose mit LSTM-Modell (MAPE < 8%), Anomalie-Erkennung im Produktionsprozess, MLflow für Modell-Versionierung, REST API für ERP-Anbindung, monatliches Retraining.",259,537363,DE,DE-HH,Python/ML,Neuentwicklung,3,2023,gross,ML Predictive Analytics,0.85,95
"Churn-Prediction-System für Richter Tech. Feature Engineering auf 50+ Variablen, XGBoost-Ensemble, SHAP-Erklärbarkeit, automatische Handlungsempfehlungen, A/B-Test-Framework zur Validierung.",77,492054,DE,DE-NW,Python/ML,Neuentwicklung,7,2025,gross,ML Predictive Analytics,0.72,96
"Weiterentwicklung und Bugfixing der bestehenden PHP-Anwendung von Müller GmbH. Code-Review, Behebung von 15 kritischen Bugs, Performance-Optimierung der Datenbankabfragen, Upgrade auf PHP 8.2.",14,12449,DE,DE-HE,PHP,Weiterentwicklung,1,2026,klein,Legacy Bugfixing & Weiterentwicklung,0.68,75
"Shopify-Onlineshop für Becker Pharma. Custom-Theme, bis zu 500 Produkte, Anbindung an DHL-Versandschnittstelle, Gutscheinsystem, Produktbewertungen und Newsletter-Integration.",27,16725,AT,AT,PHP,Neuentwicklung,1,2020,klein,Einfacher Online-Shop,1.0,60
"KI-gestütztes Dokumentenmanagementsystem für Weber Consulting mit automatischer Klassifikation per NLP (BERT), Volltextsuche via Elasticsearch, Versionierung, Zugriffsrollen und DSGVO-konformem Hosting auf deutschen Servern.",129,708652,CH,CH,Python/ML,Neuentwicklung,4,2026,gross,ML Dokumentenmanagement,0.68,152
"Middleware-Lösung für Fischer Handel zur Anbindung von 4 Drittsystemen (CRM, ERP, Shop, Versand). Message-Queue via RabbitMQ, Retry-Logik, Monitoring-Dashboard, detailliertes Fehler-Logging.",49,75028,DE,DE-SN,Backend,Neuentwicklung,2,2025,mittel,API-Integration Middleware,0.72,75
"B2B-Online-Shop für Bauer Digital. Shopware 6, kundenspezifische Preislisten, Bestelllimits, CSV-Massenimport, ERP-Schnittstelle zu SAP Business One, Rechnungsstellung per EDI.",86,131711,DE,DE-HH,PHP,Neuentwicklung,3,2022,mittel,E-Commerce Platform,0.92,68
"Shopify-Onlineshop für Schäfer Insurance. Custom-Theme, bis zu 500 Produkte, Anbindung an DHL-Versandschnittstelle, Gutscheinsystem, Produktbewertungen und Newsletter-Integration.",25,17702,DE,DE-BY,PHP,Neuentwicklung,1,2023,klein,Einfacher Online-Shop,0.85,73
"Analyse-Dashboard für Zimmermann IT mit Python Dash, Anbindung an 3 Datenquellen, Zeitreihenanalyse, Prognose-Modell für nächste 30 Tage, rollenbasierte Sichtbarkeit.",80,128861,DE,DE-BE,Python/ML,Neuentwicklung,3,2021,mittel,Reporting & Analytics Tool,0.97,82
"Maßgeschneiderte E-Commerce-Plattform für Becker & Partner mit 2.000+ Produkten, Kundenkonto-Bereich, Wunschliste, Produktkonfigurator, Multi-Lager-Verwaltung und Anbindung an Warenwirtschaftssystem.",83,102766,AT,AT,PHP,Neuentwicklung,2,2024,mittel,E-Commerce Platform,0.78,69
"Krankenhausinformationssystem-Modul für Wagner Immobilien. HL7-Messaging, DICOM-Viewer-Integration, Medikationsplan-Modul nach BMP-Standard, IHE-XDS-Dokumentenmanagement, BSI-Grundschutz.",364,1355821,DE,DE-NW,Java,Neuentwicklung,7,2023,gross,Gesundheitswesenportal,0.85,85
"Vertriebssteuerungs-CRM für Becker Pharma. React, GraphQL API, Angebots-Erstellung mit PDF-Export, Wiedervorlage-System, Outlook-Kalender-Synchronisation, Mobilansicht für Außendienst.",65,85868,DE,DE-NW,JavaScript,Neuentwicklung,2,2023,mittel,CRM-System,0.85,78
"Terminbuchungsportal für Schwarz Energie (bis 5 Mitarbeiter). Kundenlogin, Verfügbarkeitsprüfung in Echtzeit, iCal-Export, SMS-Erinnerungen via Twilio, DSGVO-konformes Datenschutz-Setup.",29,19398,AT,AT,JavaScript,Neuentwicklung,1,2024,klein,Buchungssystem klein,0.78,81
"Vollständige Neuentwicklung des Kernbanksystems von Krüger Education. Java Spring Boot Microservices, Event Sourcing, CQRS, Migrationsskripte für 2 Mio. Datensätze, Compliance-Anforderungen BaFin.",404,2345858,CH,CH,Java,Migration,7,2024,gross,Legacy Migration Enterprise,1.0,134
"Flutter-App für Richter Tech. Kartenintegration via Google Maps, Foto-Upload mit Bildkomprimierung, Echtzeit-Chat via WebSocket, Biometrie-Login, automatische App-Store-Deployment-Pipeline.",53,91778,DE,DE-BW,Mobile,Neuentwicklung,2,2018,mittel,Mobile App mittel,1.0,80
"Buchungs- und Reservierungsplattform für Weber Consulting mit Multi-Location-Support, dynamischer Preisgestaltung, Gruppenreservierungen, Stornogebühren-Logik und Anbindung an Zahlungsanbieter.",97,80827,DE,DE-TH,JavaScript,Neuentwicklung,2,2018,mittel,Buchungssystem mittel,1.0,57
"Wartung und Erweiterung des bestehenden WordPress-Systems von Becker Pharma. Plugin-Updates, Sicherheits-Audit, neue Such- und Filterfunktionen, Optimierung der Ladezeiten auf unter 2 Sekunden.",27,20441,CH,CH,PHP,Weiterentwicklung,1,2021,klein,Legacy Bugfixing & Weiterentwicklung,0.97,96
"Terminbuchungsportal für Fischer Handel (bis 5 Mitarbeiter). Kundenlogin, Verfügbarkeitsprüfung in Echtzeit, iCal-Export, SMS-Erinnerungen via Twilio, DSGVO-konformes Datenschutz-Setup.",37,26236,DE,DE-BY,JavaScript,Neuentwicklung,1,2025,klein,Buchungssystem klein,0.72,92
"WooCommerce-Shop für Weber Consulting mit bis zu 200 Produkten, Stripe- und PayPal-Zahlungsanbindung, automatisierter Bestellbestätigung per E-Mail und einfacher Lagerverwaltung.",38,17035,DE,DE-TH,PHP,Neuentwicklung,1,2020,klein,Einfacher Online-Shop,1.0,51
"Unternehmenswebsite für Weiß Transport auf WordPress-Basis. Custom-Theme-Entwicklung, WooCommerce-Integration für digitale Downloads, SEO-Plugin-Konfiguration, Hosting-Setup.",12,6682,DE,DE-SN,PHP,Neuentwicklung,1,2024,klein,WordPress Website,0.78,59
"Analyse-Dashboard für Müller GmbH mit Python Dash, Anbindung an 3 Datenquellen, Zeitreihenanalyse, Prognose-Modell für nächste 30 Tage, rollenbasierte Sichtbarkeit.",48,83368,DE,DE-NW,Python/ML,Neuentwicklung,3,2019,mittel,Reporting & Analytics Tool,1.0,80
"B2B-Online-Shop für Hartmann Health. Shopware 6, kundenspezifische Preislisten, Bestelllimits, CSV-Massenimport, ERP-Schnittstelle zu SAP Business One, Rechnungsstellung per EDI.",97,113084,DE,DE-BY,PHP,Neuentwicklung,2,2024,mittel,E-Commerce Platform,0.78,75
"Maßgeschneiderte E-Commerce-Plattform für Koch Industries mit 2.000+ Produkten, Kundenkonto-Bereich, Wunschliste, Produktkonfigurator, Multi-Lager-Verwaltung und Anbindung an Warenwirtschaftssystem.",79,149851,DE,DE-BY,PHP,Neuentwicklung,3,2023,mittel,E-Commerce Platform,0.85,73
"Unternehmensportal für Lange Finance (800 Mitarbeiter) mit bidirektionaler SAP HR-Schnittstelle, SSO via Azure AD, Urlaubsmanagement, Zeiterfassung, Gehaltsabruf und Weiterbildungsmodul. React Frontend, Java Spring Boot Backend.",195,761160,DE,DE-TH,SAP,Neuentwicklung,6,2022,gross,SAP-Integration Portal,0.92,94
"Unternehmensweite Prozessplattform für Krüger Education auf .NET 8 Basis. Workflow-Engine für 20 Genehmigungsprozesse, Power BI Embedded für Berichte, Azure AD Integration, On-Premise-Deployment auf Kundensystemen.",161,1101928,CH,CH,.NET,Neuentwicklung,7,2023,gross,.NET Enterprise Platform,0.85,126
"HR-Self-Service-Portal für Schäfer Insurance (150 Mitarbeiter). Vue.js, REST API, Gehaltsabruf-Modul, Weiterbildungskalender, digitale Personalakte, rollenbasierte Zugriffsrechte, DSGVO-konformes Audit-Log.",72,107671,DE,DE-NW,JavaScript,Neuentwicklung,3,2023,mittel,Mitarbeiterportal,0.85,78
"B2B-Online-Shop für Müller GmbH. Shopware 6, kundenspezifische Preislisten, Bestelllimits, CSV-Massenimport, ERP-Schnittstelle zu SAP Business One, Rechnungsstellung per EDI.",67,145508,DE,DE-BY,PHP,Neuentwicklung,3,2024,mittel,E-Commerce Platform,0.78,75
"Middleware-Lösung für Fischer Handel zur Anbindung von 4 Drittsystemen (CRM, ERP, Shop, Versand). Message-Queue via RabbitMQ, Retry-Logik, Monitoring-Dashboard, detailliertes Fehler-Logging.",41,64083,DE,DE-TH,Backend,Neuentwicklung,2,2020,mittel,API-Integration Middleware,1.0,63
"Wartung und Erweiterung des bestehenden WordPress-Systems von Klein Software. Plugin-Updates, Sicherheits-Audit, neue Such- und Filterfunktionen, Optimierung der Ladezeiten auf unter 2 Sekunden.",24,12333,DE,DE-HE,PHP,Weiterentwicklung,1,2018,klein,Legacy Bugfixing & Weiterentwicklung,1.0,59
"Migration der Altdaten von Becker Pharma aus Legacy-System (MS Access) in neue PostgreSQL-Datenbank. ETL-Pipeline, Datenbereinigung, Validierungsregeln, Testläufe mit Rollback-Funktion, Dokumentation.",117,139444,DE,DE-TH,Backend,Migration,3,2023,mittel,Datenmigraton,1.0,69
"Vollständige Neuentwicklung des Kernbanksystems von Hartmann Health. Java Spring Boot Microservices, Event Sourcing, CQRS, Migrationsskripte für 2 Mio. Datensätze, Compliance-Anforderungen BaFin.",345,1174796,DE,DE-NW,Java,Migration,4,2026,gross,Legacy Migration Enterprise,1.0,93
"Einzel-Landing-Page für Produktlaunch von Schmidt AG. A/B-Testing-fähig, mehrsprachig (DE/EN), mit CMS-Anbindung für eigenständige Inhaltspflege. Mobile-first Ansatz.",4,2253,CH,CH,JavaScript,Neuentwicklung,1,2018,klein,Landing Page,1.0,104
"Terminbuchungsportal für Köhler Automotive (bis 5 Mitarbeiter). Kundenlogin, Verfügbarkeitsprüfung in Echtzeit, iCal-Export, SMS-Erinnerungen via Twilio, DSGVO-konformes Datenschutz-Setup.",32,18133,DE,DE-SN,JavaScript,Neuentwicklung,1,2020,klein,Buchungssystem klein,1.0,62
"Maßgeschneiderte E-Commerce-Plattform für Koch Industries mit 2.000+ Produkten, Kundenkonto-Bereich, Wunschliste, Produktkonfigurator, Multi-Lager-Verwaltung und Anbindung an Warenwirtschaftssystem.",67,166827,CH,CH,PHP,Neuentwicklung,3,2024,mittel,E-Commerce Platform,0.78,105
"Management-Dashboard für Schulz Media zur Visualisierung von Verkaufszahlen. React mit Recharts, Datenbankanbindung über bestehende API, Exportfunktion als PDF/Excel, Nutzerrollen-System.",30,20850,DE,DE-BY,JavaScript,Neuentwicklung,1,2023,klein,Dashboard einfach,0.85,86
"Business-Intelligence-Tool für Weber Consulting mit automatisierten Tagesberichten, interaktiven Drill-Down-Charts, Anomalie-Erkennung bei KPIs, Slack-Integration für Alerts und Export-Funktion.",56,79496,DE,DE-BE,Python/ML,Neuentwicklung,2,2025,mittel,Reporting & Analytics Tool,0.72,92
"KPI-Dashboard für Schäfer Insurance. Vue.js Frontend, Echtzeit-Daten via WebSocket, 6 Chart-Typen, automatische E-Mail-Reports, Filterung nach Zeitraum und Region.",25,29494,CH,CH,JavaScript,Neuentwicklung,1,2026,klein,Dashboard einfach,0.68,131
"Buchungs- und Reservierungsplattform für Hartmann Health mit Multi-Location-Support, dynamischer Preisgestaltung, Gruppenreservierungen, Stornogebühren-Logik und Anbindung an Zahlungsanbieter.",56,108807,DE,DE-BY,JavaScript,Neuentwicklung,3,2025,mittel,Buchungssystem mittel,0.72,92
"Buchungs- und Reservierungsplattform für Wagner Immobilien mit Multi-Location-Support, dynamischer Preisgestaltung, Gruppenreservierungen, Stornogebühren-Logik und Anbindung an Zahlungsanbieter.",79,128760,DE,DE-NW,JavaScript,Neuentwicklung,3,2022,mittel,Buchungssystem mittel,0.92,76
"Event-Ticketing-System für Köhler Automotive. Next.js, Seat-Map-Visualisierung, QR-Code-Ticket-Generierung, Warteliste, Gutscheinverwaltung, automatische Kapazitätssteuerung.",59,157744,CH,CH,JavaScript,Neuentwicklung,3,2020,mittel,Buchungssystem mittel,1.0,110
"Analyse-Dashboard für Becker Pharma mit Python Dash, Anbindung an 3 Datenquellen, Zeitreihenanalyse, Prognose-Modell für nächste 30 Tage, rollenbasierte Sichtbarkeit.",63,75697,DE,DE-SN,Python/ML,Neuentwicklung,2,2021,mittel,Reporting & Analytics Tool,0.97,73
"B2B-Handelsplattform für Müller GmbH. Microservices-Architektur (12 Services), Kubernetes-Deployment, Punchout-Katalog für EDI-Anbindung, dynamische Preislogik, Self-Service-Kundenportal.",243,1106110,CH,CH,Java,Neuentwicklung,4,2026,gross,Enterprise E-Commerce,0.68,142
"Digitales Patientenportal für Schmidt AG mit KV-Anbindung, HL7 FHIR Schnittstelle, Telematikinfrastruktur-Anbindung, ePA-Integration, DSGVO- und KRITIS-konformes Sicherheitskonzept.",462,1245972,AT,AT,Java,Neuentwicklung,6,2018,gross,Gesundheitswesenportal,1.0,73
"Wartung und Erweiterung des bestehenden WordPress-Systems von Maier Group. Plugin-Updates, Sicherheits-Audit, neue Such- und Filterfunktionen, Optimierung der Ladezeiten auf unter 2 Sekunden.",17,9262,AT,AT,PHP,Weiterentwicklung,1,2023,klein,Legacy Bugfixing & Weiterentwicklung,0.85,67
"Maßgeschneidertes CRM für Weber Consulting mit Kontaktverwaltung, Pipeline-Tracking, E-Mail-Integration via IMAP/SMTP, Aktivitäten-Log, Reporting-Dashboard und CSV-Import für Bestandsdaten.",37,78254,DE,DE-BW,JavaScript,Neuentwicklung,2,2025,mittel,CRM-System,0.72,89
"Cross-Platform-App (iOS & Android) für Schwarz Energie mit 12 Screens, Nutzerregistrierung, Push-Notifications, Offline-Fähigkeit durch lokale SQLite-Datenbank und REST-API-Anbindung. React Native.",71,128519,AT,AT,Mobile,Neuentwicklung,3,2025,mittel,Mobile App mittel,0.72,93
"Business-Intelligence-Tool für Hoffmann Solutions mit automatisierten Tagesberichten, interaktiven Drill-Down-Charts, Anomalie-Erkennung bei KPIs, Slack-Integration für Alerts und Export-Funktion.",61,111541,DE,DE-BE,Python/ML,Neuentwicklung,3,2021,mittel,Reporting & Analytics Tool,0.97,82
"Flutter-App für Becker Pharma. Kartenintegration via Google Maps, Foto-Upload mit Bildkomprimierung, Echtzeit-Chat via WebSocket, Biometrie-Login, automatische App-Store-Deployment-Pipeline.",49,175369,CH,CH,Mobile,Neuentwicklung,3,2024,mittel,Mobile App mittel,0.78,137
"Migration der Altdaten von Zimmermann IT aus Legacy-System (MS Access) in neue PostgreSQL-Datenbank. ETL-Pipeline, Datenbereinigung, Validierungsregeln, Testläufe mit Rollback-Funktion, Dokumentation.",75,135469,AT,AT,Backend,Migration,3,2026,mittel,Datenmigraton,1.0,90
"WordPress-Website für Müller GmbH mit 8 Unterseiten, Blog-Funktion, mehrsprachigem Plugin (WPML), individuell entwickeltem Child-Theme und Kontaktformular mit DSGVO-konformer Datenspeicherung.",25,14810,DE,DE-HE,PHP,Neuentwicklung,1,2023,klein,WordPress Website,0.85,69
"Weiterentwicklung und Bugfixing der bestehenden PHP-Anwendung von Klein Software. Code-Review, Behebung von 15 kritischen Bugs, Performance-Optimierung der Datenbankabfragen, Upgrade auf PHP 8.2.",13,7300,DE,DE-TH,PHP,Weiterentwicklung,1,2021,klein,Legacy Bugfixing & Weiterentwicklung,0.97,52
"Churn-Prediction-System für Fischer Handel. Feature Engineering auf 50+ Variablen, XGBoost-Ensemble, SHAP-Erklärbarkeit, automatische Handlungsempfehlungen, A/B-Test-Framework zur Validierung.",222,443619,AT,AT,Python/ML,Neuentwicklung,3,2020,gross,ML Predictive Analytics,1.0,84
"KPI-Dashboard für Richter Tech. Vue.js Frontend, Echtzeit-Daten via WebSocket, 6 Chart-Typen, automatische E-Mail-Reports, Filterung nach Zeitraum und Region.",36,24112,DE,DE-HH,JavaScript,Neuentwicklung,1,2023,klein,Dashboard einfach,0.85,82
"Event-Ticketing-System für Fischer Handel. Next.js, Seat-Map-Visualisierung, QR-Code-Ticket-Generierung, Warteliste, Gutscheinverwaltung, automatische Kapazitätssteuerung.",63,114688,DE,DE-BW,JavaScript,Neuentwicklung,3,2023,mittel,Buchungssystem mittel,0.85,84
"KPI-Dashboard für Weber Consulting. Vue.js Frontend, Echtzeit-Daten via WebSocket, 6 Chart-Typen, automatische E-Mail-Reports, Filterung nach Zeitraum und Region.",43,20551,DE,DE-TH,JavaScript,Neuentwicklung,1,2024,klein,Dashboard einfach,0.78,68
"Maßgeschneiderte E-Commerce-Plattform für Müller GmbH mit 2.000+ Produkten, Kundenkonto-Bereich, Wunschliste, Produktkonfigurator, Multi-Lager-Verwaltung und Anbindung an Warenwirtschaftssystem.",148,219076,CH,CH,PHP,Neuentwicklung,2,2021,mittel,E-Commerce Platform,0.97,96
"Microservice-API für Neumann Services. Python FastAPI, 5 CRUD-Endpoints, Rate-Limiting, API-Key-Verwaltung, automatisierte Tests mit pytest, CI/CD-Pipeline via GitHub Actions.",22,17714,DE,DE-BW,Backend,Neuentwicklung,1,2024,klein,REST API einfach,0.78,90
"Einzel-Landing-Page für Produktlaunch von Krause Retail. A/B-Testing-fähig, mehrsprachig (DE/EN), mit CMS-Anbindung für eigenständige Inhaltspflege. Mobile-first Ansatz.",14,7345,DE,DE-NW,JavaScript,Neuentwicklung,1,2022,klein,Landing Page,0.92,76
"WordPress-Website für Krüger Education mit 8 Unterseiten, Blog-Funktion, mehrsprachigem Plugin (WPML), individuell entwickeltem Child-Theme und Kontaktformular mit DSGVO-konformer Datenspeicherung.",6,4547,DE,DE-BE,PHP,Neuentwicklung,1,2021,klein,WordPress Website,0.97,60
"Einzel-Landing-Page für Produktlaunch von Zimmermann IT. A/B-Testing-fähig, mehrsprachig (DE/EN), mit CMS-Anbindung für eigenständige Inhaltspflege. Mobile-first Ansatz.",8,7062,CH,CH,JavaScript,Neuentwicklung,1,2024,klein,Landing Page,0.78,124
"Weiterentwicklung und Bugfixing der bestehenden PHP-Anwendung von Weiß Transport. Code-Review, Behebung von 15 kritischen Bugs, Performance-Optimierung der Datenbankabfragen, Upgrade auf PHP 8.2.",9,9190,AT,AT,PHP,Weiterentwicklung,1,2025,klein,Legacy Bugfixing & Weiterentwicklung,0.72,71
"Integration-Layer für Zimmermann IT. Apache Kafka, 6 Kafka-Topics, Schema-Registry, Dead-Letter-Queue, automatisches Alerting bei Verarbeitungsfehlern, API-Rate-Limit-Management.",91,109474,DE,DE-BE,Backend,Neuentwicklung,2,2020,mittel,API-Integration Middleware,1.0,72
"Analyse-Dashboard für Frank Legal mit Python Dash, Anbindung an 3 Datenquellen, Zeitreihenanalyse, Prognose-Modell für nächste 30 Tage, rollenbasierte Sichtbarkeit.",28,76041,DE,DE-BW,Python/ML,Neuentwicklung,3,2024,mittel,Reporting & Analytics Tool,0.78,100
"Integration-Layer für Wagner Immobilien. Apache Kafka, 6 Kafka-Topics, Schema-Registry, Dead-Letter-Queue, automatisches Alerting bei Verarbeitungsfehlern, API-Rate-Limit-Management.",67,192806,CH,CH,Backend,Neuentwicklung,3,2024,mittel,API-Integration Middleware,0.78,129
"Online-Buchungssystem für Hoffmann Solutions mit Kalenderansicht, automatischen E-Mail-Erinnerungen, Zahlungsintegration via Stripe und Admin-Backend zur Terminverwaltung. React Frontend, Node.js Backend.",24,31783,CH,CH,JavaScript,Neuentwicklung,1,2023,klein,Buchungssystem klein,0.85,120
"Terminbuchungsportal für Hoffmann Solutions (bis 5 Mitarbeiter). Kundenlogin, Verfügbarkeitsprüfung in Echtzeit, iCal-Export, SMS-Erinnerungen via Twilio, DSGVO-konformes Datenschutz-Setup.",23,13455,AT,AT,JavaScript,Neuentwicklung,1,2019,klein,Buchungssystem klein,1.0,70
"SAP S/4HANA-Anbindung für Becker & Partner. Fiori-ähnliches Portal, RFC-Schnittstellen für MM/PP/FI, Custom ABAP-Entwicklung, Echtzeit-Datensynchronisation, Rollout auf 3 Werke.",134,730897,DE,DE-BE,SAP,Neuentwicklung,7,2023,gross,SAP-Integration Portal,0.85,110
"Vollständige Neuentwicklung des Kernbanksystems von Hoffmann Solutions. Java Spring Boot Microservices, Event Sourcing, CQRS, Migrationsskripte für 2 Mio. Datensätze, Compliance-Anforderungen BaFin.",660,2007022,AT,AT,Java,Migration,6,2019,gross,Legacy Migration Enterprise,1.0,75
"Maßgeschneiderte E-Commerce-Plattform für Wagner Immobilien mit 2.000+ Produkten, Kundenkonto-Bereich, Wunschliste, Produktkonfigurator, Multi-Lager-Verwaltung und Anbindung an Warenwirtschaftssystem.",106,121288,AT,AT,PHP,Neuentwicklung,2,2022,mittel,E-Commerce Platform,0.92,65
"Shopify-Onlineshop für Klein Software. Custom-Theme, bis zu 500 Produkte, Anbindung an DHL-Versandschnittstelle, Gutscheinsystem, Produktbewertungen und Newsletter-Integration.",25,18524,CH,CH,PHP,Neuentwicklung,1,2021,klein,Einfacher Online-Shop,0.97,96
"Weiterentwicklung und Bugfixing der bestehenden PHP-Anwendung von Schmidt AG. Code-Review, Behebung von 15 kritischen Bugs, Performance-Optimierung der Datenbankabfragen, Upgrade auf PHP 8.2.",4,7323,DE,DE-NW,PHP,Weiterentwicklung,1,2025,klein,Legacy Bugfixing & Weiterentwicklung,0.72,71
"Management-Dashboard für Zimmermann IT zur Visualisierung von Verkaufszahlen. React mit Recharts, Datenbankanbindung über bestehende API, Exportfunktion als PDF/Excel, Nutzerrollen-System.",21,13242,DE,DE-SN,JavaScript,Neuentwicklung,1,2025,klein,Dashboard einfach,0.72,72
"HR-Self-Service-Portal für Braun Logistics (150 Mitarbeiter). Vue.js, REST API, Gehaltsabruf-Modul, Weiterbildungskalender, digitale Personalakte, rollenbasierte Zugriffsrechte, DSGVO-konformes Audit-Log.",62,142639,CH,CH,JavaScript,Neuentwicklung,2,2024,mittel,Mitarbeiterportal,0.78,124
"Internes Mitarbeiterportal für Hoffmann Solutions (80 Nutzer) mit SSO-Anbindung via Azure AD, Urlaubsantrag-Workflow, Dokumentenverwaltung, News-Feed und Organigramm-Darstellung. React Frontend, Node.js Backend, PostgreSQL.",65,84024,DE,DE-HH,JavaScript,Neuentwicklung,2,2018,mittel,Mitarbeiterportal,1.0,71
"Krankenhausinformationssystem-Modul für Lange Finance. HL7-Messaging, DICOM-Viewer-Integration, Medikationsplan-Modul nach BMP-Standard, IHE-XDS-Dokumentenmanagement, BSI-Grundschutz.",249,671756,DE,DE-HH,Java,Neuentwicklung,3,2023,gross,Gesundheitswesenportal,0.85,89
"Wartung und Erweiterung des bestehenden WordPress-Systems von Weiß Transport. Plugin-Updates, Sicherheits-Audit, neue Such- und Filterfunktionen, Optimierung der Ladezeiten auf unter 2 Sekunden.",15,6416,DE,DE-TH,PHP,Weiterentwicklung,1,2018,klein,Legacy Bugfixing & Weiterentwicklung,1.0,48
"Management-Dashboard für Braun Logistics zur Visualisierung von Verkaufszahlen. React mit Recharts, Datenbankanbindung über bestehende API, Exportfunktion als PDF/Excel, Nutzerrollen-System.",18,20205,CH,CH,JavaScript,Neuentwicklung,1,2025,klein,Dashboard einfach,0.72,128
"Vertriebssteuerungs-CRM für Lange Finance. React, GraphQL API, Angebots-Erstellung mit PDF-Export, Wiedervorlage-System, Outlook-Kalender-Synchronisation, Mobilansicht für Außendienst.",61,80645,DE,DE-SN,JavaScript,Neuentwicklung,3,2019,mittel,CRM-System,1.0,60
"Management-Dashboard für Fischer Handel zur Visualisierung von Verkaufszahlen. React mit Recharts, Datenbankanbindung über bestehende API, Exportfunktion als PDF/Excel, Nutzerrollen-System.",28,19241,DE,DE-BW,JavaScript,Neuentwicklung,1,2024,klein,Dashboard einfach,0.78,87
"Buchungs- und Reservierungsplattform für Becker Pharma mit Multi-Location-Support, dynamischer Preisgestaltung, Gruppenreservierungen, Stornogebühren-Logik und Anbindung an Zahlungsanbieter.",85,142950,DE,DE-HE,JavaScript,Neuentwicklung,3,2023,mittel,Buchungssystem mittel,0.85,81
"Weiterentwicklung und Bugfixing der bestehenden PHP-Anwendung von Braun Logistics. Code-Review, Behebung von 15 kritischen Bugs, Performance-Optimierung der Datenbankabfragen, Upgrade auf PHP 8.2.",11,6286,DE,DE-SN,PHP,Weiterentwicklung,1,2023,klein,Legacy Bugfixing & Weiterentwicklung,0.85,57
"Weiterentwicklung und Bugfixing der bestehenden PHP-Anwendung von Hartmann Health. Code-Review, Behebung von 15 kritischen Bugs, Performance-Optimierung der Datenbankabfragen, Upgrade auf PHP 8.2.",18,12493,DE,DE-NW,PHP,Weiterentwicklung,1,2025,klein,Legacy Bugfixing & Weiterentwicklung,0.72,71
"Maßgeschneidertes CRM für Neumann Services mit Kontaktverwaltung, Pipeline-Tracking, E-Mail-Integration via IMAP/SMTP, Aktivitäten-Log, Reporting-Dashboard und CSV-Import für Bestandsdaten.",56,114168,AT,AT,JavaScript,Neuentwicklung,3,2023,mittel,CRM-System,0.85,78
"Business-Intelligence-Tool für Meier Manufacturing mit automatisierten Tagesberichten, interaktiven Drill-Down-Charts, Anomalie-Erkennung bei KPIs, Slack-Integration für Alerts und Export-Funktion.",57,106706,DE,DE-BW,Python/ML,Neuentwicklung,3,2021,mittel,Reporting & Analytics Tool,0.97,91
"WooCommerce-Shop für Lange Finance mit bis zu 200 Produkten, Stripe- und PayPal-Zahlungsanbindung, automatisierter Bestellbestätigung per E-Mail und einfacher Lagerverwaltung.",12,9063,DE,DE-BE,PHP,Neuentwicklung,1,2024,klein,Einfacher Online-Shop,0.78,66
"Middleware-Lösung für Lange Finance zur Anbindung von 4 Drittsystemen (CRM, ERP, Shop, Versand). Message-Queue via RabbitMQ, Retry-Logik, Monitoring-Dashboard, detailliertes Fehler-Logging.",77,193463,CH,CH,Backend,Neuentwicklung,3,2020,mittel,API-Integration Middleware,1.0,115
"Internes Mitarbeiterportal für Klein Software (80 Nutzer) mit SSO-Anbindung via Azure AD, Urlaubsantrag-Workflow, Dokumentenverwaltung, News-Feed und Organigramm-Darstellung. React Frontend, Node.js Backend, PostgreSQL.",45,70346,DE,DE-BE,JavaScript,Neuentwicklung,2,2025,mittel,Mitarbeiterportal,0.72,80
"Cross-Platform-App (iOS & Android) für Schulz Media mit 12 Screens, Nutzerregistrierung, Push-Notifications, Offline-Fähigkeit durch lokale SQLite-Datenbank und REST-API-Anbindung. React Native.",192,199523,AT,AT,Mobile,Neuentwicklung,2,2018,mittel,Mobile App mittel,1.0,75
"Microservice-API für Maier Group. Python FastAPI, 5 CRUD-Endpoints, Rate-Limiting, API-Key-Verwaltung, automatisierte Tests mit pytest, CI/CD-Pipeline via GitHub Actions.",23,18371,DE,DE-BY,Backend,Neuentwicklung,1,2024,klein,REST API einfach,0.78,93
"Weiterentwicklung und Bugfixing der bestehenden PHP-Anwendung von Wolf Systems. Code-Review, Behebung von 15 kritischen Bugs, Performance-Optimierung der Datenbankabfragen, Upgrade auf PHP 8.2.",18,7767,DE,DE-BY,PHP,Weiterentwicklung,1,2023,klein,Legacy Bugfixing & Weiterentwicklung,0.85,73
"Ablösung des Legacy-Systems von Fischer Handel (15 Jahre alt, COBOL/Oracle). Strangler-Fig-Muster, schrittweise Migration von 40 Modulen, paralleler Betrieb beider Systeme für 6 Monate, Zero-Downtime-Cutover.",466,867954,DE,DE-BE,Java,Migration,3,2021,gross,Legacy Migration Enterprise,1.0,76
"Weiterentwicklung und Bugfixing der bestehenden PHP-Anwendung von Schulz Media. Code-Review, Behebung von 15 kritischen Bugs, Performance-Optimierung der Datenbankabfragen, Upgrade auf PHP 8.2.",16,10502,DE,DE-HE,PHP,Weiterentwicklung,1,2019,klein,Legacy Bugfixing & Weiterentwicklung,1.0,61
"KPI-Dashboard für Meier Manufacturing. Vue.js Frontend, Echtzeit-Daten via WebSocket, 6 Chart-Typen, automatische E-Mail-Reports, Filterung nach Zeitraum und Region.",23,11750,DE,DE-BE,JavaScript,Neuentwicklung,1,2018,klein,Dashboard einfach,1.0,65
"Vertriebssteuerungs-CRM für Becker Pharma. React, GraphQL API, Angebots-Erstellung mit PDF-Export, Wiedervorlage-System, Outlook-Kalender-Synchronisation, Mobilansicht für Außendienst.",64,177867,CH,CH,JavaScript,Neuentwicklung,3,2024,mittel,CRM-System,0.78,124
"Responsive Landing Page für Klein Software mit Kontaktformular, SEO-Optimierung und Google Analytics Integration. Design nach Kundenvorgabe in Figma, Umsetzung mit React und Tailwind CSS.",7,5503,AT,AT,JavaScript,Neuentwicklung,1,2024,klein,Landing Page,0.78,81
"Shopify-Onlineshop für Weber Consulting. Custom-Theme, bis zu 500 Produkte, Anbindung an DHL-Versandschnittstelle, Gutscheinsystem, Produktbewertungen und Newsletter-Integration.",34,24247,DE,DE-BY,PHP,Neuentwicklung,1,2025,klein,Einfacher Online-Shop,0.72,78
"Krankenhausinformationssystem-Modul für Hartmann Health. HL7-Messaging, DICOM-Viewer-Integration, Medikationsplan-Modul nach BMP-Standard, IHE-XDS-Dokumentenmanagement, BSI-Grundschutz.",259,1483180,CH,CH,Java,Neuentwicklung,6,2024,gross,Gesundheitswesenportal,0.78,134
"WooCommerce-Shop für Frank Legal mit bis zu 200 Produkten, Stripe- und PayPal-Zahlungsanbindung, automatisierter Bestellbestätigung per E-Mail und einfacher Lagerverwaltung.",28,10480,DE,DE-TH,PHP,Neuentwicklung,1,2020,klein,Einfacher Online-Shop,1.0,51
"Wartung und Erweiterung des bestehenden WordPress-Systems von Braun Logistics. Plugin-Updates, Sicherheits-Audit, neue Such- und Filterfunktionen, Optimierung der Ladezeiten auf unter 2 Sekunden.",18,9965,DE,DE-SN,PHP,Weiterentwicklung,1,2026,klein,Legacy Bugfixing & Weiterentwicklung,0.68,63
"SAP S/4HANA-Anbindung für Lange Finance. Fiori-ähnliches Portal, RFC-Schnittstellen für MM/PP/FI, Custom ABAP-Entwicklung, Echtzeit-Datensynchronisation, Rollout auf 3 Werke.",175,1004535,AT,AT,SAP,Neuentwicklung,7,2025,gross,SAP-Integration Portal,0.72,122
"Terminbuchungsportal für Müller GmbH (bis 5 Mitarbeiter). Kundenlogin, Verfügbarkeitsprüfung in Echtzeit, iCal-Export, SMS-Erinnerungen via Twilio, DSGVO-konformes Datenschutz-Setup.",29,25333,DE,DE-HE,JavaScript,Neuentwicklung,1,2026,klein,Buchungssystem klein,0.68,88
"Intelligentes Archivierungssystem für Neumann Services. OCR-Pipeline für Papierdokumente, ML-Modell zur Erkennung von Dokumententypen (98% Accuracy), automatische Metadaten-Extraktion, API für Drittsysteme.",248,291051,DE,DE-SN,Python/ML,Neuentwicklung,3,2019,gross,ML Dokumentenmanagement,1.0,69
"Microservice-API für Wolf Systems. Python FastAPI, 5 CRUD-Endpoints, Rate-Limiting, API-Key-Verwaltung, automatisierte Tests mit pytest, CI/CD-Pipeline via GitHub Actions.",31,18226,DE,DE-HH,Backend,Neuentwicklung,1,2023,klein,REST API einfach,0.85,86
"Middleware-Lösung für Zimmermann IT zur Anbindung von 4 Drittsystemen (CRM, ERP, Shop, Versand). Message-Queue via RabbitMQ, Retry-Logik, Monitoring-Dashboard, detailliertes Fehler-Logging.",90,135217,CH,CH,Backend,Neuentwicklung,2,2022,mittel,API-Integration Middleware,0.92,123
"Management-Dashboard für Meier Manufacturing zur Visualisierung von Verkaufszahlen. React mit Recharts, Datenbankanbindung über bestehende API, Exportfunktion als PDF/Excel, Nutzerrollen-System.",29,16083,DE,DE-BE,JavaScript,Neuentwicklung,1,2020,klein,Dashboard einfach,1.0,69
"Microservice-API für Zimmermann IT. Python FastAPI, 5 CRUD-Endpoints, Rate-Limiting, API-Key-Verwaltung, automatisierte Tests mit pytest, CI/CD-Pipeline via GitHub Actions.",14,12527,DE,DE-BY,Backend,Neuentwicklung,1,2022,klein,REST API einfach,0.92,88
"Online-Buchungssystem für Hoffmann Solutions mit Kalenderansicht, automatischen E-Mail-Erinnerungen, Zahlungsintegration via Stripe und Admin-Backend zur Terminverwaltung. React Frontend, Node.js Backend.",25,15593,DE,DE-BW,JavaScript,Neuentwicklung,1,2024,klein,Buchungssystem klein,0.78,87
"Vertriebssteuerungs-CRM für Meier Manufacturing. React, GraphQL API, Angebots-Erstellung mit PDF-Export, Wiedervorlage-System, Outlook-Kalender-Synchronisation, Mobilansicht für Außendienst.",63,128855,DE,DE-BY,JavaScript,Neuentwicklung,3,2024,mittel,CRM-System,0.78,89
"Online-Buchungssystem für Schäfer Insurance mit Kalenderansicht, automatischen E-Mail-Erinnerungen, Zahlungsintegration via Stripe und Admin-Backend zur Terminverwaltung. React Frontend, Node.js Backend.",39,27212,DE,DE-BE,JavaScript,Neuentwicklung,1,2025,klein,Buchungssystem klein,0.72,80
"Buchungs- und Reservierungsplattform für Köhler Automotive mit Multi-Location-Support, dynamischer Preisgestaltung, Gruppenreservierungen, Stornogebühren-Logik und Anbindung an Zahlungsanbieter.",78,73918,DE,DE-BE,JavaScript,Neuentwicklung,2,2019,mittel,Buchungssystem mittel,1.0,67
"Cross-Platform-App (iOS & Android) für Frank Legal mit 12 Screens, Nutzerregistrierung, Push-Notifications, Offline-Fähigkeit durch lokale SQLite-Datenbank und REST-API-Anbindung. React Native.",97,186502,DE,DE-BE,Mobile,Neuentwicklung,3,2023,mittel,Mobile App mittel,0.85,83
"Enterprise-E-Commerce-Plattform für Lange Finance mit 50.000+ Produkten, Multi-Mandanten-Fähigkeit, Echtzeit-Bestandssynchronisation, KI-gestützter Produktempfehlung, A/B-Testing-Framework und DACH-Lokalisierung.",301,672400,AT,AT,Java,Neuentwicklung,3,2020,gross,Enterprise E-Commerce,1.0,77
"B2B-Online-Shop für Neumann Services. Shopware 6, kundenspezifische Preislisten, Bestelllimits, CSV-Massenimport, ERP-Schnittstelle zu SAP Business One, Rechnungsstellung per EDI.",126,186727,DE,DE-BY,PHP,Neuentwicklung,3,2023,mittel,E-Commerce Platform,0.85,73
"Analyse-Dashboard für Meier Manufacturing mit Python Dash, Anbindung an 3 Datenquellen, Zeitreihenanalyse, Prognose-Modell für nächste 30 Tage, rollenbasierte Sichtbarkeit.",50,94223,DE,DE-TH,Python/ML,Neuentwicklung,3,2023,mittel,Reporting & Analytics Tool,0.85,76
"Shopify-Onlineshop für Köhler Automotive. Custom-Theme, bis zu 500 Produkte, Anbindung an DHL-Versandschnittstelle, Gutscheinsystem, Produktbewertungen und Newsletter-Integration.",37,21282,DE,DE-HE,PHP,Neuentwicklung,1,2026,klein,Einfacher Online-Shop,0.68,75
"Intelligentes Archivierungssystem für Schulz Media. OCR-Pipeline für Papierdokumente, ML-Modell zur Erkennung von Dokumententypen (98% Accuracy), automatische Metadaten-Extraktion, API für Drittsysteme.",303,906594,DE,DE-SN,Python/ML,Neuentwicklung,7,2019,gross,ML Dokumentenmanagement,1.0,69
"Business-Intelligence-Tool für Hoffmann Solutions mit automatisierten Tagesberichten, interaktiven Drill-Down-Charts, Anomalie-Erkennung bei KPIs, Slack-Integration für Alerts und Export-Funktion.",60,87818,DE,DE-BE,Python/ML,Neuentwicklung,2,2023,mittel,Reporting & Analytics Tool,0.85,87
"Responsive Landing Page für Meier Manufacturing mit Kontaktformular, SEO-Optimierung und Google Analytics Integration. Design nach Kundenvorgabe in Figma, Umsetzung mit React und Tailwind CSS.",10,7189,DE,DE-BE,JavaScript,Neuentwicklung,1,2022,klein,Landing Page,0.92,73
"Digitales Patientenportal für Braun Logistics mit KV-Anbindung, HL7 FHIR Schnittstelle, Telematikinfrastruktur-Anbindung, ePA-Integration, DSGVO- und KRITIS-konformes Sicherheitskonzept.",307,829650,DE,DE-HH,Java,Neuentwicklung,4,2021,gross,Gesundheitswesenportal,0.97,83
"Terminbuchungsportal für Schulz Media (bis 5 Mitarbeiter). Kundenlogin, Verfügbarkeitsprüfung in Echtzeit, iCal-Export, SMS-Erinnerungen via Twilio, DSGVO-konformes Datenschutz-Setup.",17,12067,DE,DE-HH,JavaScript,Neuentwicklung,1,2021,klein,Buchungssystem klein,0.97,78
"Management-Dashboard für Schulz Media zur Visualisierung von Verkaufszahlen. React mit Recharts, Datenbankanbindung über bestehende API, Exportfunktion als PDF/Excel, Nutzerrollen-System.",43,29097,DE,DE-NW,JavaScript,Neuentwicklung,1,2025,klein,Dashboard einfach,0.72,84
"Unternehmenswebsite für Schmidt AG auf WordPress-Basis. Custom-Theme-Entwicklung, WooCommerce-Integration für digitale Downloads, SEO-Plugin-Konfiguration, Hosting-Setup.",24,9174,DE,DE-BY,PHP,Neuentwicklung,1,2020,klein,WordPress Website,1.0,66
"Wartung und Erweiterung des bestehenden WordPress-Systems von Frank Legal. Plugin-Updates, Sicherheits-Audit, neue Such- und Filterfunktionen, Optimierung der Ladezeiten auf unter 2 Sekunden.",29,13569,AT,AT,PHP,Weiterentwicklung,1,2020,klein,Legacy Bugfixing & Weiterentwicklung,1.0,60
"Churn-Prediction-System für Fischer Handel. Feature Engineering auf 50+ Variablen, XGBoost-Ensemble, SHAP-Erklärbarkeit, automatische Handlungsempfehlungen, A/B-Test-Framework zur Validierung.",142,449323,DE,DE-BE,Python/ML,Neuentwicklung,5,2023,gross,ML Predictive Analytics,0.85,87
"WordPress-Website für Koch Industries mit 8 Unterseiten, Blog-Funktion, mehrsprachigem Plugin (WPML), individuell entwickeltem Child-Theme und Kontaktformular mit DSGVO-konformer Datenspeicherung.",15,8403,AT,AT,PHP,Neuentwicklung,1,2022,klein,WordPress Website,0.92,65
"Middleware-Lösung für Hartmann Health zur Anbindung von 4 Drittsystemen (CRM, ERP, Shop, Versand). Message-Queue via RabbitMQ, Retry-Logik, Monitoring-Dashboard, detailliertes Fehler-Logging.",110,174487,AT,AT,Backend,Neuentwicklung,3,2023,mittel,API-Integration Middleware,0.85,82
"REST API für Köhler Automotive mit 8 Endpoints, JWT-Authentifizierung, PostgreSQL-Datenbank, automatischer Swagger-Dokumentation und Docker-Containerisierung für einfaches Deployment.",23,15447,DE,DE-BW,Backend,Neuentwicklung,1,2023,klein,REST API einfach,0.85,88
"Event-Ticketing-System für Maier Group. Next.js, Seat-Map-Visualisierung, QR-Code-Ticket-Generierung, Warteliste, Gutscheinverwaltung, automatische Kapazitätssteuerung.",93,129389,CH,CH,JavaScript,Neuentwicklung,2,2019,mittel,Buchungssystem mittel,1.0,107
"Vollständige Neuentwicklung des Kernbanksystems von Wolf Systems. Java Spring Boot Microservices, Event Sourcing, CQRS, Migrationsskripte für 2 Mio. Datensätze, Compliance-Anforderungen BaFin.",368,980405,DE,DE-HH,Java,Migration,3,2024,gross,Legacy Migration Enterprise,1.0,92
"Middleware-Lösung für Meier Manufacturing zur Anbindung von 4 Drittsystemen (CRM, ERP, Shop, Versand). Message-Queue via RabbitMQ, Retry-Logik, Monitoring-Dashboard, detailliertes Fehler-Logging.",38,89860,DE,DE-BY,Backend,Neuentwicklung,3,2026,mittel,API-Integration Middleware,0.68,98
"Analyse-Dashboard für Lange Finance mit Python Dash, Anbindung an 3 Datenquellen, Zeitreihenanalyse, Prognose-Modell für nächste 30 Tage, rollenbasierte Sichtbarkeit.",54,90744,DE,DE-BY,Python/ML,Neuentwicklung,2,2024,mittel,Reporting & Analytics Tool,0.78,103
"Management-Dashboard für Müller GmbH zur Visualisierung von Verkaufszahlen. React mit Recharts, Datenbankanbindung über bestehende API, Exportfunktion als PDF/Excel, Nutzerrollen-System.",34,21924,DE,DE-BE,JavaScript,Neuentwicklung,1,2025,klein,Dashboard einfach,0.72,80
"KPI-Dashboard für Krause Retail. Vue.js Frontend, Echtzeit-Daten via WebSocket, 6 Chart-Typen, automatische E-Mail-Reports, Filterung nach Zeitraum und Region.",39,22640,DE,DE-BE,JavaScript,Neuentwicklung,1,2019,klein,Dashboard einfach,1.0,67
"B2B-Handelsplattform für Lange Finance. Microservices-Architektur (12 Services), Kubernetes-Deployment, Punchout-Katalog für EDI-Anbindung, dynamische Preislogik, Self-Service-Kundenportal.",307,807533,DE,DE-HE,Java,Neuentwicklung,4,2020,gross,Enterprise E-Commerce,1.0,79
"WordPress-Website für Schäfer Insurance mit 8 Unterseiten, Blog-Funktion, mehrsprachigem Plugin (WPML), individuell entwickeltem Child-Theme und Kontaktformular mit DSGVO-konformer Datenspeicherung.",17,12210,DE,DE-BY,PHP,Neuentwicklung,1,2023,klein,WordPress Website,0.85,73
"Datenmigration für Krause Retail von Oracle 11g auf PostgreSQL 15. Schema-Mapping, Stored-Procedure-Umschreibung, Performance-Tests, Zero-Downtime-Migration mit Dual-Write-Ansatz.",111,185214,AT,AT,Backend,Migration,3,2025,mittel,Datenmigraton,1.0,88
"Krankenhausinformationssystem-Modul für Richter Tech. HL7-Messaging, DICOM-Viewer-Integration, Medikationsplan-Modul nach BMP-Standard, IHE-XDS-Dokumentenmanagement, BSI-Grundschutz.",294,877994,DE,DE-BE,Java,Neuentwicklung,5,2024,gross,Gesundheitswesenportal,0.78,84
"B2B-Online-Shop für Schäfer Insurance. Shopware 6, kundenspezifische Preislisten, Bestelllimits, CSV-Massenimport, ERP-Schnittstelle zu SAP Business One, Rechnungsstellung per EDI.",87,114854,DE,DE-NW,PHP,Neuentwicklung,2,2024,mittel,E-Commerce Platform,0.78,69
"Predictive-Analytics-Plattform für Richter Tech. Nachfrageprognose mit LSTM-Modell (MAPE < 8%), Anomalie-Erkennung im Produktionsprozess, MLflow für Modell-Versionierung, REST API für ERP-Anbindung, monatliches Retraining.",244,978760,DE,DE-HH,Python/ML,Neuentwicklung,7,2022,gross,ML Predictive Analytics,0.92,92
"KI-gestütztes Dokumentenmanagementsystem für Fischer Handel mit automatischer Klassifikation per NLP (BERT), Volltextsuche via Elasticsearch, Versionierung, Zugriffsrollen und DSGVO-konformem Hosting auf deutschen Servern.",160,984759,CH,CH,Python/ML,Neuentwicklung,7,2023,gross,ML Dokumentenmanagement,0.85,139
"Digitales Patientenportal für Hoffmann Solutions mit KV-Anbindung, HL7 FHIR Schnittstelle, Telematikinfrastruktur-Anbindung, ePA-Integration, DSGVO- und KRITIS-konformes Sicherheitskonzept.",200,531329,DE,DE-SN,Java,Neuentwicklung,3,2022,gross,Gesundheitswesenportal,0.92,71
"B2B-Handelsplattform für Schulz Media. Microservices-Architektur (12 Services), Kubernetes-Deployment, Punchout-Katalog für EDI-Anbindung, dynamische Preislogik, Self-Service-Kundenportal.",499,1384158,DE,DE-TH,Java,Neuentwicklung,7,2018,gross,Enterprise E-Commerce,1.0,61
"Event-Ticketing-System für Schäfer Insurance. Next.js, Seat-Map-Visualisierung, QR-Code-Ticket-Generierung, Warteliste, Gutscheinverwaltung, automatische Kapazitätssteuerung.",59,93125,DE,DE-BY,JavaScript,Neuentwicklung,2,2025,mittel,Buchungssystem mittel,0.72,92
"Buchungs- und Reservierungsplattform für Lange Finance mit Multi-Location-Support, dynamischer Preisgestaltung, Gruppenreservierungen, Stornogebühren-Logik und Anbindung an Zahlungsanbieter.",55,61774,DE,DE-SN,JavaScript,Neuentwicklung,2,2023,mittel,Buchungssystem mittel,0.85,67
"Management-Dashboard für Koch Industries zur Visualisierung von Verkaufszahlen. React mit Recharts, Datenbankanbindung über bestehende API, Exportfunktion als PDF/Excel, Nutzerrollen-System.",41,22766,DE,DE-BW,JavaScript,Neuentwicklung,1,2022,klein,Dashboard einfach,0.92,81
"Online-Buchungssystem für Neumann Services mit Kalenderansicht, automatischen E-Mail-Erinnerungen, Zahlungsintegration via Stripe und Admin-Backend zur Terminverwaltung. React Frontend, Node.js Backend.",27,18851,DE,DE-BW,JavaScript,Neuentwicklung,1,2024,klein,Buchungssystem klein,0.78,87
"B2B-Handelsplattform für Meier Manufacturing. Microservices-Architektur (12 Services), Kubernetes-Deployment, Punchout-Katalog für EDI-Anbindung, dynamische Preislogik, Self-Service-Kundenportal.",334,1148191,CH,CH,Java,Neuentwicklung,4,2021,gross,Enterprise E-Commerce,0.97,121
"KPI-Dashboard für Frank Legal. Vue.js Frontend, Echtzeit-Daten via WebSocket, 6 Chart-Typen, automatische E-Mail-Reports, Filterung nach Zeitraum und Region.",30,25544,CH,CH,JavaScript,Neuentwicklung,1,2025,klein,Dashboard einfach,0.72,128
"Microservice-API für Wagner Immobilien. Python FastAPI, 5 CRUD-Endpoints, Rate-Limiting, API-Key-Verwaltung, automatisierte Tests mit pytest, CI/CD-Pipeline via GitHub Actions.",26,13189,DE,DE-HE,Backend,Neuentwicklung,1,2021,klein,REST API einfach,0.97,79
"KPI-Dashboard für Krause Retail. Vue.js Frontend, Echtzeit-Daten via WebSocket, 6 Chart-Typen, automatische E-Mail-Reports, Filterung nach Zeitraum und Region.",33,22135,DE,DE-BE,JavaScript,Neuentwicklung,1,2023,klein,Dashboard einfach,0.85,75
"Migration der Altdaten von Schmidt AG aus Legacy-System (MS Access) in neue PostgreSQL-Datenbank. ETL-Pipeline, Datenbereinigung, Validierungsregeln, Testläufe mit Rollback-Funktion, Dokumentation.",78,118450,AT,AT,Backend,Migration,3,2022,mittel,Datenmigraton,1.0,80
"Digitales Patientenportal für Becker & Partner mit KV-Anbindung, HL7 FHIR Schnittstelle, Telematikinfrastruktur-Anbindung, ePA-Integration, DSGVO- und KRITIS-konformes Sicherheitskonzept.",374,1231532,AT,AT,Java,Neuentwicklung,6,2021,gross,Gesundheitswesenportal,0.97,79
"Krankenhausinformationssystem-Modul für Zimmermann IT. HL7-Messaging, DICOM-Viewer-Integration, Medikationsplan-Modul nach BMP-Standard, IHE-XDS-Dokumentenmanagement, BSI-Grundschutz.",339,868023,DE,DE-HH,Java,Neuentwicklung,4,2024,gross,Gesundheitswesenportal,0.78,92
"Vertriebssteuerungs-CRM für Lange Finance. React, GraphQL API, Angebots-Erstellung mit PDF-Export, Wiedervorlage-System, Outlook-Kalender-Synchronisation, Mobilansicht für Außendienst.",68,82919,DE,DE-BY,JavaScript,Neuentwicklung,2,2023,mittel,CRM-System,0.85,86
"HR-Self-Service-Portal für Köhler Automotive (150 Mitarbeiter). Vue.js, REST API, Gehaltsabruf-Modul, Weiterbildungskalender, digitale Personalakte, rollenbasierte Zugriffsrechte, DSGVO-konformes Audit-Log.",79,195502,CH,CH,JavaScript,Neuentwicklung,3,2019,mittel,Mitarbeiterportal,1.0,107
"Terminbuchungsportal für Frank Legal (bis 5 Mitarbeiter). Kundenlogin, Verfügbarkeitsprüfung in Echtzeit, iCal-Export, SMS-Erinnerungen via Twilio, DSGVO-konformes Datenschutz-Setup.",40,35709,CH,CH,JavaScript,Neuentwicklung,1,2022,klein,Buchungssystem klein,0.92,116
"Online-Buchungssystem für Schäfer Insurance mit Kalenderansicht, automatischen E-Mail-Erinnerungen, Zahlungsintegration via Stripe und Admin-Backend zur Terminverwaltung. React Frontend, Node.js Backend.",45,29751,DE,DE-BY,JavaScript,Neuentwicklung,1,2018,klein,Buchungssystem klein,1.0,74
"KPI-Dashboard für Schäfer Insurance. Vue.js Frontend, Echtzeit-Daten via WebSocket, 6 Chart-Typen, automatische E-Mail-Reports, Filterung nach Zeitraum und Region.",18,18927,CH,CH,JavaScript,Neuentwicklung,1,2019,klein,Dashboard einfach,1.0,107
"KPI-Dashboard für Becker & Partner. Vue.js Frontend, Echtzeit-Daten via WebSocket, 6 Chart-Typen, automatische E-Mail-Reports, Filterung nach Zeitraum und Region.",26,15313,DE,DE-NW,JavaScript,Neuentwicklung,1,2024,klein,Dashboard einfach,0.78,81
"Cross-Platform-App (iOS & Android) für Schäfer Insurance mit 12 Screens, Nutzerregistrierung, Push-Notifications, Offline-Fähigkeit durch lokale SQLite-Datenbank und REST-API-Anbindung. React Native.",115,109243,DE,DE-TH,Mobile,Neuentwicklung,2,2020,mittel,Mobile App mittel,1.0,66
"B2B-Handelsplattform für Köhler Automotive. Microservices-Architektur (12 Services), Kubernetes-Deployment, Punchout-Katalog für EDI-Anbindung, dynamische Preislogik, Self-Service-Kundenportal.",384,675460,DE,DE-SN,Java,Neuentwicklung,4,2020,gross,Enterprise E-Commerce,1.0,66
"KI-gestütztes Dokumentenmanagementsystem für Hartmann Health mit automatischer Klassifikation per NLP (BERT), Volltextsuche via Elasticsearch, Versionierung, Zugriffsrollen und DSGVO-konformem Hosting auf deutschen Servern.",231,594283,AT,AT,Python/ML,Neuentwicklung,4,2022,gross,ML Dokumentenmanagement,0.92,88
"Middleware-Lösung für Frank Legal zur Anbindung von 4 Drittsystemen (CRM, ERP, Shop, Versand). Message-Queue via RabbitMQ, Retry-Logik, Monitoring-Dashboard, detailliertes Fehler-Logging.",70,79559,DE,DE-SN,Backend,Neuentwicklung,2,2021,mittel,API-Integration Middleware,0.97,66
"Terminbuchungsportal für Richter Tech (bis 5 Mitarbeiter). Kundenlogin, Verfügbarkeitsprüfung in Echtzeit, iCal-Export, SMS-Erinnerungen via Twilio, DSGVO-konformes Datenschutz-Setup.",43,26005,DE,DE-HE,JavaScript,Neuentwicklung,1,2022,klein,Buchungssystem klein,0.92,78
"Ablösung des Legacy-Systems von Becker & Partner (15 Jahre alt, COBOL/Oracle). Strangler-Fig-Muster, schrittweise Migration von 40 Modulen, paralleler Betrieb beider Systeme für 6 Monate, Zero-Downtime-Cutover.",452,1176981,DE,DE-HH,Java,Migration,4,2024,gross,Legacy Migration Enterprise,1.0,92
"Unternehmensportal für Wolf Systems (800 Mitarbeiter) mit bidirektionaler SAP HR-Schnittstelle, SSO via Azure AD, Urlaubsmanagement, Zeiterfassung, Gehaltsabruf und Weiterbildungsmodul. React Frontend, Java Spring Boot Backend.",166,555635,DE,DE-BE,SAP,Neuentwicklung,4,2022,gross,SAP-Integration Portal,0.92,107
"Migration der Altdaten von Krüger Education aus Legacy-System (MS Access) in neue PostgreSQL-Datenbank. ETL-Pipeline, Datenbereinigung, Validierungsregeln, Testläufe mit Rollback-Funktion, Dokumentation.",95,143833,DE,DE-HH,Backend,Migration,3,2023,mittel,Datenmigraton,1.0,86
"Wartung und Erweiterung des bestehenden WordPress-Systems von Becker & Partner. Plugin-Updates, Sicherheits-Audit, neue Such- und Filterfunktionen, Optimierung der Ladezeiten auf unter 2 Sekunden.",21,10140,DE,DE-HE,PHP,Weiterentwicklung,1,2021,klein,Legacy Bugfixing & Weiterentwicklung,0.97,64
"Einzel-Landing-Page für Produktlaunch von Schäfer Insurance. A/B-Testing-fähig, mehrsprachig (DE/EN), mit CMS-Anbindung für eigenständige Inhaltspflege. Mobile-first Ansatz.",13,6132,DE,DE-SN,JavaScript,Neuentwicklung,1,2022,klein,Landing Page,0.92,65
"KPI-Dashboard für Lange Finance. Vue.js Frontend, Echtzeit-Daten via WebSocket, 6 Chart-Typen, automatische E-Mail-Reports, Filterung nach Zeitraum und Region.",7,9794,DE,DE-BW,JavaScript,Neuentwicklung,1,2026,klein,Dashboard einfach,0.68,91
"Maßgeschneiderte E-Commerce-Plattform für Lange Finance mit 2.000+ Produkten, Kundenkonto-Bereich, Wunschliste, Produktkonfigurator, Multi-Lager-Verwaltung und Anbindung an Warenwirtschaftssystem.",118,105402,DE,DE-SN,PHP,Neuentwicklung,2,2019,mittel,E-Commerce Platform,1.0,51
"REST API für Bauer Digital mit 8 Endpoints, JWT-Authentifizierung, PostgreSQL-Datenbank, automatischer Swagger-Dokumentation und Docker-Containerisierung für einfaches Deployment.",29,19390,DE,DE-HH,Backend,Neuentwicklung,1,2023,klein,REST API einfach,0.85,86
"KI-gestütztes Dokumentenmanagementsystem für Neumann Services mit automatischer Klassifikation per NLP (BERT), Volltextsuche via Elasticsearch, Versionierung, Zugriffsrollen und DSGVO-konformem Hosting auf deutschen Servern.",270,879483,DE,DE-BE,Python/ML,Neuentwicklung,7,2020,gross,ML Dokumentenmanagement,1.0,80
"KPI-Dashboard für Zimmermann IT. Vue.js Frontend, Echtzeit-Daten via WebSocket, 6 Chart-Typen, automatische E-Mail-Reports, Filterung nach Zeitraum und Region.",27,14668,DE,DE-TH,JavaScript,Neuentwicklung,1,2023,klein,Dashboard einfach,0.85,66
"Business-Intelligence-Tool für Krause Retail mit automatisierten Tagesberichten, interaktiven Drill-Down-Charts, Anomalie-Erkennung bei KPIs, Slack-Integration für Alerts und Export-Funktion.",64,128016,DE,DE-BE,Python/ML,Neuentwicklung,3,2022,mittel,Reporting & Analytics Tool,0.92,84
"Weiterentwicklung und Bugfixing der bestehenden PHP-Anwendung von Becker & Partner. Code-Review, Behebung von 15 kritischen Bugs, Performance-Optimierung der Datenbankabfragen, Upgrade auf PHP 8.2.",19,16010,CH,CH,PHP,Weiterentwicklung,1,2024,klein,Legacy Bugfixing & Weiterentwicklung,0.78,105
"Event-Ticketing-System für Hoffmann Solutions. Next.js, Seat-Map-Visualisierung, QR-Code-Ticket-Generierung, Warteliste, Gutscheinverwaltung, automatische Kapazitätssteuerung.",103,107848,DE,DE-NW,JavaScript,Neuentwicklung,2,2019,mittel,Buchungssystem mittel,1.0,70
"Online-Buchungssystem für Schmidt AG mit Kalenderansicht, automatischen E-Mail-Erinnerungen, Zahlungsintegration via Stripe und Admin-Backend zur Terminverwaltung. React Frontend, Node.js Backend.",31,29859,CH,CH,JavaScript,Neuentwicklung,1,2022,klein,Buchungssystem klein,0.92,116
"SAP S/4HANA-Anbindung für Fischer Handel. Fiori-ähnliches Portal, RFC-Schnittstellen für MM/PP/FI, Custom ABAP-Entwicklung, Echtzeit-Datensynchronisation, Rollout auf 3 Werke.",154,652334,DE,DE-BE,SAP,Neuentwicklung,6,2024,gross,SAP-Integration Portal,0.78,113
"REST API für Maier Group mit 8 Endpoints, JWT-Authentifizierung, PostgreSQL-Datenbank, automatischer Swagger-Dokumentation und Docker-Containerisierung für einfaches Deployment.",4,6514,DE,DE-TH,Backend,Neuentwicklung,1,2021,klein,REST API einfach,0.97,65
"Business-Intelligence-Tool für Hoffmann Solutions mit automatisierten Tagesberichten, interaktiven Drill-Down-Charts, Anomalie-Erkennung bei KPIs, Slack-Integration für Alerts und Export-Funktion.",90,145785,DE,DE-BW,Python/ML,Neuentwicklung,3,2018,mittel,Reporting & Analytics Tool,1.0,84
"Datenmigration für Schäfer Insurance von Oracle 11g auf PostgreSQL 15. Schema-Mapping, Stored-Procedure-Umschreibung, Performance-Tests, Zero-Downtime-Migration mit Dual-Write-Ansatz.",60,72217,DE,DE-BE,Backend,Migration,2,2024,mittel,Datenmigraton,1.0,81
"Responsive Landing Page für Müller GmbH mit Kontaktformular, SEO-Optimierung und Google Analytics Integration. Design nach Kundenvorgabe in Figma, Umsetzung mit React und Tailwind CSS.",6,5418,DE,DE-BE,JavaScript,Neuentwicklung,1,2021,klein,Landing Page,0.97,71
"Cross-Platform-App (iOS & Android) für Hoffmann Solutions mit 12 Screens, Nutzerregistrierung, Push-Notifications, Offline-Fähigkeit durch lokale SQLite-Datenbank und REST-API-Anbindung. React Native.",95,131535,DE,DE-TH,Mobile,Neuentwicklung,3,2023,mittel,Mobile App mittel,0.85,73
"Datenmigration für Fischer Handel von Oracle 11g auf PostgreSQL 15. Schema-Mapping, Stored-Procedure-Umschreibung, Performance-Tests, Zero-Downtime-Migration mit Dual-Write-Ansatz.",56,121443,DE,DE-BW,Backend,Migration,3,2026,mittel,Datenmigraton,1.0,96
"Datenmigration für Neumann Services von Oracle 11g auf PostgreSQL 15. Schema-Mapping, Stored-Procedure-Umschreibung, Performance-Tests, Zero-Downtime-Migration mit Dual-Write-Ansatz.",47,115645,CH,CH,Backend,Migration,2,2025,mittel,Datenmigraton,1.0,134
"B2B-Handelsplattform für Becker & Partner. Microservices-Architektur (12 Services), Kubernetes-Deployment, Punchout-Katalog für EDI-Anbindung, dynamische Preislogik, Self-Service-Kundenportal.",477,802695,DE,DE-SN,Java,Neuentwicklung,4,2019,gross,Enterprise E-Commerce,1.0,64
"WordPress-Website für Weiß Transport mit 8 Unterseiten, Blog-Funktion, mehrsprachigem Plugin (WPML), individuell entwickeltem Child-Theme und Kontaktformular mit DSGVO-konformer Datenspeicherung.",22,9773,DE,DE-SN,PHP,Neuentwicklung,1,2024,klein,WordPress Website,0.78,59
"WooCommerce-Shop für Neumann Services mit bis zu 200 Produkten, Stripe- und PayPal-Zahlungsanbindung, automatisierter Bestellbestätigung per E-Mail und einfacher Lagerverwaltung.",35,16990,DE,DE-NW,PHP,Neuentwicklung,1,2021,klein,Einfacher Online-Shop,0.97,63
"Microservice-API für Wagner Immobilien. Python FastAPI, 5 CRUD-Endpoints, Rate-Limiting, API-Key-Verwaltung, automatisierte Tests mit pytest, CI/CD-Pipeline via GitHub Actions.",24,16789,DE,DE-BW,Backend,Neuentwicklung,1,2022,klein,REST API einfach,0.92,86
"Event-Ticketing-System für Maier Group. Next.js, Seat-Map-Visualisierung, QR-Code-Ticket-Generierung, Warteliste, Gutscheinverwaltung, automatische Kapazitätssteuerung.",51,103089,DE,DE-BE,JavaScript,Neuentwicklung,3,2023,mittel,Buchungssystem mittel,0.85,75
"Maßgeschneiderte E-Commerce-Plattform für Müller GmbH mit 2.000+ Produkten, Kundenkonto-Bereich, Wunschliste, Produktkonfigurator, Multi-Lager-Verwaltung und Anbindung an Warenwirtschaftssystem.",99,103801,DE,DE-BW,PHP,Neuentwicklung,2,2020,mittel,E-Commerce Platform,1.0,64
"SAP S/4HANA-Anbindung für Hoffmann Solutions. Fiori-ähnliches Portal, RFC-Schnittstellen für MM/PP/FI, Custom ABAP-Entwicklung, Echtzeit-Datensynchronisation, Rollout auf 3 Werke.",168,852226,AT,AT,SAP,Neuentwicklung,7,2023,gross,SAP-Integration Portal,0.85,115
"Vollständige Neuentwicklung des Kernbanksystems von Müller GmbH. Java Spring Boot Microservices, Event Sourcing, CQRS, Migrationsskripte für 2 Mio. Datensätze, Compliance-Anforderungen BaFin.",259,953045,DE,DE-TH,Java,Migration,7,2025,gross,Legacy Migration Enterprise,1.0,75
"Churn-Prediction-System für Neumann Services. Feature Engineering auf 50+ Variablen, XGBoost-Ensemble, SHAP-Erklärbarkeit, automatische Handlungsempfehlungen, A/B-Test-Framework zur Validierung.",168,673714,DE,DE-HE,Python/ML,Neuentwicklung,6,2023,gross,ML Predictive Analytics,0.85,93
"Wartung und Erweiterung des bestehenden WordPress-Systems von Klein Software. Plugin-Updates, Sicherheits-Audit, neue Such- und Filterfunktionen, Optimierung der Ladezeiten auf unter 2 Sekunden.",23,12058,AT,AT,PHP,Weiterentwicklung,1,2026,klein,Legacy Bugfixing & Weiterentwicklung,0.68,73
"Maßgeschneiderte E-Commerce-Plattform für Lange Finance mit 2.000+ Produkten, Kundenkonto-Bereich, Wunschliste, Produktkonfigurator, Multi-Lager-Verwaltung und Anbindung an Warenwirtschaftssystem.",57,127784,DE,DE-BW,PHP,Neuentwicklung,3,2026,mittel,E-Commerce Platform,0.68,78
"KI-gestütztes Dokumentenmanagementsystem für Hartmann Health mit automatischer Klassifikation per NLP (BERT), Volltextsuche via Elasticsearch, Versionierung, Zugriffsrollen und DSGVO-konformem Hosting auf deutschen Servern.",232,497525,AT,AT,Python/ML,Neuentwicklung,4,2021,gross,ML Dokumentenmanagement,0.97,86
"Migration der Altdaten von Becker & Partner aus Legacy-System (MS Access) in neue PostgreSQL-Datenbank. ETL-Pipeline, Datenbereinigung, Validierungsregeln, Testläufe mit Rollback-Funktion, Dokumentation.",69,125923,DE,DE-BW,Backend,Migration,3,2025,mittel,Datenmigraton,1.0,94
"Vertriebssteuerungs-CRM für Hoffmann Solutions. React, GraphQL API, Angebots-Erstellung mit PDF-Export, Wiedervorlage-System, Outlook-Kalender-Synchronisation, Mobilansicht für Außendienst.",81,102376,DE,DE-HH,JavaScript,Neuentwicklung,2,2026,mittel,CRM-System,0.68,90
"Digitales Patientenportal für Schulz Media mit KV-Anbindung, HL7 FHIR Schnittstelle, Telematikinfrastruktur-Anbindung, ePA-Integration, DSGVO- und KRITIS-konformes Sicherheitskonzept.",310,918255,DE,DE-BY,Java,Neuentwicklung,5,2022,gross,Gesundheitswesenportal,0.92,90
"Microservice-API für Wagner Immobilien. Python FastAPI, 5 CRUD-Endpoints, Rate-Limiting, API-Key-Verwaltung, automatisierte Tests mit pytest, CI/CD-Pipeline via GitHub Actions.",14,10191,DE,DE-BE,Backend,Neuentwicklung,1,2023,klein,REST API einfach,0.85,79
"Maßgeschneidertes CRM für Weiß Transport mit Kontaktverwaltung, Pipeline-Tracking, E-Mail-Integration via IMAP/SMTP, Aktivitäten-Log, Reporting-Dashboard und CSV-Import für Bestandsdaten.",63,88383,DE,DE-BE,JavaScript,Neuentwicklung,2,2023,mittel,CRM-System,0.85,75
"Buchungs- und Reservierungsplattform für Becker Pharma mit Multi-Location-Support, dynamischer Preisgestaltung, Gruppenreservierungen, Stornogebühren-Logik und Anbindung an Zahlungsanbieter.",67,200844,CH,CH,JavaScript,Neuentwicklung,3,2026,mittel,Buchungssystem mittel,0.68,131
"Responsive Landing Page für Schmidt AG mit Kontaktformular, SEO-Optimierung und Google Analytics Integration. Design nach Kundenvorgabe in Figma, Umsetzung mit React und Tailwind CSS.",8,5392,DE,DE-BE,JavaScript,Neuentwicklung,1,2025,klein,Landing Page,0.72,80
"Responsive Landing Page für Schmidt AG mit Kontaktformular, SEO-Optimierung und Google Analytics Integration. Design nach Kundenvorgabe in Figma, Umsetzung mit React und Tailwind CSS.",20,9587,DE,DE-BY,JavaScript,Neuentwicklung,1,2021,klein,Landing Page,0.97,81
"WordPress-Website für Braun Logistics mit 8 Unterseiten, Blog-Funktion, mehrsprachigem Plugin (WPML), individuell entwickeltem Child-Theme und Kontaktformular mit DSGVO-konformer Datenspeicherung.",27,12590,AT,AT,PHP,Neuentwicklung,1,2018,klein,WordPress Website,1.0,57
"Online-Buchungssystem für Weber Consulting mit Kalenderansicht, automatischen E-Mail-Erinnerungen, Zahlungsintegration via Stripe und Admin-Backend zur Terminverwaltung. React Frontend, Node.js Backend.",48,21662,AT,AT,JavaScript,Neuentwicklung,1,2019,klein,Buchungssystem klein,1.0,70
"Management-Dashboard für Becker Pharma zur Visualisierung von Verkaufszahlen. React mit Recharts, Datenbankanbindung über bestehende API, Exportfunktion als PDF/Excel, Nutzerrollen-System.",32,31414,CH,CH,JavaScript,Neuentwicklung,1,2020,klein,Dashboard einfach,1.0,110
"Shopify-Onlineshop für Weber Consulting. Custom-Theme, bis zu 500 Produkte, Anbindung an DHL-Versandschnittstelle, Gutscheinsystem, Produktbewertungen und Newsletter-Integration.",41,12875,DE,DE-TH,PHP,Neuentwicklung,1,2018,klein,Einfacher Online-Shop,1.0,48
"Unternehmensportal für Becker & Partner (800 Mitarbeiter) mit bidirektionaler SAP HR-Schnittstelle, SSO via Azure AD, Urlaubsmanagement, Zeiterfassung, Gehaltsabruf und Weiterbildungsmodul. React Frontend, Java Spring Boot Backend.",216,576331,DE,DE-TH,SAP,Neuentwicklung,5,2019,gross,SAP-Integration Portal,1.0,86
"Weiterentwicklung und Bugfixing der bestehenden PHP-Anwendung von Richter Tech. Code-Review, Behebung von 15 kritischen Bugs, Performance-Optimierung der Datenbankabfragen, Upgrade auf PHP 8.2.",12,8588,DE,DE-BW,PHP,Weiterentwicklung,1,2020,klein,Legacy Bugfixing & Weiterentwicklung,1.0,64
"Weiterentwicklung und Bugfixing der bestehenden PHP-Anwendung von Schmidt AG. Code-Review, Behebung von 15 kritischen Bugs, Performance-Optimierung der Datenbankabfragen, Upgrade auf PHP 8.2.",8,7973,DE,DE-BY,PHP,Weiterentwicklung,1,2025,klein,Legacy Bugfixing & Weiterentwicklung,0.72,78
"WooCommerce-Shop für Meier Manufacturing mit bis zu 200 Produkten, Stripe- und PayPal-Zahlungsanbindung, automatisierter Bestellbestätigung per E-Mail und einfacher Lagerverwaltung.",18,15497,DE,DE-HE,PHP,Neuentwicklung,1,2025,klein,Einfacher Online-Shop,0.72,73
"Management-Dashboard für Frank Legal zur Visualisierung von Verkaufszahlen. React mit Recharts, Datenbankanbindung über bestehende API, Exportfunktion als PDF/Excel, Nutzerrollen-System.",39,17377,DE,DE-HE,JavaScript,Neuentwicklung,1,2020,klein,Dashboard einfach,1.0,74
"Microservice-API für Müller GmbH. Python FastAPI, 5 CRUD-Endpoints, Rate-Limiting, API-Key-Verwaltung, automatisierte Tests mit pytest, CI/CD-Pipeline via GitHub Actions.",22,11580,DE,DE-BY,Backend,Neuentwicklung,1,2021,klein,REST API einfach,0.97,85
"KPI-Dashboard für Koch Industries. Vue.js Frontend, Echtzeit-Daten via WebSocket, 6 Chart-Typen, automatische E-Mail-Reports, Filterung nach Zeitraum und Region.",42,24110,DE,DE-BW,JavaScript,Neuentwicklung,1,2018,klein,Dashboard einfach,1.0,72
"Event-Ticketing-System für Krüger Education. Next.js, Seat-Map-Visualisierung, QR-Code-Ticket-Generierung, Warteliste, Gutscheinverwaltung, automatische Kapazitätssteuerung.",83,123927,DE,DE-BE,JavaScript,Neuentwicklung,3,2023,mittel,Buchungssystem mittel,0.85,75
"Microservice-API für Schwarz Energie. Python FastAPI, 5 CRUD-Endpoints, Rate-Limiting, API-Key-Verwaltung, automatisierte Tests mit pytest, CI/CD-Pipeline via GitHub Actions.",10,10684,DE,DE-HE,Backend,Neuentwicklung,1,2026,klein,REST API einfach,0.68,92
"B2B-Handelsplattform für Krüger Education. Microservices-Architektur (12 Services), Kubernetes-Deployment, Punchout-Katalog für EDI-Anbindung, dynamische Preislogik, Self-Service-Kundenportal.",202,907128,DE,DE-HH,Java,Neuentwicklung,7,2023,gross,Enterprise E-Commerce,0.85,89
"Shopify-Onlineshop für Klein Software. Custom-Theme, bis zu 500 Produkte, Anbindung an DHL-Versandschnittstelle, Gutscheinsystem, Produktbewertungen und Newsletter-Integration.",19,13401,DE,DE-HE,PHP,Neuentwicklung,1,2025,klein,Einfacher Online-Shop,0.72,73
"Vollständige Neuentwicklung des Kernbanksystems von Braun Logistics. Java Spring Boot Microservices, Event Sourcing, CQRS, Migrationsskripte für 2 Mio. Datensätze, Compliance-Anforderungen BaFin.",476,1504926,DE,DE-HH,Java,Migration,6,2018,gross,Legacy Migration Enterprise,1.0,77
"Microservice-API für Becker & Partner. Python FastAPI, 5 CRUD-Endpoints, Rate-Limiting, API-Key-Verwaltung, automatisierte Tests mit pytest, CI/CD-Pipeline via GitHub Actions.",15,12909,DE,DE-HH,Backend,Neuentwicklung,1,2023,klein,REST API einfach,0.85,86
"Vertriebssteuerungs-CRM für Fischer Handel. React, GraphQL API, Angebots-Erstellung mit PDF-Export, Wiedervorlage-System, Outlook-Kalender-Synchronisation, Mobilansicht für Außendienst.",69,121673,DE,DE-NW,JavaScript,Neuentwicklung,3,2024,mittel,CRM-System,0.78,81
"Business-Intelligence-Tool für Becker & Partner mit automatisierten Tagesberichten, interaktiven Drill-Down-Charts, Anomalie-Erkennung bei KPIs, Slack-Integration für Alerts und Export-Funktion.",63,83188,DE,DE-TH,Python/ML,Neuentwicklung,2,2024,mittel,Reporting & Analytics Tool,0.78,79
"Flutter-App für Schulz Media. Kartenintegration via Google Maps, Foto-Upload mit Bildkomprimierung, Echtzeit-Chat via WebSocket, Biometrie-Login, automatische App-Store-Deployment-Pipeline.",95,158469,DE,DE-HH,Mobile,Neuentwicklung,3,2019,mittel,Mobile App mittel,1.0,81
"Maßgeschneiderte E-Commerce-Plattform für Maier Group mit 2.000+ Produkten, Kundenkonto-Bereich, Wunschliste, Produktkonfigurator, Multi-Lager-Verwaltung und Anbindung an Warenwirtschaftssystem.",82,114386,DE,DE-HH,PHP,Neuentwicklung,2,2024,mittel,E-Commerce Platform,0.78,72
"Cross-Platform-App (iOS & Android) für Weber Consulting mit 12 Screens, Nutzerregistrierung, Push-Notifications, Offline-Fähigkeit durch lokale SQLite-Datenbank und REST-API-Anbindung. React Native.",94,181144,DE,DE-BE,Mobile,Neuentwicklung,3,2023,mittel,Mobile App mittel,0.85,83
"Buchungs- und Reservierungsplattform für Fischer Handel mit Multi-Location-Support, dynamischer Preisgestaltung, Gruppenreservierungen, Stornogebühren-Logik und Anbindung an Zahlungsanbieter.",120,115678,DE,DE-BW,JavaScript,Neuentwicklung,2,2020,mittel,Buchungssystem mittel,1.0,77
"Vertriebssteuerungs-CRM für Schwarz Energie. React, GraphQL API, Angebots-Erstellung mit PDF-Export, Wiedervorlage-System, Outlook-Kalender-Synchronisation, Mobilansicht für Außendienst.",116,227539,CH,CH,JavaScript,Neuentwicklung,3,2020,mittel,CRM-System,1.0,110
"REST API für Wagner Immobilien mit 8 Endpoints, JWT-Authentifizierung, PostgreSQL-Datenbank, automatischer Swagger-Dokumentation und Docker-Containerisierung für einfaches Deployment.",13,7409,AT,AT,Backend,Neuentwicklung,1,2020,klein,REST API einfach,1.0,75
"Integration-Layer für Wagner Immobilien. Apache Kafka, 6 Kafka-Topics, Schema-Registry, Dead-Letter-Queue, automatisches Alerting bei Verarbeitungsfehlern, API-Rate-Limit-Management.",96,99427,DE,DE-HE,Backend,Neuentwicklung,2,2020,mittel,API-Integration Middleware,1.0,77
"Management-Dashboard für Lange Finance zur Visualisierung von Verkaufszahlen. React mit Recharts, Datenbankanbindung über bestehende API, Exportfunktion als PDF/Excel, Nutzerrollen-System.",37,23467,AT,AT,JavaScript,Neuentwicklung,1,2022,klein,Dashboard einfach,0.92,76
"WordPress-Website für Köhler Automotive mit 8 Unterseiten, Blog-Funktion, mehrsprachigem Plugin (WPML), individuell entwickeltem Child-Theme und Kontaktformular mit DSGVO-konformer Datenspeicherung.",5,7196,CH,CH,PHP,Neuentwicklung,1,2020,klein,WordPress Website,1.0,92
"Unternehmensweite Prozessplattform für Müller GmbH auf .NET 8 Basis. Workflow-Engine für 20 Genehmigungsprozesse, Power BI Embedded für Berichte, Azure AD Integration, On-Premise-Deployment auf Kundensystemen.",206,721366,CH,CH,.NET,Neuentwicklung,3,2024,gross,.NET Enterprise Platform,0.78,129
"Migration der Altdaten von Braun Logistics aus Legacy-System (MS Access) in neue PostgreSQL-Datenbank. ETL-Pipeline, Datenbereinigung, Validierungsregeln, Testläufe mit Rollback-Funktion, Dokumentation.",92,110708,DE,DE-HH,Backend,Migration,2,2021,mittel,Datenmigraton,1.0,81
"Migration der Altdaten von Maier Group aus Legacy-System (MS Access) in neue PostgreSQL-Datenbank. ETL-Pipeline, Datenbereinigung, Validierungsregeln, Testläufe mit Rollback-Funktion, Dokumentation.",125,114646,DE,DE-BE,Backend,Migration,2,2019,mittel,Datenmigraton,1.0,70
"Maßgeschneiderte E-Commerce-Plattform für Schmidt AG mit 2.000+ Produkten, Kundenkonto-Bereich, Wunschliste, Produktkonfigurator, Multi-Lager-Verwaltung und Anbindung an Warenwirtschaftssystem.",70,96748,DE,DE-BW,PHP,Neuentwicklung,2,2024,mittel,E-Commerce Platform,0.78,73
"Internes Mitarbeiterportal für Lange Finance (80 Nutzer) mit SSO-Anbindung via Azure AD, Urlaubsantrag-Workflow, Dokumentenverwaltung, News-Feed und Organigramm-Darstellung. React Frontend, Node.js Backend, PostgreSQL.",63,104234,DE,DE-BW,JavaScript,Neuentwicklung,3,2021,mittel,Mitarbeiterportal,0.97,79
"Maßgeschneidertes CRM für Frank Legal mit Kontaktverwaltung, Pipeline-Tracking, E-Mail-Integration via IMAP/SMTP, Aktivitäten-Log, Reporting-Dashboard und CSV-Import für Bestandsdaten.",43,106568,DE,DE-HE,JavaScript,Neuentwicklung,3,2025,mittel,CRM-System,0.72,86
"WooCommerce-Shop für Lange Finance mit bis zu 200 Produkten, Stripe- und PayPal-Zahlungsanbindung, automatisierter Bestellbestätigung per E-Mail und einfacher Lagerverwaltung.",29,14119,DE,DE-SN,PHP,Neuentwicklung,1,2023,klein,Einfacher Online-Shop,0.85,57
"Shopify-Onlineshop für Klein Software. Custom-Theme, bis zu 500 Produkte, Anbindung an DHL-Versandschnittstelle, Gutscheinsystem, Produktbewertungen und Newsletter-Integration.",17,16301,CH,CH,PHP,Neuentwicklung,1,2018,klein,Einfacher Online-Shop,1.0,88
"Integration-Layer für Müller GmbH. Apache Kafka, 6 Kafka-Topics, Schema-Registry, Dead-Letter-Queue, automatisches Alerting bei Verarbeitungsfehlern, API-Rate-Limit-Management.",74,192432,CH,CH,Backend,Neuentwicklung,3,2024,mittel,API-Integration Middleware,0.78,129
"Online-Buchungssystem für Maier Group mit Kalenderansicht, automatischen E-Mail-Erinnerungen, Zahlungsintegration via Stripe und Admin-Backend zur Terminverwaltung. React Frontend, Node.js Backend.",40,30672,DE,DE-BW,JavaScript,Neuentwicklung,1,2025,klein,Buchungssystem klein,0.72,89
"KPI-Dashboard für Neumann Services. Vue.js Frontend, Echtzeit-Daten via WebSocket, 6 Chart-Typen, automatische E-Mail-Reports, Filterung nach Zeitraum und Region.",10,10865,AT,AT,JavaScript,Neuentwicklung,1,2024,klein,Dashboard einfach,0.78,81
"Middleware-Lösung für Müller GmbH zur Anbindung von 4 Drittsystemen (CRM, ERP, Shop, Versand). Message-Queue via RabbitMQ, Retry-Logik, Monitoring-Dashboard, detailliertes Fehler-Logging.",73,149558,DE,DE-BY,Backend,Neuentwicklung,3,2024,mittel,API-Integration Middleware,0.78,93
"WooCommerce-Shop für Fischer Handel mit bis zu 200 Produkten, Stripe- und PayPal-Zahlungsanbindung, automatisierter Bestellbestätigung per E-Mail und einfacher Lagerverwaltung.",19,12261,DE,DE-TH,PHP,Neuentwicklung,1,2025,klein,Einfacher Online-Shop,0.72,59
"Internes Mitarbeiterportal für Frank Legal (80 Nutzer) mit SSO-Anbindung via Azure AD, Urlaubsantrag-Workflow, Dokumentenverwaltung, News-Feed und Organigramm-Darstellung. React Frontend, Node.js Backend, PostgreSQL.",87,153093,DE,DE-BW,JavaScript,Neuentwicklung,3,2025,mittel,Mitarbeiterportal,0.72,89
"Unternehmenswebsite für Koch Industries auf WordPress-Basis. Custom-Theme-Entwicklung, WooCommerce-Integration für digitale Downloads, SEO-Plugin-Konfiguration, Hosting-Setup.",20,7645,DE,DE-SN,PHP,Neuentwicklung,1,2023,klein,WordPress Website,0.85,57
"Vertriebssteuerungs-CRM für Köhler Automotive. React, GraphQL API, Angebots-Erstellung mit PDF-Export, Wiedervorlage-System, Outlook-Kalender-Synchronisation, Mobilansicht für Außendienst.",88,201779,CH,CH,JavaScript,Neuentwicklung,3,2023,mittel,CRM-System,0.85,120
"Online-Buchungssystem für Lange Finance mit Kalenderansicht, automatischen E-Mail-Erinnerungen, Zahlungsintegration via Stripe und Admin-Backend zur Terminverwaltung. React Frontend, Node.js Backend.",22,31666,CH,CH,JavaScript,Neuentwicklung,1,2024,klein,Buchungssystem klein,0.78,124
"REST API für Wagner Immobilien mit 8 Endpoints, JWT-Authentifizierung, PostgreSQL-Datenbank, automatischer Swagger-Dokumentation und Docker-Containerisierung für einfaches Deployment.",27,15004,DE,DE-HE,Backend,Neuentwicklung,1,2018,klein,REST API einfach,1.0,73
"HR-Self-Service-Portal für Weiß Transport (150 Mitarbeiter). Vue.js, REST API, Gehaltsabruf-Modul, Weiterbildungskalender, digitale Personalakte, rollenbasierte Zugriffsrechte, DSGVO-konformes Audit-Log.",73,93039,DE,DE-BY,JavaScript,Neuentwicklung,2,2023,mittel,Mitarbeiterportal,0.85,86
"Churn-Prediction-System für Becker Pharma. Feature Engineering auf 50+ Variablen, XGBoost-Ensemble, SHAP-Erklärbarkeit, automatische Handlungsempfehlungen, A/B-Test-Framework zur Validierung.",138,763195,CH,CH,Python/ML,Neuentwicklung,7,2023,gross,ML Predictive Analytics,0.85,139
"Digitalisierungsplattform für Bauer Digital. ASP.NET Core, Blazor WebAssembly Frontend, Azure Service Bus, 15 Microservices, DevOps-Pipeline mit automatisierten Tests, ITIL-konformes Change Management.",245,1027716,DE,DE-BW,.NET,Neuentwicklung,7,2023,gross,.NET Enterprise Platform,0.85,88
"Vertriebssteuerungs-CRM für Lange Finance. React, GraphQL API, Angebots-Erstellung mit PDF-Export, Wiedervorlage-System, Outlook-Kalender-Synchronisation, Mobilansicht für Außendienst.",99,159342,DE,DE-NW,JavaScript,Neuentwicklung,3,2021,mittel,CRM-System,0.97,74
"Analyse-Dashboard für Weber Consulting mit Python Dash, Anbindung an 3 Datenquellen, Zeitreihenanalyse, Prognose-Modell für nächste 30 Tage, rollenbasierte Sichtbarkeit.",106,170827,DE,DE-HE,Python/ML,Neuentwicklung,3,2020,mittel,Reporting & Analytics Tool,1.0,86
"Maßgeschneidertes CRM für Lange Finance mit Kontaktverwaltung, Pipeline-Tracking, E-Mail-Integration via IMAP/SMTP, Aktivitäten-Log, Reporting-Dashboard und CSV-Import für Bestandsdaten.",83,102723,DE,DE-BY,JavaScript,Neuentwicklung,2,2018,mittel,CRM-System,1.0,74
"Analyse-Dashboard für Krüger Education mit Python Dash, Anbindung an 3 Datenquellen, Zeitreihenanalyse, Prognose-Modell für nächste 30 Tage, rollenbasierte Sichtbarkeit.",103,112687,DE,DE-TH,Python/ML,Neuentwicklung,2,2020,mittel,Reporting & Analytics Tool,1.0,70
"Management-Dashboard für Weiß Transport zur Visualisierung von Verkaufszahlen. React mit Recharts, Datenbankanbindung über bestehende API, Exportfunktion als PDF/Excel, Nutzerrollen-System.",6,8798,DE,DE-NW,JavaScript,Neuentwicklung,1,2025,klein,Dashboard einfach,0.72,84
"Business-Intelligence-Tool für Hartmann Health mit automatisierten Tagesberichten, interaktiven Drill-Down-Charts, Anomalie-Erkennung bei KPIs, Slack-Integration für Alerts und Export-Funktion.",61,127732,DE,DE-HE,Python/ML,Neuentwicklung,3,2023,mittel,Reporting & Analytics Tool,0.85,93
"Analyse-Dashboard für Meier Manufacturing mit Python Dash, Anbindung an 3 Datenquellen, Zeitreihenanalyse, Prognose-Modell für nächste 30 Tage, rollenbasierte Sichtbarkeit.",78,160587,AT,AT,Python/ML,Neuentwicklung,3,2024,mittel,Reporting & Analytics Tool,0.78,94
"Einzel-Landing-Page für Produktlaunch von Hartmann Health. A/B-Testing-fähig, mehrsprachig (DE/EN), mit CMS-Anbindung für eigenständige Inhaltspflege. Mobile-first Ansatz.",9,6377,DE,DE-BY,JavaScript,Neuentwicklung,1,2024,klein,Landing Page,0.78,89
"Weiterentwicklung und Bugfixing der bestehenden PHP-Anwendung von Zimmermann IT. Code-Review, Behebung von 15 kritischen Bugs, Performance-Optimierung der Datenbankabfragen, Upgrade auf PHP 8.2.",16,10752,DE,DE-NW,PHP,Weiterentwicklung,1,2023,klein,Legacy Bugfixing & Weiterentwicklung,0.85,67
"KPI-Dashboard für Meier Manufacturing. Vue.js Frontend, Echtzeit-Daten via WebSocket, 6 Chart-Typen, automatische E-Mail-Reports, Filterung nach Zeitraum und Region.",45,21565,DE,DE-HE,JavaScript,Neuentwicklung,1,2021,klein,Dashboard einfach,0.97,76
"Unternehmenswebsite für Köhler Automotive auf WordPress-Basis. Custom-Theme-Entwicklung, WooCommerce-Integration für digitale Downloads, SEO-Plugin-Konfiguration, Hosting-Setup.",17,10783,DE,DE-BY,PHP,Neuentwicklung,1,2023,klein,WordPress Website,0.85,73
"KI-gestütztes Dokumentenmanagementsystem für Hoffmann Solutions mit automatischer Klassifikation per NLP (BERT), Volltextsuche via Elasticsearch, Versionierung, Zugriffsrollen und DSGVO-konformem Hosting auf deutschen Servern.",136,477201,DE,DE-BE,Python/ML,Neuentwicklung,6,2022,gross,ML Dokumentenmanagement,0.92,84
"Vertriebssteuerungs-CRM für Weiß Transport. React, GraphQL API, Angebots-Erstellung mit PDF-Export, Wiedervorlage-System, Outlook-Kalender-Synchronisation, Mobilansicht für Außendienst.",58,101457,DE,DE-BW,JavaScript,Neuentwicklung,3,2022,mittel,CRM-System,0.92,81
"B2B-Handelsplattform für Klein Software. Microservices-Architektur (12 Services), Kubernetes-Deployment, Punchout-Katalog für EDI-Anbindung, dynamische Preislogik, Self-Service-Kundenportal.",257,943242,CH,CH,Java,Neuentwicklung,3,2023,gross,Enterprise E-Commerce,0.85,129
"Vertriebssteuerungs-CRM für Schulz Media. React, GraphQL API, Angebots-Erstellung mit PDF-Export, Wiedervorlage-System, Outlook-Kalender-Synchronisation, Mobilansicht für Außendienst.",77,143192,CH,CH,JavaScript,Neuentwicklung,2,2021,mittel,CRM-System,0.97,113
"Datenmigration für Schwarz Energie von Oracle 11g auf PostgreSQL 15. Schema-Mapping, Stored-Procedure-Umschreibung, Performance-Tests, Zero-Downtime-Migration mit Dual-Write-Ansatz.",82,143794,DE,DE-HE,Backend,Migration,3,2024,mittel,Datenmigraton,1.0,87
"Predictive-Analytics-Plattform für Becker Pharma. Nachfrageprognose mit LSTM-Modell (MAPE < 8%), Anomalie-Erkennung im Produktionsprozess, MLflow für Modell-Versionierung, REST API für ERP-Anbindung, monatliches Retraining.",146,410797,DE,DE-BE,Python/ML,Neuentwicklung,5,2019,gross,ML Predictive Analytics,1.0,77
"Analyse-Dashboard für Krause Retail mit Python Dash, Anbindung an 3 Datenquellen, Zeitreihenanalyse, Prognose-Modell für nächste 30 Tage, rollenbasierte Sichtbarkeit.",70,128617,DE,DE-NW,Python/ML,Neuentwicklung,3,2022,mittel,Reporting & Analytics Tool,0.92,88
"KPI-Dashboard für Becker & Partner. Vue.js Frontend, Echtzeit-Daten via WebSocket, 6 Chart-Typen, automatische E-Mail-Reports, Filterung nach Zeitraum und Region.",47,24763,DE,DE-BW,JavaScript,Neuentwicklung,1,2022,klein,Dashboard einfach,0.92,81
"Business-Intelligence-Tool für Becker & Partner mit automatisierten Tagesberichten, interaktiven Drill-Down-Charts, Anomalie-Erkennung bei KPIs, Slack-Integration für Alerts und Export-Funktion.",57,90189,AT,AT,Python/ML,Neuentwicklung,3,2021,mittel,Reporting & Analytics Tool,0.97,86
"Maßgeschneiderte E-Commerce-Plattform für Weber Consulting mit 2.000+ Produkten, Kundenkonto-Bereich, Wunschliste, Produktkonfigurator, Multi-Lager-Verwaltung und Anbindung an Warenwirtschaftssystem.",57,97476,DE,DE-TH,PHP,Neuentwicklung,2,2026,mittel,E-Commerce Platform,0.68,61
"Management-Dashboard für Becker & Partner zur Visualisierung von Verkaufszahlen. React mit Recharts, Datenbankanbindung über bestehende API, Exportfunktion als PDF/Excel, Nutzerrollen-System.",34,15972,AT,AT,JavaScript,Neuentwicklung,1,2022,klein,Dashboard einfach,0.92,76
"B2B-Online-Shop für Krause Retail. Shopware 6, kundenspezifische Preislisten, Bestelllimits, CSV-Massenimport, ERP-Schnittstelle zu SAP Business One, Rechnungsstellung per EDI.",85,117310,DE,DE-BW,PHP,Neuentwicklung,2,2025,mittel,E-Commerce Platform,0.72,76
"Internes Mitarbeiterportal für Zimmermann IT (80 Nutzer) mit SSO-Anbindung via Azure AD, Urlaubsantrag-Workflow, Dokumentenverwaltung, News-Feed und Organigramm-Darstellung. React Frontend, Node.js Backend, PostgreSQL.",64,107369,AT,AT,JavaScript,Neuentwicklung,3,2024,mittel,Mitarbeiterportal,0.78,81
"WordPress-Website für Köhler Automotive mit 8 Unterseiten, Blog-Funktion, mehrsprachigem Plugin (WPML), individuell entwickeltem Child-Theme und Kontaktformular mit DSGVO-konformer Datenspeicherung.",18,10924,DE,DE-HE,PHP,Neuentwicklung,1,2023,klein,WordPress Website,0.85,69
"Maßgeschneiderte E-Commerce-Plattform für Fischer Handel mit 2.000+ Produkten, Kundenkonto-Bereich, Wunschliste, Produktkonfigurator, Multi-Lager-Verwaltung und Anbindung an Warenwirtschaftssystem.",115,189110,AT,AT,PHP,Neuentwicklung,3,2026,mittel,E-Commerce Platform,0.68,73
"Migration der Altdaten von Schwarz Energie aus Legacy-System (MS Access) in neue PostgreSQL-Datenbank. ETL-Pipeline, Datenbereinigung, Validierungsregeln, Testläufe mit Rollback-Funktion, Dokumentation.",121,277493,CH,CH,Backend,Migration,3,2026,mittel,Datenmigraton,1.0,137
"Terminbuchungsportal für Maier Group (bis 5 Mitarbeiter). Kundenlogin, Verfügbarkeitsprüfung in Echtzeit, iCal-Export, SMS-Erinnerungen via Twilio, DSGVO-konformes Datenschutz-Setup.",50,27702,DE,DE-BY,JavaScript,Neuentwicklung,1,2019,klein,Buchungssystem klein,1.0,77
"Wartung und Erweiterung des bestehenden WordPress-Systems von Schmidt AG. Plugin-Updates, Sicherheits-Audit, neue Such- und Filterfunktionen, Optimierung der Ladezeiten auf unter 2 Sekunden.",27,23180,CH,CH,PHP,Weiterentwicklung,1,2023,klein,Legacy Bugfixing & Weiterentwicklung,0.85,102
"KI-gestütztes Dokumentenmanagementsystem für Weiß Transport mit automatischer Klassifikation per NLP (BERT), Volltextsuche via Elasticsearch, Versionierung, Zugriffsrollen und DSGVO-konformem Hosting auf deutschen Servern.",211,675533,DE,DE-BE,Python/ML,Neuentwicklung,7,2019,gross,ML Dokumentenmanagement,1.0,77
"B2B-Handelsplattform für Bauer Digital. Microservices-Architektur (12 Services), Kubernetes-Deployment, Punchout-Katalog für EDI-Anbindung, dynamische Preislogik, Self-Service-Kundenportal.",193,711423,DE,DE-TH,Java,Neuentwicklung,7,2025,gross,Enterprise E-Commerce,0.72,75
"Predictive-Analytics-Plattform für Schäfer Insurance. Nachfrageprognose mit LSTM-Modell (MAPE < 8%), Anomalie-Erkennung im Produktionsprozess, MLflow für Modell-Versionierung, REST API für ERP-Anbindung, monatliches Retraining.",109,518655,DE,DE-NW,Python/ML,Neuentwicklung,7,2024,gross,ML Predictive Analytics,0.78,94
"Einzel-Landing-Page für Produktlaunch von Neumann Services. A/B-Testing-fähig, mehrsprachig (DE/EN), mit CMS-Anbindung für eigenständige Inhaltspflege. Mobile-first Ansatz.",17,9504,DE,DE-HE,JavaScript,Neuentwicklung,1,2023,klein,Landing Page,0.85,81
"Microservice-API für Bauer Digital. Python FastAPI, 5 CRUD-Endpoints, Rate-Limiting, API-Key-Verwaltung, automatisierte Tests mit pytest, CI/CD-Pipeline via GitHub Actions.",26,23884,CH,CH,Backend,Neuentwicklung,1,2024,klein,REST API einfach,0.78,129
"Ablösung des Legacy-Systems von Braun Logistics (15 Jahre alt, COBOL/Oracle). Strangler-Fig-Muster, schrittweise Migration von 40 Modulen, paralleler Betrieb beider Systeme für 6 Monate, Zero-Downtime-Cutover.",507,1882027,DE,DE-HH,Java,Migration,7,2022,gross,Legacy Migration Enterprise,1.0,86
"WooCommerce-Shop für Frank Legal mit bis zu 200 Produkten, Stripe- und PayPal-Zahlungsanbindung, automatisierter Bestellbestätigung per E-Mail und einfacher Lagerverwaltung.",29,16925,AT,AT,PHP,Neuentwicklung,1,2025,klein,Einfacher Online-Shop,0.72,71
"Responsive Landing Page für Schäfer Insurance mit Kontaktformular, SEO-Optimierung und Google Analytics Integration. Design nach Kundenvorgabe in Figma, Umsetzung mit React und Tailwind CSS.",9,3853,DE,DE-TH,JavaScript,Neuentwicklung,1,2022,klein,Landing Page,0.92,64
"Middleware-Lösung für Richter Tech zur Anbindung von 4 Drittsystemen (CRM, ERP, Shop, Versand). Message-Queue via RabbitMQ, Retry-Logik, Monitoring-Dashboard, detailliertes Fehler-Logging.",62,84920,DE,DE-HH,Backend,Neuentwicklung,2,2023,mittel,API-Integration Middleware,0.85,86
"Datenmigration für Hoffmann Solutions von Oracle 11g auf PostgreSQL 15. Schema-Mapping, Stored-Procedure-Umschreibung, Performance-Tests, Zero-Downtime-Migration mit Dual-Write-Ansatz.",77,112568,DE,DE-TH,Backend,Migration,3,2025,mittel,Datenmigraton,1.0,73
"Datenmigration für Bauer Digital von Oracle 11g auf PostgreSQL 15. Schema-Mapping, Stored-Procedure-Umschreibung, Performance-Tests, Zero-Downtime-Migration mit Dual-Write-Ansatz.",86,96634,AT,AT,Backend,Migration,2,2023,mittel,Datenmigraton,1.0,82
"REST API für Krüger Education mit 8 Endpoints, JWT-Authentifizierung, PostgreSQL-Datenbank, automatischer Swagger-Dokumentation und Docker-Containerisierung für einfaches Deployment.",23,12162,AT,AT,Backend,Neuentwicklung,1,2021,klein,REST API einfach,0.97,77
"Flutter-App für Maier Group. Kartenintegration via Google Maps, Foto-Upload mit Bildkomprimierung, Echtzeit-Chat via WebSocket, Biometrie-Login, automatische App-Store-Deployment-Pipeline.",86,140321,DE,DE-BW,Mobile,Neuentwicklung,3,2018,mittel,Mobile App mittel,1.0,80
"KPI-Dashboard für Müller GmbH. Vue.js Frontend, Echtzeit-Daten via WebSocket, 6 Chart-Typen, automatische E-Mail-Reports, Filterung nach Zeitraum und Region.",25,29737,CH,CH,JavaScript,Neuentwicklung,1,2024,klein,Dashboard einfach,0.78,124
"Digitales Patientenportal für Schulz Media mit KV-Anbindung, HL7 FHIR Schnittstelle, Telematikinfrastruktur-Anbindung, ePA-Integration, DSGVO- und KRITIS-konformes Sicherheitskonzept.",281,1043718,AT,AT,Java,Neuentwicklung,6,2022,gross,Gesundheitswesenportal,0.92,82
"Migration der Altdaten von Lange Finance aus Legacy-System (MS Access) in neue PostgreSQL-Datenbank. ETL-Pipeline, Datenbereinigung, Validierungsregeln, Testläufe mit Rollback-Funktion, Dokumentation.",96,164697,DE,DE-BY,Backend,Migration,3,2025,mittel,Datenmigraton,1.0,96
"B2B-Online-Shop für Hartmann Health. Shopware 6, kundenspezifische Preislisten, Bestelllimits, CSV-Massenimport, ERP-Schnittstelle zu SAP Business One, Rechnungsstellung per EDI.",83,154122,DE,DE-BY,PHP,Neuentwicklung,3,2024,mittel,E-Commerce Platform,0.78,75
"Maßgeschneiderte E-Commerce-Plattform für Maier Group mit 2.000+ Produkten, Kundenkonto-Bereich, Wunschliste, Produktkonfigurator, Multi-Lager-Verwaltung und Anbindung an Warenwirtschaftssystem.",159,141795,AT,AT,PHP,Neuentwicklung,2,2021,mittel,E-Commerce Platform,0.97,63
"Analyse-Dashboard für Krause Retail mit Python Dash, Anbindung an 3 Datenquellen, Zeitreihenanalyse, Prognose-Modell für nächste 30 Tage, rollenbasierte Sichtbarkeit.",68,107215,DE,DE-BW,Python/ML,Neuentwicklung,2,2023,mittel,Reporting & Analytics Tool,0.85,97
"Internes Mitarbeiterportal für Meier Manufacturing (80 Nutzer) mit SSO-Anbindung via Azure AD, Urlaubsantrag-Workflow, Dokumentenverwaltung, News-Feed und Organigramm-Darstellung. React Frontend, Node.js Backend, PostgreSQL.",64,97914,DE,DE-TH,JavaScript,Neuentwicklung,3,2025,mittel,Mitarbeiterportal,0.72,70
"Terminbuchungsportal für Zimmermann IT (bis 5 Mitarbeiter). Kundenlogin, Verfügbarkeitsprüfung in Echtzeit, iCal-Export, SMS-Erinnerungen via Twilio, DSGVO-konformes Datenschutz-Setup.",30,19303,DE,DE-HH,JavaScript,Neuentwicklung,1,2019,klein,Buchungssystem klein,1.0,73
"HR-Self-Service-Portal für Schmidt AG (150 Mitarbeiter). Vue.js, REST API, Gehaltsabruf-Modul, Weiterbildungskalender, digitale Personalakte, rollenbasierte Zugriffsrechte, DSGVO-konformes Audit-Log.",67,88301,DE,DE-SN,JavaScript,Neuentwicklung,2,2025,mittel,Mitarbeiterportal,0.72,72
"Event-Ticketing-System für Braun Logistics. Next.js, Seat-Map-Visualisierung, QR-Code-Ticket-Generierung, Warteliste, Gutscheinverwaltung, automatische Kapazitätssteuerung.",61,103129,DE,DE-HH,JavaScript,Neuentwicklung,2,2025,mittel,Buchungssystem mittel,0.72,88
"Flutter-App für Becker Pharma. Kartenintegration via Google Maps, Foto-Upload mit Bildkomprimierung, Echtzeit-Chat via WebSocket, Biometrie-Login, automatische App-Store-Deployment-Pipeline.",32,113345,CH,CH,Mobile,Neuentwicklung,2,2024,mittel,Mobile App mittel,0.78,137
"Wartung und Erweiterung des bestehenden WordPress-Systems von Krüger Education. Plugin-Updates, Sicherheits-Audit, neue Such- und Filterfunktionen, Optimierung der Ladezeiten auf unter 2 Sekunden.",29,12027,DE,DE-SN,PHP,Weiterentwicklung,1,2019,klein,Legacy Bugfixing & Weiterentwicklung,1.0,51
"Microservice-API für Zimmermann IT. Python FastAPI, 5 CRUD-Endpoints, Rate-Limiting, API-Key-Verwaltung, automatisierte Tests mit pytest, CI/CD-Pipeline via GitHub Actions.",27,17933,DE,DE-HH,Backend,Neuentwicklung,1,2024,klein,REST API einfach,0.78,89
"Responsive Landing Page für Krüger Education mit Kontaktformular, SEO-Optimierung und Google Analytics Integration. Design nach Kundenvorgabe in Figma, Umsetzung mit React und Tailwind CSS.",8,6316,DE,DE-BW,JavaScript,Neuentwicklung,1,2021,klein,Landing Page,0.97,79
"Digitales Patientenportal für Maier Group mit KV-Anbindung, HL7 FHIR Schnittstelle, Telematikinfrastruktur-Anbindung, ePA-Integration, DSGVO- und KRITIS-konformes Sicherheitskonzept.",291,727917,AT,AT,Java,Neuentwicklung,3,2023,gross,Gesundheitswesenportal,0.85,85
"Unternehmenswebsite für Schulz Media auf WordPress-Basis. Custom-Theme-Entwicklung, WooCommerce-Integration für digitale Downloads, SEO-Plugin-Konfiguration, Hosting-Setup.",27,12586,DE,DE-HH,PHP,Neuentwicklung,1,2021,klein,WordPress Website,0.97,66
"Predictive-Analytics-Plattform für Schäfer Insurance. Nachfrageprognose mit LSTM-Modell (MAPE < 8%), Anomalie-Erkennung im Produktionsprozess, MLflow für Modell-Versionierung, REST API für ERP-Anbindung, monatliches Retraining.",271,972431,CH,CH,Python/ML,Neuentwicklung,4,2021,gross,ML Predictive Analytics,0.97,131
"Krankenhausinformationssystem-Modul für Meier Manufacturing. HL7-Messaging, DICOM-Viewer-Integration, Medikationsplan-Modul nach BMP-Standard, IHE-XDS-Dokumentenmanagement, BSI-Grundschutz.",302,1448775,CH,CH,Java,Neuentwicklung,5,2022,gross,Gesundheitswesenportal,0.92,126
"Predictive-Analytics-Plattform für Koch Industries. Nachfrageprognose mit LSTM-Modell (MAPE < 8%), Anomalie-Erkennung im Produktionsprozess, MLflow für Modell-Versionierung, REST API für ERP-Anbindung, monatliches Retraining.",192,399123,DE,DE-TH,Python/ML,Neuentwicklung,4,2021,gross,ML Predictive Analytics,0.97,72
"B2B-Online-Shop für Lange Finance. Shopware 6, kundenspezifische Preislisten, Bestelllimits, CSV-Massenimport, ERP-Schnittstelle zu SAP Business One, Rechnungsstellung per EDI.",112,113335,DE,DE-HH,PHP,Neuentwicklung,2,2019,mittel,E-Commerce Platform,1.0,62
"Unternehmensweite Prozessplattform für Klein Software auf .NET 8 Basis. Workflow-Engine für 20 Genehmigungsprozesse, Power BI Embedded für Berichte, Azure AD Integration, On-Premise-Deployment auf Kundensystemen.",202,598594,DE,DE-HE,.NET,Neuentwicklung,5,2024,gross,.NET Enterprise Platform,0.78,87
"REST API für Schäfer Insurance mit 8 Endpoints, JWT-Authentifizierung, PostgreSQL-Datenbank, automatischer Swagger-Dokumentation und Docker-Containerisierung für einfaches Deployment.",24,13417,AT,AT,Backend,Neuentwicklung,1,2022,klein,REST API einfach,0.92,80
"Unternehmensportal für Krüger Education (800 Mitarbeiter) mit bidirektionaler SAP HR-Schnittstelle, SSO via Azure AD, Urlaubsmanagement, Zeiterfassung, Gehaltsabruf und Weiterbildungsmodul. React Frontend, Java Spring Boot Backend.",192,585753,DE,DE-HE,SAP,Neuentwicklung,4,2023,gross,SAP-Integration Portal,0.85,118
"SAP S/4HANA-Anbindung für Fischer Handel. Fiori-ähnliches Portal, RFC-Schnittstellen für MM/PP/FI, Custom ABAP-Entwicklung, Echtzeit-Datensynchronisation, Rollout auf 3 Werke.",182,573684,AT,AT,SAP,Neuentwicklung,4,2025,gross,SAP-Integration Portal,0.72,122
"Vertriebssteuerungs-CRM für Meier Manufacturing. React, GraphQL API, Angebots-Erstellung mit PDF-Export, Wiedervorlage-System, Outlook-Kalender-Synchronisation, Mobilansicht für Außendienst.",105,140398,DE,DE-HE,JavaScript,Neuentwicklung,3,2018,mittel,CRM-System,1.0,70
"Shopify-Onlineshop für Weber Consulting. Custom-Theme, bis zu 500 Produkte, Anbindung an DHL-Versandschnittstelle, Gutscheinsystem, Produktbewertungen und Newsletter-Integration.",27,18766,DE,DE-BY,PHP,Neuentwicklung,1,2019,klein,Einfacher Online-Shop,1.0,65
"Internes Mitarbeiterportal für Becker & Partner (80 Nutzer) mit SSO-Anbindung via Azure AD, Urlaubsantrag-Workflow, Dokumentenverwaltung, News-Feed und Organigramm-Darstellung. React Frontend, Node.js Backend, PostgreSQL.",41,75956,DE,DE-BE,JavaScript,Neuentwicklung,2,2025,mittel,Mitarbeiterportal,0.72,80
"B2B-Online-Shop für Schwarz Energie. Shopware 6, kundenspezifische Preislisten, Bestelllimits, CSV-Massenimport, ERP-Schnittstelle zu SAP Business One, Rechnungsstellung per EDI.",97,128944,DE,DE-BY,PHP,Neuentwicklung,2,2023,mittel,E-Commerce Platform,0.85,73
"Integration-Layer für Braun Logistics. Apache Kafka, 6 Kafka-Topics, Schema-Registry, Dead-Letter-Queue, automatisches Alerting bei Verarbeitungsfehlern, API-Rate-Limit-Management.",91,113614,DE,DE-BE,Backend,Neuentwicklung,2,2024,mittel,API-Integration Middleware,0.78,81
"REST API für Weiß Transport mit 8 Endpoints, JWT-Authentifizierung, PostgreSQL-Datenbank, automatischer Swagger-Dokumentation und Docker-Containerisierung für einfaches Deployment.",29,14414,DE,DE-TH,Backend,Neuentwicklung,1,2019,klein,REST API einfach,1.0,61
"Online-Buchungssystem für Braun Logistics mit Kalenderansicht, automatischen E-Mail-Erinnerungen, Zahlungsintegration via Stripe und Admin-Backend zur Terminverwaltung. React Frontend, Node.js Backend.",47,29607,DE,DE-HE,JavaScript,Neuentwicklung,1,2022,klein,Buchungssystem klein,0.92,78
"WooCommerce-Shop für Richter Tech mit bis zu 200 Produkten, Stripe- und PayPal-Zahlungsanbindung, automatisierter Bestellbestätigung per E-Mail und einfacher Lagerverwaltung.",17,8911,DE,DE-SN,PHP,Neuentwicklung,1,2023,klein,Einfacher Online-Shop,0.85,57
"Event-Ticketing-System für Maier Group. Next.js, Seat-Map-Visualisierung, QR-Code-Ticket-Generierung, Warteliste, Gutscheinverwaltung, automatische Kapazitätssteuerung.",101,128489,CH,CH,JavaScript,Neuentwicklung,2,2020,mittel,Buchungssystem mittel,1.0,110
"Buchungs- und Reservierungsplattform für Schmidt AG mit Multi-Location-Support, dynamischer Preisgestaltung, Gruppenreservierungen, Stornogebühren-Logik und Anbindung an Zahlungsanbieter.",64,170788,CH,CH,JavaScript,Neuentwicklung,3,2022,mittel,Buchungssystem mittel,0.92,116
"Einzel-Landing-Page für Produktlaunch von Zimmermann IT. A/B-Testing-fähig, mehrsprachig (DE/EN), mit CMS-Anbindung für eigenständige Inhaltspflege. Mobile-first Ansatz.",9,5238,DE,DE-BY,JavaScript,Neuentwicklung,1,2022,klein,Landing Page,0.92,83
"Vollständige Neuentwicklung des Kernbanksystems von Hartmann Health. Java Spring Boot Microservices, Event Sourcing, CQRS, Migrationsskripte für 2 Mio. Datensätze, Compliance-Anforderungen BaFin.",427,1505082,DE,DE-SN,Java,Migration,6,2026,gross,Legacy Migration Enterprise,1.0,80
"Middleware-Lösung für Lange Finance zur Anbindung von 4 Drittsystemen (CRM, ERP, Shop, Versand). Message-Queue via RabbitMQ, Retry-Logik, Monitoring-Dashboard, detailliertes Fehler-Logging.",62,112291,DE,DE-NW,Backend,Neuentwicklung,3,2026,mittel,API-Integration Middleware,0.68,90
"Unternehmenswebsite für Becker Pharma auf WordPress-Basis. Custom-Theme-Entwicklung, WooCommerce-Integration für digitale Downloads, SEO-Plugin-Konfiguration, Hosting-Setup.",18,10937,DE,DE-HE,PHP,Neuentwicklung,1,2024,klein,WordPress Website,0.78,71
"Integration-Layer für Müller GmbH. Apache Kafka, 6 Kafka-Topics, Schema-Registry, Dead-Letter-Queue, automatisches Alerting bei Verarbeitungsfehlern, API-Rate-Limit-Management.",72,75672,DE,DE-SN,Backend,Neuentwicklung,2,2022,mittel,API-Integration Middleware,0.92,69
"WooCommerce-Shop für Richter Tech mit bis zu 200 Produkten, Stripe- und PayPal-Zahlungsanbindung, automatisierter Bestellbestätigung per E-Mail und einfacher Lagerverwaltung.",37,23691,CH,CH,PHP,Neuentwicklung,1,2019,klein,Einfacher Online-Shop,1.0,91
"Weiterentwicklung und Bugfixing der bestehenden PHP-Anwendung von Neumann Services. Code-Review, Behebung von 15 kritischen Bugs, Performance-Optimierung der Datenbankabfragen, Upgrade auf PHP 8.2.",11,7402,DE,DE-NW,PHP,Weiterentwicklung,1,2022,klein,Legacy Bugfixing & Weiterentwicklung,0.92,65
"Einzel-Landing-Page für Produktlaunch von Schulz Media. A/B-Testing-fähig, mehrsprachig (DE/EN), mit CMS-Anbindung für eigenständige Inhaltspflege. Mobile-first Ansatz.",9,6044,DE,DE-HH,JavaScript,Neuentwicklung,1,2019,klein,Landing Page,1.0,73
"Unternehmensweite Prozessplattform für Krause Retail auf .NET 8 Basis. Workflow-Engine für 20 Genehmigungsprozesse, Power BI Embedded für Berichte, Azure AD Integration, On-Premise-Deployment auf Kundensystemen.",274,965988,DE,DE-HE,.NET,Neuentwicklung,6,2025,gross,.NET Enterprise Platform,0.72,90
"Responsive Landing Page für Weiß Transport mit Kontaktformular, SEO-Optimierung und Google Analytics Integration. Design nach Kundenvorgabe in Figma, Umsetzung mit React und Tailwind CSS.",8,5317,AT,AT,JavaScript,Neuentwicklung,1,2024,klein,Landing Page,0.78,81
"Management-Dashboard für Richter Tech zur Visualisierung von Verkaufszahlen. React mit Recharts, Datenbankanbindung über bestehende API, Exportfunktion als PDF/Excel, Nutzerrollen-System.",30,16976,AT,AT,JavaScript,Neuentwicklung,1,2024,klein,Dashboard einfach,0.78,81
"Buchungs- und Reservierungsplattform für Fischer Handel mit Multi-Location-Support, dynamischer Preisgestaltung, Gruppenreservierungen, Stornogebühren-Logik und Anbindung an Zahlungsanbieter.",89,145276,AT,AT,JavaScript,Neuentwicklung,3,2025,mittel,Buchungssystem mittel,0.72,84
"Wartung und Erweiterung des bestehenden WordPress-Systems von Weiß Transport. Plugin-Updates, Sicherheits-Audit, neue Such- und Filterfunktionen, Optimierung der Ladezeiten auf unter 2 Sekunden.",24,12699,DE,DE-SN,PHP,Weiterentwicklung,1,2024,klein,Legacy Bugfixing & Weiterentwicklung,0.78,59
"Weiterentwicklung und Bugfixing der bestehenden PHP-Anwendung von Maier Group. Code-Review, Behebung von 15 kritischen Bugs, Performance-Optimierung der Datenbankabfragen, Upgrade auf PHP 8.2.",30,15537,DE,DE-HE,PHP,Weiterentwicklung,1,2019,klein,Legacy Bugfixing & Weiterentwicklung,1.0,61
"Shopify-Onlineshop für Krüger Education. Custom-Theme, bis zu 500 Produkte, Anbindung an DHL-Versandschnittstelle, Gutscheinsystem, Produktbewertungen und Newsletter-Integration.",22,15628,AT,AT,PHP,Neuentwicklung,1,2021,klein,Einfacher Online-Shop,0.97,63
"KI-gestütztes Dokumentenmanagementsystem für Müller GmbH mit automatischer Klassifikation per NLP (BERT), Volltextsuche via Elasticsearch, Versionierung, Zugriffsrollen und DSGVO-konformem Hosting auf deutschen Servern.",235,661515,AT,AT,Python/ML,Neuentwicklung,4,2024,gross,ML Dokumentenmanagement,0.78,94
"WordPress-Website für Wagner Immobilien mit 8 Unterseiten, Blog-Funktion, mehrsprachigem Plugin (WPML), individuell entwickeltem Child-Theme und Kontaktformular mit DSGVO-konformer Datenspeicherung.",12,10649,CH,CH,PHP,Neuentwicklung,1,2023,klein,WordPress Website,0.85,102
"Buchungs- und Reservierungsplattform für Schmidt AG mit Multi-Location-Support, dynamischer Preisgestaltung, Gruppenreservierungen, Stornogebühren-Logik und Anbindung an Zahlungsanbieter.",56,73901,DE,DE-HE,JavaScript,Neuentwicklung,2,2025,mittel,Buchungssystem mittel,0.72,86
"Terminbuchungsportal für Weiß Transport (bis 5 Mitarbeiter). Kundenlogin, Verfügbarkeitsprüfung in Echtzeit, iCal-Export, SMS-Erinnerungen via Twilio, DSGVO-konformes Datenschutz-Setup.",20,14366,DE,DE-BW,JavaScript,Neuentwicklung,1,2023,klein,Buchungssystem klein,0.85,84
"Digitales Patientenportal für Wolf Systems mit KV-Anbindung, HL7 FHIR Schnittstelle, Telematikinfrastruktur-Anbindung, ePA-Integration, DSGVO- und KRITIS-konformes Sicherheitskonzept.",246,1222077,CH,CH,Java,Neuentwicklung,4,2026,gross,Gesundheitswesenportal,0.68,142
"Weiterentwicklung und Bugfixing der bestehenden PHP-Anwendung von Braun Logistics. Code-Review, Behebung von 15 kritischen Bugs, Performance-Optimierung der Datenbankabfragen, Upgrade auf PHP 8.2.",17,11551,DE,DE-HE,PHP,Weiterentwicklung,1,2024,klein,Legacy Bugfixing & Weiterentwicklung,0.78,71
"Cross-Platform-App (iOS & Android) für Klein Software mit 12 Screens, Nutzerregistrierung, Push-Notifications, Offline-Fähigkeit durch lokale SQLite-Datenbank und REST-API-Anbindung. React Native.",69,111082,DE,DE-NW,Mobile,Neuentwicklung,2,2022,mittel,Mobile App mittel,0.92,85
"KPI-Dashboard für Weber Consulting. Vue.js Frontend, Echtzeit-Daten via WebSocket, 6 Chart-Typen, automatische E-Mail-Reports, Filterung nach Zeitraum und Region.",30,16310,DE,DE-SN,JavaScript,Neuentwicklung,1,2020,klein,Dashboard einfach,1.0,62
"Flutter-App für Lange Finance. Kartenintegration via Google Maps, Foto-Upload mit Bildkomprimierung, Echtzeit-Chat via WebSocket, Biometrie-Login, automatische App-Store-Deployment-Pipeline.",104,169154,DE,DE-BY,Mobile,Neuentwicklung,3,2019,mittel,Mobile App mittel,1.0,85
"Buchungs- und Reservierungsplattform für Neumann Services mit Multi-Location-Support, dynamischer Preisgestaltung, Gruppenreservierungen, Stornogebühren-Logik und Anbindung an Zahlungsanbieter.",69,62300,DE,DE-BE,JavaScript,Neuentwicklung,2,2021,mittel,Buchungssystem mittel,0.97,71
"Microservice-API für Lange Finance. Python FastAPI, 5 CRUD-Endpoints, Rate-Limiting, API-Key-Verwaltung, automatisierte Tests mit pytest, CI/CD-Pipeline via GitHub Actions.",29,13598,DE,DE-SN,Backend,Neuentwicklung,1,2018,klein,REST API einfach,1.0,61
"Online-Buchungssystem für Wolf Systems mit Kalenderansicht, automatischen E-Mail-Erinnerungen, Zahlungsintegration via Stripe und Admin-Backend zur Terminverwaltung. React Frontend, Node.js Backend.",32,24957,DE,DE-BY,JavaScript,Neuentwicklung,1,2021,klein,Buchungssystem klein,0.97,81
"KI-gestütztes Dokumentenmanagementsystem für Schmidt AG mit automatischer Klassifikation per NLP (BERT), Volltextsuche via Elasticsearch, Versionierung, Zugriffsrollen und DSGVO-konformem Hosting auf deutschen Servern.",101,684167,CH,CH,Python/ML,Neuentwicklung,6,2024,gross,ML Dokumentenmanagement,0.78,144
"Online-Buchungssystem für Neumann Services mit Kalenderansicht, automatischen E-Mail-Erinnerungen, Zahlungsintegration via Stripe und Admin-Backend zur Terminverwaltung. React Frontend, Node.js Backend.",31,15668,DE,DE-HE,JavaScript,Neuentwicklung,1,2023,klein,Buchungssystem klein,0.85,81
"Vollständige Neuentwicklung des Kernbanksystems von Klein Software. Java Spring Boot Microservices, Event Sourcing, CQRS, Migrationsskripte für 2 Mio. Datensätze, Compliance-Anforderungen BaFin.",178,508854,DE,DE-SN,Java,Migration,4,2019,gross,Legacy Migration Enterprise,1.0,64
"Online-Buchungssystem für Frank Legal mit Kalenderansicht, automatischen E-Mail-Erinnerungen, Zahlungsintegration via Stripe und Admin-Backend zur Terminverwaltung. React Frontend, Node.js Backend.",28,15666,DE,DE-TH,JavaScript,Neuentwicklung,1,2025,klein,Buchungssystem klein,0.72,70
"KPI-Dashboard für Zimmermann IT. Vue.js Frontend, Echtzeit-Daten via WebSocket, 6 Chart-Typen, automatische E-Mail-Reports, Filterung nach Zeitraum und Region.",30,19656,DE,DE-HE,JavaScript,Neuentwicklung,1,2024,klein,Dashboard einfach,0.78,84
"Migration der Altdaten von Wagner Immobilien aus Legacy-System (MS Access) in neue PostgreSQL-Datenbank. ETL-Pipeline, Datenbereinigung, Validierungsregeln, Testläufe mit Rollback-Funktion, Dokumentation.",63,112749,AT,AT,Backend,Migration,3,2025,mittel,Datenmigraton,1.0,88
"Integration-Layer für Braun Logistics. Apache Kafka, 6 Kafka-Topics, Schema-Registry, Dead-Letter-Queue, automatisches Alerting bei Verarbeitungsfehlern, API-Rate-Limit-Management.",62,121185,CH,CH,Backend,Neuentwicklung,2,2022,mittel,API-Integration Middleware,0.92,123
"Vertriebssteuerungs-CRM für Köhler Automotive. React, GraphQL API, Angebots-Erstellung mit PDF-Export, Wiedervorlage-System, Outlook-Kalender-Synchronisation, Mobilansicht für Außendienst.",77,81058,DE,DE-NW,JavaScript,Neuentwicklung,2,2018,mittel,CRM-System,1.0,68
"Integration-Layer für Köhler Automotive. Apache Kafka, 6 Kafka-Topics, Schema-Registry, Dead-Letter-Queue, automatisches Alerting bei Verarbeitungsfehlern, API-Rate-Limit-Management.",26,109235,CH,CH,Backend,Neuentwicklung,3,2022,mittel,API-Integration Middleware,0.92,123
"Microservice-API für Klein Software. Python FastAPI, 5 CRUD-Endpoints, Rate-Limiting, API-Key-Verwaltung, automatisierte Tests mit pytest, CI/CD-Pipeline via GitHub Actions.",15,9465,DE,DE-BW,Backend,Neuentwicklung,1,2019,klein,REST API einfach,1.0,78
"Flutter-App für Hartmann Health. Kartenintegration via Google Maps, Foto-Upload mit Bildkomprimierung, Echtzeit-Chat via WebSocket, Biometrie-Login, automatische App-Store-Deployment-Pipeline.",84,157063,DE,DE-BY,Mobile,Neuentwicklung,2,2025,mittel,Mobile App mittel,0.72,102
"B2B-Online-Shop für Becker Pharma. Shopware 6, kundenspezifische Preislisten, Bestelllimits, CSV-Massenimport, ERP-Schnittstelle zu SAP Business One, Rechnungsstellung per EDI.",135,168144,DE,DE-HH,PHP,Neuentwicklung,3,2019,mittel,E-Commerce Platform,1.0,62
"Maßgeschneidertes CRM für Schäfer Insurance mit Kontaktverwaltung, Pipeline-Tracking, E-Mail-Integration via IMAP/SMTP, Aktivitäten-Log, Reporting-Dashboard und CSV-Import für Bestandsdaten.",91,185681,DE,DE-BY,JavaScript,Neuentwicklung,3,2022,mittel,CRM-System,0.92,83
"Shopify-Onlineshop für Becker & Partner. Custom-Theme, bis zu 500 Produkte, Anbindung an DHL-Versandschnittstelle, Gutscheinsystem, Produktbewertungen und Newsletter-Integration.",27,19197,CH,CH,PHP,Neuentwicklung,1,2024,klein,Einfacher Online-Shop,0.78,105
"Wartung und Erweiterung des bestehenden WordPress-Systems von Braun Logistics. Plugin-Updates, Sicherheits-Audit, neue Such- und Filterfunktionen, Optimierung der Ladezeiten auf unter 2 Sekunden.",16,12477,DE,DE-HH,PHP,Weiterentwicklung,1,2025,klein,Legacy Bugfixing & Weiterentwicklung,0.72,74
"Maßgeschneidertes CRM für Zimmermann IT mit Kontaktverwaltung, Pipeline-Tracking, E-Mail-Integration via IMAP/SMTP, Aktivitäten-Log, Reporting-Dashboard und CSV-Import für Bestandsdaten.",79,135972,DE,DE-HE,JavaScript,Neuentwicklung,3,2021,mittel,CRM-System,0.97,76
"Cross-Platform-App (iOS & Android) für Krüger Education mit 12 Screens, Nutzerregistrierung, Push-Notifications, Offline-Fähigkeit durch lokale SQLite-Datenbank und REST-API-Anbindung. React Native.",64,108282,DE,DE-TH,Mobile,Neuentwicklung,3,2024,mittel,Mobile App mittel,0.78,75
"Migration der Altdaten von Schulz Media aus Legacy-System (MS Access) in neue PostgreSQL-Datenbank. ETL-Pipeline, Datenbereinigung, Validierungsregeln, Testläufe mit Rollback-Funktion, Dokumentation.",56,82274,DE,DE-BW,Backend,Migration,2,2024,mittel,Datenmigraton,1.0,90
"Event-Ticketing-System für Zimmermann IT. Next.js, Seat-Map-Visualisierung, QR-Code-Ticket-Generierung, Warteliste, Gutscheinverwaltung, automatische Kapazitätssteuerung.",75,117858,DE,DE-NW,JavaScript,Neuentwicklung,3,2021,mittel,Buchungssystem mittel,0.97,74
"Microservice-API für Neumann Services. Python FastAPI, 5 CRUD-Endpoints, Rate-Limiting, API-Key-Verwaltung, automatisierte Tests mit pytest, CI/CD-Pipeline via GitHub Actions.",14,12832,DE,DE-HH,Backend,Neuentwicklung,1,2026,klein,REST API einfach,0.68,94
"Predictive-Analytics-Plattform für Meier Manufacturing. Nachfrageprognose mit LSTM-Modell (MAPE < 8%), Anomalie-Erkennung im Produktionsprozess, MLflow für Modell-Versionierung, REST API für ERP-Anbindung, monatliches Retraining.",168,399171,DE,DE-BE,Python/ML,Neuentwicklung,4,2022,gross,ML Predictive Analytics,0.92,84
"Krankenhausinformationssystem-Modul für Weber Consulting. HL7-Messaging, DICOM-Viewer-Integration, Medikationsplan-Modul nach BMP-Standard, IHE-XDS-Dokumentenmanagement, BSI-Grundschutz.",366,1488446,AT,AT,Java,Neuentwicklung,6,2025,gross,Gesundheitswesenportal,0.72,90
"Analyse-Dashboard für Meier Manufacturing mit Python Dash, Anbindung an 3 Datenquellen, Zeitreihenanalyse, Prognose-Modell für nächste 30 Tage, rollenbasierte Sichtbarkeit.",68,180116,CH,CH,Python/ML,Neuentwicklung,3,2023,mittel,Reporting & Analytics Tool,0.85,139
"WooCommerce-Shop für Lange Finance mit bis zu 200 Produkten, Stripe- und PayPal-Zahlungsanbindung, automatisierter Bestellbestätigung per E-Mail und einfacher Lagerverwaltung.",19,15427,DE,DE-HH,PHP,Neuentwicklung,1,2026,klein,Einfacher Online-Shop,0.68,77
"Integration-Layer für Wagner Immobilien. Apache Kafka, 6 Kafka-Topics, Schema-Registry, Dead-Letter-Queue, automatisches Alerting bei Verarbeitungsfehlern, API-Rate-Limit-Management.",79,133518,DE,DE-NW,Backend,Neuentwicklung,3,2026,mittel,API-Integration Middleware,0.68,90
"Enterprise-E-Commerce-Plattform für Köhler Automotive mit 50.000+ Produkten, Multi-Mandanten-Fähigkeit, Echtzeit-Bestandssynchronisation, KI-gestützter Produktempfehlung, A/B-Testing-Framework und DACH-Lokalisierung.",174,769154,DE,DE-TH,Java,Neuentwicklung,7,2025,gross,Enterprise E-Commerce,0.72,75
"Terminbuchungsportal für Schwarz Energie (bis 5 Mitarbeiter). Kundenlogin, Verfügbarkeitsprüfung in Echtzeit, iCal-Export, SMS-Erinnerungen via Twilio, DSGVO-konformes Datenschutz-Setup.",40,22428,DE,DE-BY,JavaScript,Neuentwicklung,1,2022,klein,Buchungssystem klein,0.92,83
"Ablösung des Legacy-Systems von Schäfer Insurance (15 Jahre alt, COBOL/Oracle). Strangler-Fig-Muster, schrittweise Migration von 40 Modulen, paralleler Betrieb beider Systeme für 6 Monate, Zero-Downtime-Cutover.",515,1336402,DE,DE-BW,Java,Migration,4,2022,gross,Legacy Migration Enterprise,1.0,88
"HR-Self-Service-Portal für Zimmermann IT (150 Mitarbeiter). Vue.js, REST API, Gehaltsabruf-Modul, Weiterbildungskalender, digitale Personalakte, rollenbasierte Zugriffsrechte, DSGVO-konformes Audit-Log.",68,144179,CH,CH,JavaScript,Neuentwicklung,2,2019,mittel,Mitarbeiterportal,1.0,107
"SAP S/4HANA-Anbindung für Klein Software. Fiori-ähnliches Portal, RFC-Schnittstellen für MM/PP/FI, Custom ABAP-Entwicklung, Echtzeit-Datensynchronisation, Rollout auf 3 Werke.",171,642927,AT,AT,SAP,Neuentwicklung,5,2021,gross,SAP-Integration Portal,0.97,109
"Unternehmenswebsite für Krüger Education auf WordPress-Basis. Custom-Theme-Entwicklung, WooCommerce-Integration für digitale Downloads, SEO-Plugin-Konfiguration, Hosting-Setup.",8,7000,DE,DE-BW,PHP,Neuentwicklung,1,2023,klein,WordPress Website,0.85,71
"HR-Self-Service-Portal für Neumann Services (150 Mitarbeiter). Vue.js, REST API, Gehaltsabruf-Modul, Weiterbildungskalender, digitale Personalakte, rollenbasierte Zugriffsrechte, DSGVO-konformes Audit-Log.",90,156123,CH,CH,JavaScript,Neuentwicklung,2,2019,mittel,Mitarbeiterportal,1.0,107
"Unternehmensportal für Braun Logistics (800 Mitarbeiter) mit bidirektionaler SAP HR-Schnittstelle, SSO via Azure AD, Urlaubsmanagement, Zeiterfassung, Gehaltsabruf und Weiterbildungsmodul. React Frontend, Java Spring Boot Backend.",213,781458,CH,CH,SAP,Neuentwicklung,3,2021,gross,SAP-Integration Portal,0.97,166
"Einzel-Landing-Page für Produktlaunch von Hartmann Health. A/B-Testing-fähig, mehrsprachig (DE/EN), mit CMS-Anbindung für eigenständige Inhaltspflege. Mobile-first Ansatz.",4,4126,DE,DE-HH,JavaScript,Neuentwicklung,1,2025,klein,Landing Page,0.72,88
"Datenmigration für Lange Finance von Oracle 11g auf PostgreSQL 15. Schema-Mapping, Stored-Procedure-Umschreibung, Performance-Tests, Zero-Downtime-Migration mit Dual-Write-Ansatz.",75,82150,DE,DE-BE,Backend,Migration,2,2023,mittel,Datenmigraton,1.0,79
"REST API für Krause Retail mit 8 Endpoints, JWT-Authentifizierung, PostgreSQL-Datenbank, automatischer Swagger-Dokumentation und Docker-Containerisierung für einfaches Deployment.",27,13226,DE,DE-TH,Backend,Neuentwicklung,1,2019,klein,REST API einfach,1.0,61
"B2B-Handelsplattform für Wagner Immobilien. Microservices-Architektur (12 Services), Kubernetes-Deployment, Punchout-Katalog für EDI-Anbindung, dynamische Preislogik, Self-Service-Kundenportal.",207,482397,DE,DE-BW,Java,Neuentwicklung,3,2025,gross,Enterprise E-Commerce,0.72,96
"Wartung und Erweiterung des bestehenden WordPress-Systems von Schmidt AG. Plugin-Updates, Sicherheits-Audit, neue Such- und Filterfunktionen, Optimierung der Ladezeiten auf unter 2 Sekunden.",20,15520,DE,DE-BW,PHP,Weiterentwicklung,1,2025,klein,Legacy Bugfixing & Weiterentwicklung,0.72,76
"Intelligentes Archivierungssystem für Wolf Systems. OCR-Pipeline für Papierdokumente, ML-Modell zur Erkennung von Dokumententypen (98% Accuracy), automatische Metadaten-Extraktion, API für Drittsysteme.",201,541133,DE,DE-NW,Python/ML,Neuentwicklung,4,2023,gross,ML Dokumentenmanagement,0.85,91
"Enterprise-E-Commerce-Plattform für Klein Software mit 50.000+ Produkten, Multi-Mandanten-Fähigkeit, Echtzeit-Bestandssynchronisation, KI-gestützter Produktempfehlung, A/B-Testing-Framework und DACH-Lokalisierung.",176,576907,DE,DE-HE,Java,Neuentwicklung,4,2022,gross,Enterprise E-Commerce,0.92,85
"Management-Dashboard für Fischer Handel zur Visualisierung von Verkaufszahlen. React mit Recharts, Datenbankanbindung über bestehende API, Exportfunktion als PDF/Excel, Nutzerrollen-System.",27,20851,DE,DE-BW,JavaScript,Neuentwicklung,1,2024,klein,Dashboard einfach,0.78,87
"HR-Self-Service-Portal für Schmidt AG (150 Mitarbeiter). Vue.js, REST API, Gehaltsabruf-Modul, Weiterbildungskalender, digitale Personalakte, rollenbasierte Zugriffsrechte, DSGVO-konformes Audit-Log.",72,77132,DE,DE-SN,JavaScript,Neuentwicklung,2,2019,mittel,Mitarbeiterportal,1.0,60
"Predictive-Analytics-Plattform für Frank Legal. Nachfrageprognose mit LSTM-Modell (MAPE < 8%), Anomalie-Erkennung im Produktionsprozess, MLflow für Modell-Versionierung, REST API für ERP-Anbindung, monatliches Retraining.",114,317444,AT,AT,Python/ML,Neuentwicklung,3,2023,gross,ML Predictive Analytics,0.85,91
"Middleware-Lösung für Fischer Handel zur Anbindung von 4 Drittsystemen (CRM, ERP, Shop, Versand). Message-Queue via RabbitMQ, Retry-Logik, Monitoring-Dashboard, detailliertes Fehler-Logging.",63,106388,AT,AT,Backend,Neuentwicklung,3,2022,mittel,API-Integration Middleware,0.92,80
"Event-Ticketing-System für Lange Finance. Next.js, Seat-Map-Visualisierung, QR-Code-Ticket-Generierung, Warteliste, Gutscheinverwaltung, automatische Kapazitätssteuerung.",86,79859,AT,AT,JavaScript,Neuentwicklung,2,2019,mittel,Buchungssystem mittel,1.0,70
"Maßgeschneidertes CRM für Krüger Education mit Kontaktverwaltung, Pipeline-Tracking, E-Mail-Integration via IMAP/SMTP, Aktivitäten-Log, Reporting-Dashboard und CSV-Import für Bestandsdaten.",97,141192,DE,DE-TH,JavaScript,Neuentwicklung,3,2023,mittel,CRM-System,0.85,66
"Digitales Patientenportal für Schmidt AG mit KV-Anbindung, HL7 FHIR Schnittstelle, Telematikinfrastruktur-Anbindung, ePA-Integration, DSGVO- und KRITIS-konformes Sicherheitskonzept.",283,1092483,CH,CH,Java,Neuentwicklung,3,2025,gross,Gesundheitswesenportal,0.72,137
"Integration-Layer für Hoffmann Solutions. Apache Kafka, 6 Kafka-Topics, Schema-Registry, Dead-Letter-Queue, automatisches Alerting bei Verarbeitungsfehlern, API-Rate-Limit-Management.",90,172443,DE,DE-HE,Backend,Neuentwicklung,3,2024,mittel,API-Integration Middleware,0.78,87
"Unternehmensweite Prozessplattform für Zimmermann IT auf .NET 8 Basis. Workflow-Engine für 20 Genehmigungsprozesse, Power BI Embedded für Berichte, Azure AD Integration, On-Premise-Deployment auf Kundensystemen.",108,535622,CH,CH,.NET,Neuentwicklung,4,2025,gross,.NET Enterprise Platform,0.72,134
"Predictive-Analytics-Plattform für Köhler Automotive. Nachfrageprognose mit LSTM-Modell (MAPE < 8%), Anomalie-Erkennung im Produktionsprozess, MLflow für Modell-Versionierung, REST API für ERP-Anbindung, monatliches Retraining.",226,728775,DE,DE-BW,Python/ML,Neuentwicklung,6,2022,gross,ML Predictive Analytics,0.92,94
"Unternehmensweite Prozessplattform für Becker Pharma auf .NET 8 Basis. Workflow-Engine für 20 Genehmigungsprozesse, Power BI Embedded für Berichte, Azure AD Integration, On-Premise-Deployment auf Kundensystemen.",315,844261,DE,DE-HE,.NET,Neuentwicklung,5,2023,gross,.NET Enterprise Platform,0.85,85
"Event-Ticketing-System für Schmidt AG. Next.js, Seat-Map-Visualisierung, QR-Code-Ticket-Generierung, Warteliste, Gutscheinverwaltung, automatische Kapazitätssteuerung.",89,126640,DE,DE-NW,JavaScript,Neuentwicklung,3,2019,mittel,Buchungssystem mittel,1.0,70
"Management-Dashboard für Schulz Media zur Visualisierung von Verkaufszahlen. React mit Recharts, Datenbankanbindung über bestehende API, Exportfunktion als PDF/Excel, Nutzerrollen-System.",38,23195,DE,DE-NW,JavaScript,Neuentwicklung,1,2024,klein,Dashboard einfach,0.78,81
"WordPress-Website für Koch Industries mit 8 Unterseiten, Blog-Funktion, mehrsprachigem Plugin (WPML), individuell entwickeltem Child-Theme und Kontaktformular mit DSGVO-konformer Datenspeicherung.",15,9336,DE,DE-HH,PHP,Neuentwicklung,1,2023,klein,WordPress Website,0.85,70
"Unternehmenswebsite für Richter Tech auf WordPress-Basis. Custom-Theme-Entwicklung, WooCommerce-Integration für digitale Downloads, SEO-Plugin-Konfiguration, Hosting-Setup.",14,10392,DE,DE-NW,PHP,Neuentwicklung,1,2026,klein,WordPress Website,0.68,73
"SAP S/4HANA-Anbindung für Müller GmbH. Fiori-ähnliches Portal, RFC-Schnittstellen für MM/PP/FI, Custom ABAP-Entwicklung, Echtzeit-Datensynchronisation, Rollout auf 3 Werke.",163,761783,DE,DE-BW,SAP,Neuentwicklung,5,2024,gross,SAP-Integration Portal,0.78,126
"Internes Mitarbeiterportal für Krüger Education (80 Nutzer) mit SSO-Anbindung via Azure AD, Urlaubsantrag-Workflow, Dokumentenverwaltung, News-Feed und Organigramm-Darstellung. React Frontend, Node.js Backend, PostgreSQL.",58,79348,DE,DE-SN,JavaScript,Neuentwicklung,2,2024,mittel,Mitarbeiterportal,0.78,70
"Migration der Altdaten von Frank Legal aus Legacy-System (MS Access) in neue PostgreSQL-Datenbank. ETL-Pipeline, Datenbereinigung, Validierungsregeln, Testläufe mit Rollback-Funktion, Dokumentation.",61,109306,CH,CH,Backend,Migration,2,2020,mittel,Datenmigraton,1.0,115
"Vertriebssteuerungs-CRM für Schwarz Energie. React, GraphQL API, Angebots-Erstellung mit PDF-Export, Wiedervorlage-System, Outlook-Kalender-Synchronisation, Mobilansicht für Außendienst.",88,112701,DE,DE-BW,JavaScript,Neuentwicklung,2,2024,mittel,CRM-System,0.78,87
"Responsive Landing Page für Frank Legal mit Kontaktformular, SEO-Optimierung und Google Analytics Integration. Design nach Kundenvorgabe in Figma, Umsetzung mit React und Tailwind CSS.",11,5972,DE,DE-NW,JavaScript,Neuentwicklung,1,2023,klein,Landing Page,0.85,78
"Migration der Altdaten von Hartmann Health aus Legacy-System (MS Access) in neue PostgreSQL-Datenbank. ETL-Pipeline, Datenbereinigung, Validierungsregeln, Testläufe mit Rollback-Funktion, Dokumentation.",65,81558,DE,DE-HH,Backend,Migration,2,2021,mittel,Datenmigraton,1.0,81
"SAP S/4HANA-Anbindung für Krüger Education. Fiori-ähnliches Portal, RFC-Schnittstellen für MM/PP/FI, Custom ABAP-Entwicklung, Echtzeit-Datensynchronisation, Rollout auf 3 Werke.",166,478751,DE,DE-BY,SAP,Neuentwicklung,3,2024,gross,SAP-Integration Portal,0.78,129
"SAP S/4HANA-Anbindung für Schwarz Energie. Fiori-ähnliches Portal, RFC-Schnittstellen für MM/PP/FI, Custom ABAP-Entwicklung, Echtzeit-Datensynchronisation, Rollout auf 3 Werke.",267,1124838,DE,DE-HH,SAP,Neuentwicklung,6,2022,gross,SAP-Integration Portal,0.92,117
"Terminbuchungsportal für Krüger Education (bis 5 Mitarbeiter). Kundenlogin, Verfügbarkeitsprüfung in Echtzeit, iCal-Export, SMS-Erinnerungen via Twilio, DSGVO-konformes Datenschutz-Setup.",21,17556,DE,DE-HH,JavaScript,Neuentwicklung,1,2025,klein,Buchungssystem klein,0.72,88
"Churn-Prediction-System für Fischer Handel. Feature Engineering auf 50+ Variablen, XGBoost-Ensemble, SHAP-Erklärbarkeit, automatische Handlungsempfehlungen, A/B-Test-Framework zur Validierung.",162,418032,DE,DE-HE,Python/ML,Neuentwicklung,4,2022,gross,ML Predictive Analytics,0.92,90
"Vertriebssteuerungs-CRM für Schäfer Insurance. React, GraphQL API, Angebots-Erstellung mit PDF-Export, Wiedervorlage-System, Outlook-Kalender-Synchronisation, Mobilansicht für Außendienst.",82,71663,DE,DE-SN,JavaScript,Neuentwicklung,2,2018,mittel,CRM-System,1.0,58
"KPI-Dashboard für Weiß Transport. Vue.js Frontend, Echtzeit-Daten via WebSocket, 6 Chart-Typen, automatische E-Mail-Reports, Filterung nach Zeitraum und Region.",22,23019,CH,CH,JavaScript,Neuentwicklung,1,2025,klein,Dashboard einfach,0.72,128
"Unternehmensportal für Schwarz Energie (800 Mitarbeiter) mit bidirektionaler SAP HR-Schnittstelle, SSO via Azure AD, Urlaubsmanagement, Zeiterfassung, Gehaltsabruf und Weiterbildungsmodul. React Frontend, Java Spring Boot Backend.",352,745157,DE,DE-SN,SAP,Neuentwicklung,4,2019,gross,SAP-Integration Portal,1.0,88
"Datenmigration für Richter Tech von Oracle 11g auf PostgreSQL 15. Schema-Mapping, Stored-Procedure-Umschreibung, Performance-Tests, Zero-Downtime-Migration mit Dual-Write-Ansatz.",113,91055,DE,DE-SN,Backend,Migration,2,2021,mittel,Datenmigraton,1.0,66
"Digitalisierungsplattform für Lange Finance. ASP.NET Core, Blazor WebAssembly Frontend, Azure Service Bus, 15 Microservices, DevOps-Pipeline mit automatisierten Tests, ITIL-konformes Change Management.",231,839675,DE,DE-BY,.NET,Neuentwicklung,7,2020,gross,.NET Enterprise Platform,1.0,82
"Responsive Landing Page für Neumann Services mit Kontaktformular, SEO-Optimierung und Google Analytics Integration. Design nach Kundenvorgabe in Figma, Umsetzung mit React und Tailwind CSS.",9,4298,DE,DE-SN,JavaScript,Neuentwicklung,1,2018,klein,Landing Page,1.0,58
"Wartung und Erweiterung des bestehenden WordPress-Systems von Schäfer Insurance. Plugin-Updates, Sicherheits-Audit, neue Such- und Filterfunktionen, Optimierung der Ladezeiten auf unter 2 Sekunden.",13,8495,DE,DE-BE,PHP,Weiterentwicklung,1,2020,klein,Legacy Bugfixing & Weiterentwicklung,1.0,58
"Microservice-API für Wolf Systems. Python FastAPI, 5 CRUD-Endpoints, Rate-Limiting, API-Key-Verwaltung, automatisierte Tests mit pytest, CI/CD-Pipeline via GitHub Actions.",20,15987,DE,DE-BW,Backend,Neuentwicklung,1,2024,klein,REST API einfach,0.78,90
"Internes Mitarbeiterportal für Bauer Digital (80 Nutzer) mit SSO-Anbindung via Azure AD, Urlaubsantrag-Workflow, Dokumentenverwaltung, News-Feed und Organigramm-Darstellung. React Frontend, Node.js Backend, PostgreSQL.",65,109411,DE,DE-BW,JavaScript,Neuentwicklung,3,2025,mittel,Mitarbeiterportal,0.72,89
"Intelligentes Archivierungssystem für Maier Group. OCR-Pipeline für Papierdokumente, ML-Modell zur Erkennung von Dokumententypen (98% Accuracy), automatische Metadaten-Extraktion, API für Drittsysteme.",167,354046,DE,DE-TH,Python/ML,Neuentwicklung,4,2023,gross,ML Dokumentenmanagement,0.85,76
"Event-Ticketing-System für Krüger Education. Next.js, Seat-Map-Visualisierung, QR-Code-Ticket-Generierung, Warteliste, Gutscheinverwaltung, automatische Kapazitätssteuerung.",29,47352,DE,DE-BY,JavaScript,Neuentwicklung,2,2024,mittel,Buchungssystem mittel,0.78,89
"Maßgeschneiderte E-Commerce-Plattform für Koch Industries mit 2.000+ Produkten, Kundenkonto-Bereich, Wunschliste, Produktkonfigurator, Multi-Lager-Verwaltung und Anbindung an Warenwirtschaftssystem.",116,132148,DE,DE-BE,PHP,Neuentwicklung,2,2025,mittel,E-Commerce Platform,0.72,68
"Shopify-Onlineshop für Bauer Digital. Custom-Theme, bis zu 500 Produkte, Anbindung an DHL-Versandschnittstelle, Gutscheinsystem, Produktbewertungen und Newsletter-Integration.",35,15832,DE,DE-SN,PHP,Neuentwicklung,1,2025,klein,Einfacher Online-Shop,0.72,61
"Enterprise-E-Commerce-Plattform für Köhler Automotive mit 50.000+ Produkten, Multi-Mandanten-Fähigkeit, Echtzeit-Bestandssynchronisation, KI-gestützter Produktempfehlung, A/B-Testing-Framework und DACH-Lokalisierung.",317,866874,DE,DE-BW,Java,Neuentwicklung,4,2022,gross,Enterprise E-Commerce,0.92,88
"Migration der Altdaten von Müller GmbH aus Legacy-System (MS Access) in neue PostgreSQL-Datenbank. ETL-Pipeline, Datenbereinigung, Validierungsregeln, Testläufe mit Rollback-Funktion, Dokumentation.",91,145193,AT,AT,Backend,Migration,3,2024,mittel,Datenmigraton,1.0,85
"Maßgeschneidertes CRM für Becker Pharma mit Kontaktverwaltung, Pipeline-Tracking, E-Mail-Integration via IMAP/SMTP, Aktivitäten-Log, Reporting-Dashboard und CSV-Import für Bestandsdaten.",58,84876,DE,DE-TH,JavaScript,Neuentwicklung,3,2024,mittel,CRM-System,0.78,68
"Responsive Landing Page für Wolf Systems mit Kontaktformular, SEO-Optimierung und Google Analytics Integration. Design nach Kundenvorgabe in Figma, Umsetzung mit React und Tailwind CSS.",5,4695,DE,DE-HH,JavaScript,Neuentwicklung,1,2022,klein,Landing Page,0.92,80
"Vertriebssteuerungs-CRM für Becker Pharma. React, GraphQL API, Angebots-Erstellung mit PDF-Export, Wiedervorlage-System, Outlook-Kalender-Synchronisation, Mobilansicht für Außendienst.",90,107658,DE,DE-BY,JavaScript,Neuentwicklung,2,2022,mittel,CRM-System,0.92,83
"Ablösung des Legacy-Systems von Koch Industries (15 Jahre alt, COBOL/Oracle). Strangler-Fig-Muster, schrittweise Migration von 40 Modulen, paralleler Betrieb beider Systeme für 6 Monate, Zero-Downtime-Cutover.",356,857847,DE,DE-TH,Java,Migration,4,2022,gross,Legacy Migration Enterprise,1.0,69
"Responsive Landing Page für Köhler Automotive mit Kontaktformular, SEO-Optimierung und Google Analytics Integration. Design nach Kundenvorgabe in Figma, Umsetzung mit React und Tailwind CSS.",13,7174,DE,DE-BW,JavaScript,Neuentwicklung,1,2023,klein,Landing Page,0.85,84
"Vertriebssteuerungs-CRM für Müller GmbH. React, GraphQL API, Angebots-Erstellung mit PDF-Export, Wiedervorlage-System, Outlook-Kalender-Synchronisation, Mobilansicht für Außendienst.",68,101447,DE,DE-BW,JavaScript,Neuentwicklung,3,2019,mittel,CRM-System,1.0,75
"Business-Intelligence-Tool für Klein Software mit automatisierten Tagesberichten, interaktiven Drill-Down-Charts, Anomalie-Erkennung bei KPIs, Slack-Integration für Alerts und Export-Funktion.",69,83929,DE,DE-NW,Python/ML,Neuentwicklung,2,2021,mittel,Reporting & Analytics Tool,0.97,86
"B2B-Online-Shop für Klein Software. Shopware 6, kundenspezifische Preislisten, Bestelllimits, CSV-Massenimport, ERP-Schnittstelle zu SAP Business One, Rechnungsstellung per EDI.",49,92665,DE,DE-BE,PHP,Neuentwicklung,3,2024,mittel,E-Commerce Platform,0.78,66
"B2B-Online-Shop für Krause Retail. Shopware 6, kundenspezifische Preislisten, Bestelllimits, CSV-Massenimport, ERP-Schnittstelle zu SAP Business One, Rechnungsstellung per EDI.",138,138597,DE,DE-HH,PHP,Neuentwicklung,2,2020,mittel,E-Commerce Platform,1.0,63
"Einzel-Landing-Page für Produktlaunch von Becker & Partner. A/B-Testing-fähig, mehrsprachig (DE/EN), mit CMS-Anbindung für eigenständige Inhaltspflege. Mobile-first Ansatz.",8,5438,AT,AT,JavaScript,Neuentwicklung,1,2024,klein,Landing Page,0.78,81
"Unternehmensportal für Wolf Systems (800 Mitarbeiter) mit bidirektionaler SAP HR-Schnittstelle, SSO via Azure AD, Urlaubsmanagement, Zeiterfassung, Gehaltsabruf und Weiterbildungsmodul. React Frontend, Java Spring Boot Backend.",227,655005,DE,DE-BW,SAP,Neuentwicklung,4,2022,gross,SAP-Integration Portal,0.92,119
"WordPress-Website für Becker Pharma mit 8 Unterseiten, Blog-Funktion, mehrsprachigem Plugin (WPML), individuell entwickeltem Child-Theme und Kontaktformular mit DSGVO-konformer Datenspeicherung.",13,7888,DE,DE-HH,PHP,Neuentwicklung,1,2021,klein,WordPress Website,0.97,66
"Datenmigration für Köhler Automotive von Oracle 11g auf PostgreSQL 15. Schema-Mapping, Stored-Procedure-Umschreibung, Performance-Tests, Zero-Downtime-Migration mit Dual-Write-Ansatz.",93,90204,DE,DE-BY,Backend,Migration,2,2019,mittel,Datenmigraton,1.0,80
"KI-gestütztes Dokumentenmanagementsystem für Schwarz Energie mit automatischer Klassifikation per NLP (BERT), Volltextsuche via Elasticsearch, Versionierung, Zugriffsrollen und DSGVO-konformem Hosting auf deutschen Servern.",160,611244,DE,DE-HH,Python/ML,Neuentwicklung,5,2022,gross,ML Dokumentenmanagement,0.92,92
"Ablösung des Legacy-Systems von Zimmermann IT (15 Jahre alt, COBOL/Oracle). Strangler-Fig-Muster, schrittweise Migration von 40 Modulen, paralleler Betrieb beider Systeme für 6 Monate, Zero-Downtime-Cutover.",464,1608037,DE,DE-HH,Java,Migration,5,2022,gross,Legacy Migration Enterprise,1.0,86
"Integration-Layer für Hartmann Health. Apache Kafka, 6 Kafka-Topics, Schema-Registry, Dead-Letter-Queue, automatisches Alerting bei Verarbeitungsfehlern, API-Rate-Limit-Management.",50,105652,DE,DE-BE,Backend,Neuentwicklung,3,2025,mittel,API-Integration Middleware,0.72,84
"Management-Dashboard für Becker Pharma zur Visualisierung von Verkaufszahlen. React mit Recharts, Datenbankanbindung über bestehende API, Exportfunktion als PDF/Excel, Nutzerrollen-System.",33,22293,AT,AT,JavaScript,Neuentwicklung,1,2022,klein,Dashboard einfach,0.92,76
"Microservice-API für Richter Tech. Python FastAPI, 5 CRUD-Endpoints, Rate-Limiting, API-Key-Verwaltung, automatisierte Tests mit pytest, CI/CD-Pipeline via GitHub Actions.",37,22760,DE,DE-BE,Backend,Neuentwicklung,1,2023,klein,REST API einfach,0.85,79
"Online-Buchungssystem für Wagner Immobilien mit Kalenderansicht, automatischen E-Mail-Erinnerungen, Zahlungsintegration via Stripe und Admin-Backend zur Terminverwaltung. React Frontend, Node.js Backend.",19,13640,AT,AT,JavaScript,Neuentwicklung,1,2023,klein,Buchungssystem klein,0.85,78
"KPI-Dashboard für Hartmann Health. Vue.js Frontend, Echtzeit-Daten via WebSocket, 6 Chart-Typen, automatische E-Mail-Reports, Filterung nach Zeitraum und Region.",51,31266,DE,DE-HE,JavaScript,Neuentwicklung,1,2022,klein,Dashboard einfach,0.92,78
"Weiterentwicklung und Bugfixing der bestehenden PHP-Anwendung von Lange Finance. Code-Review, Behebung von 15 kritischen Bugs, Performance-Optimierung der Datenbankabfragen, Upgrade auf PHP 8.2.",20,10170,DE,DE-TH,PHP,Weiterentwicklung,1,2024,klein,Legacy Bugfixing & Weiterentwicklung,0.78,58
"Unternehmenswebsite für Weiß Transport auf WordPress-Basis. Custom-Theme-Entwicklung, WooCommerce-Integration für digitale Downloads, SEO-Plugin-Konfiguration, Hosting-Setup.",9,8696,DE,DE-BE,PHP,Neuentwicklung,1,2026,klein,WordPress Website,0.68,70
"Digitales Patientenportal für Schäfer Insurance mit KV-Anbindung, HL7 FHIR Schnittstelle, Telematikinfrastruktur-Anbindung, ePA-Integration, DSGVO- und KRITIS-konformes Sicherheitskonzept.",451,1351236,DE,DE-HH,Java,Neuentwicklung,6,2019,gross,Gesundheitswesenportal,1.0,79
"Online-Buchungssystem für Bauer Digital mit Kalenderansicht, automatischen E-Mail-Erinnerungen, Zahlungsintegration via Stripe und Admin-Backend zur Terminverwaltung. React Frontend, Node.js Backend.",52,50176,CH,CH,JavaScript,Neuentwicklung,1,2023,klein,Buchungssystem klein,0.85,120
"B2B-Online-Shop für Weber Consulting. Shopware 6, kundenspezifische Preislisten, Bestelllimits, CSV-Massenimport, ERP-Schnittstelle zu SAP Business One, Rechnungsstellung per EDI.",69,133981,CH,CH,PHP,Neuentwicklung,3,2021,mittel,E-Commerce Platform,0.97,96
"B2B-Online-Shop für Becker & Partner. Shopware 6, kundenspezifische Preislisten, Bestelllimits, CSV-Massenimport, ERP-Schnittstelle zu SAP Business One, Rechnungsstellung per EDI.",153,210305,DE,DE-NW,PHP,Neuentwicklung,3,2020,mittel,E-Commerce Platform,1.0,60
"B2B-Handelsplattform für Wolf Systems. Microservices-Architektur (12 Services), Kubernetes-Deployment, Punchout-Katalog für EDI-Anbindung, dynamische Preislogik, Self-Service-Kundenportal.",172,996207,CH,CH,Java,Neuentwicklung,7,2022,gross,Enterprise E-Commerce,0.92,126
"Migration der Altdaten von Krüger Education aus Legacy-System (MS Access) in neue PostgreSQL-Datenbank. ETL-Pipeline, Datenbereinigung, Validierungsregeln, Testläufe mit Rollback-Funktion, Dokumentation.",61,116040,CH,CH,Backend,Migration,2,2020,mittel,Datenmigraton,1.0,115
"Cross-Platform-App (iOS & Android) für Koch Industries mit 12 Screens, Nutzerregistrierung, Push-Notifications, Offline-Fähigkeit durch lokale SQLite-Datenbank und REST-API-Anbindung. React Native.",84,115725,DE,DE-HH,Mobile,Neuentwicklung,2,2024,mittel,Mobile App mittel,0.78,94
"SAP S/4HANA-Anbindung für Koch Industries. Fiori-ähnliches Portal, RFC-Schnittstellen für MM/PP/FI, Custom ABAP-Entwicklung, Echtzeit-Datensynchronisation, Rollout auf 3 Werke.",245,658800,DE,DE-BE,SAP,Neuentwicklung,4,2023,gross,SAP-Integration Portal,0.85,110
"WooCommerce-Shop für Krüger Education mit bis zu 200 Produkten, Stripe- und PayPal-Zahlungsanbindung, automatisierter Bestellbestätigung per E-Mail und einfacher Lagerverwaltung.",40,22010,DE,DE-HE,PHP,Neuentwicklung,1,2022,klein,Einfacher Online-Shop,0.92,66
"Vollständige Neuentwicklung des Kernbanksystems von Schwarz Energie. Java Spring Boot Microservices, Event Sourcing, CQRS, Migrationsskripte für 2 Mio. Datensätze, Compliance-Anforderungen BaFin.",435,1558548,CH,CH,Java,Migration,4,2021,gross,Legacy Migration Enterprise,1.0,121
"Shopify-Onlineshop für Maier Group. Custom-Theme, bis zu 500 Produkte, Anbindung an DHL-Versandschnittstelle, Gutscheinsystem, Produktbewertungen und Newsletter-Integration.",11,18024,CH,CH,PHP,Neuentwicklung,1,2025,klein,Einfacher Online-Shop,0.72,108
"B2B-Online-Shop für Richter Tech. Shopware 6, kundenspezifische Preislisten, Bestelllimits, CSV-Massenimport, ERP-Schnittstelle zu SAP Business One, Rechnungsstellung per EDI.",67,127756,CH,CH,PHP,Neuentwicklung,2,2025,mittel,E-Commerce Platform,0.72,108
"Vertriebssteuerungs-CRM für Müller GmbH. React, GraphQL API, Angebots-Erstellung mit PDF-Export, Wiedervorlage-System, Outlook-Kalender-Synchronisation, Mobilansicht für Außendienst.",94,162882,DE,DE-BY,JavaScript,Neuentwicklung,3,2023,mittel,CRM-System,0.85,86
"Internes Mitarbeiterportal für Zimmermann IT (80 Nutzer) mit SSO-Anbindung via Azure AD, Urlaubsantrag-Workflow, Dokumentenverwaltung, News-Feed und Organigramm-Darstellung. React Frontend, Node.js Backend, PostgreSQL.",53,79397,AT,AT,JavaScript,Neuentwicklung,2,2025,mittel,Mitarbeiterportal,0.72,84
"WordPress-Website für Braun Logistics mit 8 Unterseiten, Blog-Funktion, mehrsprachigem Plugin (WPML), individuell entwickeltem Child-Theme und Kontaktformular mit DSGVO-konformer Datenspeicherung.",10,6100,DE,DE-BW,PHP,Neuentwicklung,1,2023,klein,WordPress Website,0.85,71
"Cross-Platform-App (iOS & Android) für Hoffmann Solutions mit 12 Screens, Nutzerregistrierung, Push-Notifications, Offline-Fähigkeit durch lokale SQLite-Datenbank und REST-API-Anbindung. React Native.",96,133729,DE,DE-TH,Mobile,Neuentwicklung,3,2024,mittel,Mobile App mittel,0.78,75
"Maßgeschneiderte E-Commerce-Plattform für Becker Pharma mit 2.000+ Produkten, Kundenkonto-Bereich, Wunschliste, Produktkonfigurator, Multi-Lager-Verwaltung und Anbindung an Warenwirtschaftssystem.",102,120504,DE,DE-HE,PHP,Neuentwicklung,2,2023,mittel,E-Commerce Platform,0.85,69
"Business-Intelligence-Tool für Neumann Services mit automatisierten Tagesberichten, interaktiven Drill-Down-Charts, Anomalie-Erkennung bei KPIs, Slack-Integration für Alerts und Export-Funktion.",80,93748,DE,DE-SN,Python/ML,Neuentwicklung,2,2024,mittel,Reporting & Analytics Tool,0.78,81
"HR-Self-Service-Portal für Müller GmbH (150 Mitarbeiter). Vue.js, REST API, Gehaltsabruf-Modul, Weiterbildungskalender, digitale Personalakte, rollenbasierte Zugriffsrechte, DSGVO-konformes Audit-Log.",91,164257,DE,DE-BY,JavaScript,Neuentwicklung,3,2023,mittel,Mitarbeiterportal,0.85,86
"Shopify-Onlineshop für Weiß Transport. Custom-Theme, bis zu 500 Produkte, Anbindung an DHL-Versandschnittstelle, Gutscheinsystem, Produktbewertungen und Newsletter-Integration.",33,17262,DE,DE-NW,PHP,Neuentwicklung,1,2023,klein,Einfacher Online-Shop,0.85,67
"Maßgeschneidertes CRM für Krüger Education mit Kontaktverwaltung, Pipeline-Tracking, E-Mail-Integration via IMAP/SMTP, Aktivitäten-Log, Reporting-Dashboard und CSV-Import für Bestandsdaten.",127,180579,DE,DE-BW,JavaScript,Neuentwicklung,3,2021,mittel,CRM-System,0.97,79
"WordPress-Website für Wagner Immobilien mit 8 Unterseiten, Blog-Funktion, mehrsprachigem Plugin (WPML), individuell entwickeltem Child-Theme und Kontaktformular mit DSGVO-konformer Datenspeicherung.",18,5665,DE,DE-SN,PHP,Neuentwicklung,1,2018,klein,WordPress Website,1.0,49
"Management-Dashboard für Braun Logistics zur Visualisierung von Verkaufszahlen. React mit Recharts, Datenbankanbindung über bestehende API, Exportfunktion als PDF/Excel, Nutzerrollen-System.",29,29726,CH,CH,JavaScript,Neuentwicklung,1,2022,klein,Dashboard einfach,0.92,116
"Buchungs- und Reservierungsplattform für Schulz Media mit Multi-Location-Support, dynamischer Preisgestaltung, Gruppenreservierungen, Stornogebühren-Logik und Anbindung an Zahlungsanbieter.",65,140462,DE,DE-BY,JavaScript,Neuentwicklung,3,2026,mittel,Buchungssystem mittel,0.68,94
"Shopify-Onlineshop für Neumann Services. Custom-Theme, bis zu 500 Produkte, Anbindung an DHL-Versandschnittstelle, Gutscheinsystem, Produktbewertungen und Newsletter-Integration.",26,18867,DE,DE-HE,PHP,Neuentwicklung,1,2024,klein,Einfacher Online-Shop,0.78,71
"B2B-Handelsplattform für Zimmermann IT. Microservices-Architektur (12 Services), Kubernetes-Deployment, Punchout-Katalog für EDI-Anbindung, dynamische Preislogik, Self-Service-Kundenportal.",101,403908,DE,DE-BY,Java,Neuentwicklung,3,2024,gross,Enterprise E-Commerce,0.78,96
"Wartung und Erweiterung des bestehenden WordPress-Systems von Maier Group. Plugin-Updates, Sicherheits-Audit, neue Such- und Filterfunktionen, Optimierung der Ladezeiten auf unter 2 Sekunden.",16,10398,AT,AT,PHP,Weiterentwicklung,1,2020,klein,Legacy Bugfixing & Weiterentwicklung,1.0,60
"Unternehmensportal für Schäfer Insurance (800 Mitarbeiter) mit bidirektionaler SAP HR-Schnittstelle, SSO via Azure AD, Urlaubsmanagement, Zeiterfassung, Gehaltsabruf und Weiterbildungsmodul. React Frontend, Java Spring Boot Backend.",300,1223680,DE,DE-BY,SAP,Neuentwicklung,6,2019,gross,SAP-Integration Portal,1.0,112
"Unternehmenswebsite für Meier Manufacturing auf WordPress-Basis. Custom-Theme-Entwicklung, WooCommerce-Integration für digitale Downloads, SEO-Plugin-Konfiguration, Hosting-Setup.",18,11412,DE,DE-BW,PHP,Neuentwicklung,1,2022,klein,WordPress Website,0.92,69
"KPI-Dashboard für Schmidt AG. Vue.js Frontend, Echtzeit-Daten via WebSocket, 6 Chart-Typen, automatische E-Mail-Reports, Filterung nach Zeitraum und Region.",49,39815,CH,CH,JavaScript,Neuentwicklung,1,2021,klein,Dashboard einfach,0.97,113
"Unternehmensweite Prozessplattform für Richter Tech auf .NET 8 Basis. Workflow-Engine für 20 Genehmigungsprozesse, Power BI Embedded für Berichte, Azure AD Integration, On-Premise-Deployment auf Kundensystemen.",90,404927,AT,AT,.NET,Neuentwicklung,7,2020,gross,.NET Enterprise Platform,1.0,75
"WordPress-Website für Zimmermann IT mit 8 Unterseiten, Blog-Funktion, mehrsprachigem Plugin (WPML), individuell entwickeltem Child-Theme und Kontaktformular mit DSGVO-konformer Datenspeicherung.",19,8717,AT,AT,PHP,Neuentwicklung,1,2019,klein,WordPress Website,1.0,59
"Microservice-API für Becker & Partner. Python FastAPI, 5 CRUD-Endpoints, Rate-Limiting, API-Key-Verwaltung, automatisierte Tests mit pytest, CI/CD-Pipeline via GitHub Actions.",20,13913,DE,DE-HE,Backend,Neuentwicklung,1,2021,klein,REST API einfach,0.97,79
"Microservice-API für Wagner Immobilien. Python FastAPI, 5 CRUD-Endpoints, Rate-Limiting, API-Key-Verwaltung, automatisierte Tests mit pytest, CI/CD-Pipeline via GitHub Actions.",5,6235,DE,DE-HH,Backend,Neuentwicklung,1,2020,klein,REST API einfach,1.0,79
"Migration der Altdaten von Becker Pharma aus Legacy-System (MS Access) in neue PostgreSQL-Datenbank. ETL-Pipeline, Datenbereinigung, Validierungsregeln, Testläufe mit Rollback-Funktion, Dokumentation.",44,78095,DE,DE-HE,Backend,Migration,3,2024,mittel,Datenmigraton,1.0,87
"Business-Intelligence-Tool für Klein Software mit automatisierten Tagesberichten, interaktiven Drill-Down-Charts, Anomalie-Erkennung bei KPIs, Slack-Integration für Alerts und Export-Funktion.",41,112021,CH,CH,Python/ML,Neuentwicklung,2,2025,mittel,Reporting & Analytics Tool,0.72,147
"Flutter-App für Wagner Immobilien. Kartenintegration via Google Maps, Foto-Upload mit Bildkomprimierung, Echtzeit-Chat via WebSocket, Biometrie-Login, automatische App-Store-Deployment-Pipeline.",99,119751,DE,DE-BW,Mobile,Neuentwicklung,2,2019,mittel,Mobile App mittel,1.0,82
"Vertriebssteuerungs-CRM für Bauer Digital. React, GraphQL API, Angebots-Erstellung mit PDF-Export, Wiedervorlage-System, Outlook-Kalender-Synchronisation, Mobilansicht für Außendienst.",104,119666,DE,DE-BY,JavaScript,Neuentwicklung,2,2020,mittel,CRM-System,1.0,79
"Unternehmensweite Prozessplattform für Hartmann Health auf .NET 8 Basis. Workflow-Engine für 20 Genehmigungsprozesse, Power BI Embedded für Berichte, Azure AD Integration, On-Premise-Deployment auf Kundensystemen.",193,546881,DE,DE-HH,.NET,Neuentwicklung,6,2019,gross,.NET Enterprise Platform,1.0,77
"Intelligentes Archivierungssystem für Schäfer Insurance. OCR-Pipeline für Papierdokumente, ML-Modell zur Erkennung von Dokumententypen (98% Accuracy), automatische Metadaten-Extraktion, API für Drittsysteme.",225,431787,DE,DE-SN,Python/ML,Neuentwicklung,4,2021,gross,ML Dokumentenmanagement,0.97,73
"KI-gestütztes Dokumentenmanagementsystem für Fischer Handel mit automatischer Klassifikation per NLP (BERT), Volltextsuche via Elasticsearch, Versionierung, Zugriffsrollen und DSGVO-konformem Hosting auf deutschen Servern.",195,621031,DE,DE-BE,Python/ML,Neuentwicklung,6,2023,gross,ML Dokumentenmanagement,0.85,87
"Buchungs- und Reservierungsplattform für Maier Group mit Multi-Location-Support, dynamischer Preisgestaltung, Gruppenreservierungen, Stornogebühren-Logik und Anbindung an Zahlungsanbieter.",86,193724,CH,CH,JavaScript,Neuentwicklung,3,2023,mittel,Buchungssystem mittel,0.85,120
"Einzel-Landing-Page für Produktlaunch von Meier Manufacturing. A/B-Testing-fähig, mehrsprachig (DE/EN), mit CMS-Anbindung für eigenständige Inhaltspflege. Mobile-first Ansatz.",10,5344,DE,DE-HE,JavaScript,Neuentwicklung,1,2020,klein,Landing Page,1.0,74
"Business-Intelligence-Tool für Becker & Partner mit automatisierten Tagesberichten, interaktiven Drill-Down-Charts, Anomalie-Erkennung bei KPIs, Slack-Integration für Alerts und Export-Funktion.",86,116014,DE,DE-BY,Python/ML,Neuentwicklung,2,2018,mittel,Reporting & Analytics Tool,1.0,86
"WordPress-Website für Koch Industries mit 8 Unterseiten, Blog-Funktion, mehrsprachigem Plugin (WPML), individuell entwickeltem Child-Theme und Kontaktformular mit DSGVO-konformer Datenspeicherung.",13,8371,DE,DE-HH,PHP,Neuentwicklung,1,2023,klein,WordPress Website,0.85,70
"B2B-Online-Shop für Becker Pharma. Shopware 6, kundenspezifische Preislisten, Bestelllimits, CSV-Massenimport, ERP-Schnittstelle zu SAP Business One, Rechnungsstellung per EDI.",73,203983,CH,CH,PHP,Neuentwicklung,3,2024,mittel,E-Commerce Platform,0.78,105
"Terminbuchungsportal für Lange Finance (bis 5 Mitarbeiter). Kundenlogin, Verfügbarkeitsprüfung in Echtzeit, iCal-Export, SMS-Erinnerungen via Twilio, DSGVO-konformes Datenschutz-Setup.",37,37645,CH,CH,JavaScript,Neuentwicklung,1,2023,klein,Buchungssystem klein,0.85,120
"Einzel-Landing-Page für Produktlaunch von Bauer Digital. A/B-Testing-fähig, mehrsprachig (DE/EN), mit CMS-Anbindung für eigenständige Inhaltspflege. Mobile-first Ansatz.",6,3841,DE,DE-SN,JavaScript,Neuentwicklung,1,2022,klein,Landing Page,0.92,65
"B2B-Online-Shop für Weber Consulting. Shopware 6, kundenspezifische Preislisten, Bestelllimits, CSV-Massenimport, ERP-Schnittstelle zu SAP Business One, Rechnungsstellung per EDI.",109,198575,AT,AT,PHP,Neuentwicklung,3,2024,mittel,E-Commerce Platform,0.78,69
"Buchungs- und Reservierungsplattform für Maier Group mit Multi-Location-Support, dynamischer Preisgestaltung, Gruppenreservierungen, Stornogebühren-Logik und Anbindung an Zahlungsanbieter.",44,59822,AT,AT,JavaScript,Neuentwicklung,2,2018,mittel,Buchungssystem mittel,1.0,68
"Shopify-Onlineshop für Köhler Automotive. Custom-Theme, bis zu 500 Produkte, Anbindung an DHL-Versandschnittstelle, Gutscheinsystem, Produktbewertungen und Newsletter-Integration.",18,13586,AT,AT,PHP,Neuentwicklung,1,2024,klein,Einfacher Online-Shop,0.78,69
"Business-Intelligence-Tool für Neumann Services mit automatisierten Tagesberichten, interaktiven Drill-Down-Charts, Anomalie-Erkennung bei KPIs, Slack-Integration für Alerts und Export-Funktion.",47,89305,AT,AT,Python/ML,Neuentwicklung,2,2025,mittel,Reporting & Analytics Tool,0.72,96
"Enterprise-E-Commerce-Plattform für Becker Pharma mit 50.000+ Produkten, Multi-Mandanten-Fähigkeit, Echtzeit-Bestandssynchronisation, KI-gestützter Produktempfehlung, A/B-Testing-Framework und DACH-Lokalisierung.",318,1414667,AT,AT,Java,Neuentwicklung,7,2024,gross,Enterprise E-Commerce,0.78,88
"Maßgeschneiderte E-Commerce-Plattform für Wagner Immobilien mit 2.000+ Produkten, Kundenkonto-Bereich, Wunschliste, Produktkonfigurator, Multi-Lager-Verwaltung und Anbindung an Warenwirtschaftssystem.",67,117107,DE,DE-HE,PHP,Neuentwicklung,2,2026,mittel,E-Commerce Platform,0.68,75
"Event-Ticketing-System für Braun Logistics. Next.js, Seat-Map-Visualisierung, QR-Code-Ticket-Generierung, Warteliste, Gutscheinverwaltung, automatische Kapazitätssteuerung.",87,85071,DE,DE-NW,JavaScript,Neuentwicklung,2,2021,mittel,Buchungssystem mittel,0.97,74
"B2B-Handelsplattform für Schwarz Energie. Microservices-Architektur (12 Services), Kubernetes-Deployment, Punchout-Katalog für EDI-Anbindung, dynamische Preislogik, Self-Service-Kundenportal.",300,994835,DE,DE-BE,Java,Neuentwicklung,7,2020,gross,Enterprise E-Commerce,1.0,74
"Shopify-Onlineshop für Müller GmbH. Custom-Theme, bis zu 500 Produkte, Anbindung an DHL-Versandschnittstelle, Gutscheinsystem, Produktbewertungen und Newsletter-Integration.",28,16479,DE,DE-BE,PHP,Neuentwicklung,1,2023,klein,Einfacher Online-Shop,0.85,64
"Maßgeschneidertes CRM für Becker & Partner mit Kontaktverwaltung, Pipeline-Tracking, E-Mail-Integration via IMAP/SMTP, Aktivitäten-Log, Reporting-Dashboard und CSV-Import für Bestandsdaten.",111,276073,CH,CH,JavaScript,Neuentwicklung,3,2022,mittel,CRM-System,0.92,116
"Migration der Altdaten von Wolf Systems aus Legacy-System (MS Access) in neue PostgreSQL-Datenbank. ETL-Pipeline, Datenbereinigung, Validierungsregeln, Testläufe mit Rollback-Funktion, Dokumentation.",86,106462,DE,DE-HH,Backend,Migration,2,2024,mittel,Datenmigraton,1.0,89
"B2B-Handelsplattform für Schwarz Energie. Microservices-Architektur (12 Services), Kubernetes-Deployment, Punchout-Katalog für EDI-Anbindung, dynamische Preislogik, Self-Service-Kundenportal.",391,573623,DE,DE-TH,Java,Neuentwicklung,3,2022,gross,Enterprise E-Commerce,0.92,69
"Integration-Layer für Lange Finance. Apache Kafka, 6 Kafka-Topics, Schema-Registry, Dead-Letter-Queue, automatisches Alerting bei Verarbeitungsfehlern, API-Rate-Limit-Management.",64,96834,AT,AT,Backend,Neuentwicklung,2,2025,mittel,API-Integration Middleware,0.72,88
"Buchungs- und Reservierungsplattform für Zimmermann IT mit Multi-Location-Support, dynamischer Preisgestaltung, Gruppenreservierungen, Stornogebühren-Logik und Anbindung an Zahlungsanbieter.",37,51296,DE,DE-HH,JavaScript,Neuentwicklung,2,2023,mittel,Buchungssystem mittel,0.85,82
"REST API für Zimmermann IT mit 8 Endpoints, JWT-Authentifizierung, PostgreSQL-Datenbank, automatischer Swagger-Dokumentation und Docker-Containerisierung für einfaches Deployment.",19,10850,AT,AT,Backend,Neuentwicklung,1,2018,klein,REST API einfach,1.0,71
"Terminbuchungsportal für Fischer Handel (bis 5 Mitarbeiter). Kundenlogin, Verfügbarkeitsprüfung in Echtzeit, iCal-Export, SMS-Erinnerungen via Twilio, DSGVO-konformes Datenschutz-Setup.",39,32125,CH,CH,JavaScript,Neuentwicklung,1,2022,klein,Buchungssystem klein,0.92,116
"Ablösung des Legacy-Systems von Maier Group (15 Jahre alt, COBOL/Oracle). Strangler-Fig-Muster, schrittweise Migration von 40 Modulen, paralleler Betrieb beider Systeme für 6 Monate, Zero-Downtime-Cutover.",387,935769,DE,DE-BW,Java,Migration,4,2019,gross,Legacy Migration Enterprise,1.0,80
"Einzel-Landing-Page für Produktlaunch von Meier Manufacturing. A/B-Testing-fähig, mehrsprachig (DE/EN), mit CMS-Anbindung für eigenständige Inhaltspflege. Mobile-first Ansatz.",16,7610,DE,DE-BE,JavaScript,Neuentwicklung,1,2020,klein,Landing Page,1.0,69
"Intelligentes Archivierungssystem für Krause Retail. OCR-Pipeline für Papierdokumente, ML-Modell zur Erkennung von Dokumententypen (98% Accuracy), automatische Metadaten-Extraktion, API für Drittsysteme.",312,850189,DE,DE-TH,Python/ML,Neuentwicklung,6,2020,gross,ML Dokumentenmanagement,1.0,70
"Integration-Layer für Maier Group. Apache Kafka, 6 Kafka-Topics, Schema-Registry, Dead-Letter-Queue, automatisches Alerting bei Verarbeitungsfehlern, API-Rate-Limit-Management.",79,112002,AT,AT,Backend,Neuentwicklung,3,2021,mittel,API-Integration Middleware,0.97,77
"Einzel-Landing-Page für Produktlaunch von Schwarz Energie. A/B-Testing-fähig, mehrsprachig (DE/EN), mit CMS-Anbindung für eigenständige Inhaltspflege. Mobile-first Ansatz.",9,6056,DE,DE-HE,JavaScript,Neuentwicklung,1,2024,klein,Landing Page,0.78,84
"WooCommerce-Shop für Neumann Services mit bis zu 200 Produkten, Stripe- und PayPal-Zahlungsanbindung, automatisierter Bestellbestätigung per E-Mail und einfacher Lagerverwaltung.",30,13462,DE,DE-BE,PHP,Neuentwicklung,1,2022,klein,Einfacher Online-Shop,0.92,62
"Responsive Landing Page für Zimmermann IT mit Kontaktformular, SEO-Optimierung und Google Analytics Integration. Design nach Kundenvorgabe in Figma, Umsetzung mit React und Tailwind CSS.",10,7726,DE,DE-BE,JavaScript,Neuentwicklung,1,2020,klein,Landing Page,1.0,69
"Management-Dashboard für Becker & Partner zur Visualisierung von Verkaufszahlen. React mit Recharts, Datenbankanbindung über bestehende API, Exportfunktion als PDF/Excel, Nutzerrollen-System.",22,29106,CH,CH,JavaScript,Neuentwicklung,1,2023,klein,Dashboard einfach,0.85,120
"Einzel-Landing-Page für Produktlaunch von Hoffmann Solutions. A/B-Testing-fähig, mehrsprachig (DE/EN), mit CMS-Anbindung für eigenständige Inhaltspflege. Mobile-first Ansatz.",16,11166,CH,CH,JavaScript,Neuentwicklung,1,2021,klein,Landing Page,0.97,113
"Einzel-Landing-Page für Produktlaunch von Wagner Immobilien. A/B-Testing-fähig, mehrsprachig (DE/EN), mit CMS-Anbindung für eigenständige Inhaltspflege. Mobile-first Ansatz.",22,9727,DE,DE-HE,JavaScript,Neuentwicklung,1,2020,klein,Landing Page,1.0,74
"REST API für Krause Retail mit 8 Endpoints, JWT-Authentifizierung, PostgreSQL-Datenbank, automatischer Swagger-Dokumentation und Docker-Containerisierung für einfaches Deployment.",23,14078,DE,DE-NW,Backend,Neuentwicklung,1,2021,klein,REST API einfach,0.97,77
"Migration der Altdaten von Hoffmann Solutions aus Legacy-System (MS Access) in neue PostgreSQL-Datenbank. ETL-Pipeline, Datenbereinigung, Validierungsregeln, Testläufe mit Rollback-Funktion, Dokumentation.",65,80318,AT,AT,Backend,Migration,2,2022,mittel,Datenmigraton,1.0,80
"Unternehmensportal für Meier Manufacturing (800 Mitarbeiter) mit bidirektionaler SAP HR-Schnittstelle, SSO via Azure AD, Urlaubsmanagement, Zeiterfassung, Gehaltsabruf und Weiterbildungsmodul. React Frontend, Java Spring Boot Backend.",240,662582,AT,AT,SAP,Neuentwicklung,4,2019,gross,SAP-Integration Portal,1.0,102
"B2B-Handelsplattform für Schulz Media. Microservices-Architektur (12 Services), Kubernetes-Deployment, Punchout-Katalog für EDI-Anbindung, dynamische Preislogik, Self-Service-Kundenportal.",340,971665,DE,DE-TH,Java,Neuentwicklung,6,2022,gross,Enterprise E-Commerce,0.92,69
"Management-Dashboard für Köhler Automotive zur Visualisierung von Verkaufszahlen. React mit Recharts, Datenbankanbindung über bestehende API, Exportfunktion als PDF/Excel, Nutzerrollen-System.",27,21662,DE,DE-HE,JavaScript,Neuentwicklung,1,2023,klein,Dashboard einfach,0.85,81
"Cross-Platform-App (iOS & Android) für Frank Legal mit 12 Screens, Nutzerregistrierung, Push-Notifications, Offline-Fähigkeit durch lokale SQLite-Datenbank und REST-API-Anbindung. React Native.",100,106537,DE,DE-NW,Mobile,Neuentwicklung,2,2020,mittel,Mobile App mittel,1.0,79
"Unternehmenswebsite für Wolf Systems auf WordPress-Basis. Custom-Theme-Entwicklung, WooCommerce-Integration für digitale Downloads, SEO-Plugin-Konfiguration, Hosting-Setup.",8,7145,DE,DE-HH,PHP,Neuentwicklung,1,2024,klein,WordPress Website,0.78,72
"Maßgeschneiderte E-Commerce-Plattform für Hoffmann Solutions mit 2.000+ Produkten, Kundenkonto-Bereich, Wunschliste, Produktkonfigurator, Multi-Lager-Verwaltung und Anbindung an Warenwirtschaftssystem.",139,174064,DE,DE-SN,PHP,Neuentwicklung,3,2026,mittel,E-Commerce Platform,0.68,63
"Internes Mitarbeiterportal für Koch Industries (80 Nutzer) mit SSO-Anbindung via Azure AD, Urlaubsantrag-Workflow, Dokumentenverwaltung, News-Feed und Organigramm-Darstellung. React Frontend, Node.js Backend, PostgreSQL.",96,203753,CH,CH,JavaScript,Neuentwicklung,3,2020,mittel,Mitarbeiterportal,1.0,110
"Unternehmensportal für Schwarz Energie (800 Mitarbeiter) mit bidirektionaler SAP HR-Schnittstelle, SSO via Azure AD, Urlaubsmanagement, Zeiterfassung, Gehaltsabruf und Weiterbildungsmodul. React Frontend, Java Spring Boot Backend.",261,1486019,CH,CH,SAP,Neuentwicklung,6,2021,gross,SAP-Integration Portal,0.97,166
"Analyse-Dashboard für Müller GmbH mit Python Dash, Anbindung an 3 Datenquellen, Zeitreihenanalyse, Prognose-Modell für nächste 30 Tage, rollenbasierte Sichtbarkeit.",62,162625,DE,DE-BY,Python/ML,Neuentwicklung,3,2026,mittel,Reporting & Analytics Tool,0.68,109
"Online-Buchungssystem für Fischer Handel mit Kalenderansicht, automatischen E-Mail-Erinnerungen, Zahlungsintegration via Stripe und Admin-Backend zur Terminverwaltung. React Frontend, Node.js Backend.",22,19030,DE,DE-BW,JavaScript,Neuentwicklung,1,2025,klein,Buchungssystem klein,0.72,89
"Online-Buchungssystem für Müller GmbH mit Kalenderansicht, automatischen E-Mail-Erinnerungen, Zahlungsintegration via Stripe und Admin-Backend zur Terminverwaltung. React Frontend, Node.js Backend.",29,14461,DE,DE-TH,JavaScript,Neuentwicklung,1,2020,klein,Buchungssystem klein,1.0,60
"Unternehmensweite Prozessplattform für Neumann Services auf .NET 8 Basis. Workflow-Engine für 20 Genehmigungsprozesse, Power BI Embedded für Berichte, Azure AD Integration, On-Premise-Deployment auf Kundensystemen.",335,1081869,DE,DE-HH,.NET,Neuentwicklung,6,2021,gross,.NET Enterprise Platform,0.97,81
"REST API für Weber Consulting mit 8 Endpoints, JWT-Authentifizierung, PostgreSQL-Datenbank, automatischer Swagger-Dokumentation und Docker-Containerisierung für einfaches Deployment.",27,15648,AT,AT,Backend,Neuentwicklung,1,2021,klein,REST API einfach,0.97,77
"Flutter-App für Wagner Immobilien. Kartenintegration via Google Maps, Foto-Upload mit Bildkomprimierung, Echtzeit-Chat via WebSocket, Biometrie-Login, automatische App-Store-Deployment-Pipeline.",82,155788,DE,DE-HE,Mobile,Neuentwicklung,3,2024,mittel,Mobile App mittel,0.78,92
"Maßgeschneiderte E-Commerce-Plattform für Koch Industries mit 2.000+ Produkten, Kundenkonto-Bereich, Wunschliste, Produktkonfigurator, Multi-Lager-Verwaltung und Anbindung an Warenwirtschaftssystem.",85,95607,DE,DE-HH,PHP,Neuentwicklung,2,2022,mittel,E-Commerce Platform,0.92,68
"Unternehmenswebsite für Schwarz Energie auf WordPress-Basis. Custom-Theme-Entwicklung, WooCommerce-Integration für digitale Downloads, SEO-Plugin-Konfiguration, Hosting-Setup.",20,10465,AT,AT,PHP,Neuentwicklung,1,2024,klein,WordPress Website,0.78,69
"Predictive-Analytics-Plattform für Frank Legal. Nachfrageprognose mit LSTM-Modell (MAPE < 8%), Anomalie-Erkennung im Produktionsprozess, MLflow für Modell-Versionierung, REST API für ERP-Anbindung, monatliches Retraining.",181,665507,DE,DE-HH,Python/ML,Neuentwicklung,6,2026,gross,ML Predictive Analytics,0.68,104
"WordPress-Website für Klein Software mit 8 Unterseiten, Blog-Funktion, mehrsprachigem Plugin (WPML), individuell entwickeltem Child-Theme und Kontaktformular mit DSGVO-konformer Datenspeicherung.",23,12934,DE,DE-NW,PHP,Neuentwicklung,1,2023,klein,WordPress Website,0.85,67
"Shopify-Onlineshop für Maier Group. Custom-Theme, bis zu 500 Produkte, Anbindung an DHL-Versandschnittstelle, Gutscheinsystem, Produktbewertungen und Newsletter-Integration.",19,20253,CH,CH,PHP,Neuentwicklung,1,2024,klein,Einfacher Online-Shop,0.78,105
"Wartung und Erweiterung des bestehenden WordPress-Systems von Bauer Digital. Plugin-Updates, Sicherheits-Audit, neue Such- und Filterfunktionen, Optimierung der Ladezeiten auf unter 2 Sekunden.",19,18780,CH,CH,PHP,Weiterentwicklung,1,2023,klein,Legacy Bugfixing & Weiterentwicklung,0.85,102
"Digitalisierungsplattform für Wolf Systems. ASP.NET Core, Blazor WebAssembly Frontend, Azure Service Bus, 15 Microservices, DevOps-Pipeline mit automatisierten Tests, ITIL-konformes Change Management.",348,1316784,DE,DE-HH,.NET,Neuentwicklung,7,2022,gross,.NET Enterprise Platform,0.92,84
"Terminbuchungsportal für Koch Industries (bis 5 Mitarbeiter). Kundenlogin, Verfügbarkeitsprüfung in Echtzeit, iCal-Export, SMS-Erinnerungen via Twilio, DSGVO-konformes Datenschutz-Setup.",72,38265,DE,DE-HE,JavaScript,Neuentwicklung,1,2021,klein,Buchungssystem klein,0.97,76
"KPI-Dashboard für Weber Consulting. Vue.js Frontend, Echtzeit-Daten via WebSocket, 6 Chart-Typen, automatische E-Mail-Reports, Filterung nach Zeitraum und Region.",33,20263,DE,DE-SN,JavaScript,Neuentwicklung,1,2023,klein,Dashboard einfach,0.85,67
"KPI-Dashboard für Richter Tech. Vue.js Frontend, Echtzeit-Daten via WebSocket, 6 Chart-Typen, automatische E-Mail-Reports, Filterung nach Zeitraum und Region.",4,7134,DE,DE-BW,JavaScript,Neuentwicklung,1,2024,klein,Dashboard einfach,0.78,87
"Flutter-App für Schäfer Insurance. Kartenintegration via Google Maps, Foto-Upload mit Bildkomprimierung, Echtzeit-Chat via WebSocket, Biometrie-Login, automatische App-Store-Deployment-Pipeline.",51,147393,CH,CH,Mobile,Neuentwicklung,2,2026,mittel,Mobile App mittel,0.68,145
"Analyse-Dashboard für Fischer Handel mit Python Dash, Anbindung an 3 Datenquellen, Zeitreihenanalyse, Prognose-Modell für nächste 30 Tage, rollenbasierte Sichtbarkeit.",73,111817,DE,DE-BW,Python/ML,Neuentwicklung,2,2022,mittel,Reporting & Analytics Tool,0.92,94
"Terminbuchungsportal für Hoffmann Solutions (bis 5 Mitarbeiter). Kundenlogin, Verfügbarkeitsprüfung in Echtzeit, iCal-Export, SMS-Erinnerungen via Twilio, DSGVO-konformes Datenschutz-Setup.",34,23764,DE,DE-HE,JavaScript,Neuentwicklung,1,2023,klein,Buchungssystem klein,0.85,81
"Vertriebssteuerungs-CRM für Becker Pharma. React, GraphQL API, Angebots-Erstellung mit PDF-Export, Wiedervorlage-System, Outlook-Kalender-Synchronisation, Mobilansicht für Außendienst.",109,177734,CH,CH,JavaScript,Neuentwicklung,2,2020,mittel,CRM-System,1.0,110
"Unternehmensweite Prozessplattform für Braun Logistics auf .NET 8 Basis. Workflow-Engine für 20 Genehmigungsprozesse, Power BI Embedded für Berichte, Azure AD Integration, On-Premise-Deployment auf Kundensystemen.",242,751758,DE,DE-TH,.NET,Neuentwicklung,6,2023,gross,.NET Enterprise Platform,0.85,69
"Buchungs- und Reservierungsplattform für Richter Tech mit Multi-Location-Support, dynamischer Preisgestaltung, Gruppenreservierungen, Stornogebühren-Logik und Anbindung an Zahlungsanbieter.",61,111361,CH,CH,JavaScript,Neuentwicklung,2,2024,mittel,Buchungssystem mittel,0.78,124
"KI-gestütztes Dokumentenmanagementsystem für Krause Retail mit automatischer Klassifikation per NLP (BERT), Volltextsuche via Elasticsearch, Versionierung, Zugriffsrollen und DSGVO-konformem Hosting auf deutschen Servern.",164,390321,AT,AT,Python/ML,Neuentwicklung,3,2026,gross,ML Dokumentenmanagement,0.68,99
"Microservice-API für Meier Manufacturing. Python FastAPI, 5 CRUD-Endpoints, Rate-Limiting, API-Key-Verwaltung, automatisierte Tests mit pytest, CI/CD-Pipeline via GitHub Actions.",31,20134,DE,DE-BY,Backend,Neuentwicklung,1,2024,klein,REST API einfach,0.78,93
"Responsive Landing Page für Klein Software mit Kontaktformular, SEO-Optimierung und Google Analytics Integration. Design nach Kundenvorgabe in Figma, Umsetzung mit React und Tailwind CSS.",8,5094,DE,DE-HH,JavaScript,Neuentwicklung,1,2023,klein,Landing Page,0.85,82
"Microservice-API für Zimmermann IT. Python FastAPI, 5 CRUD-Endpoints, Rate-Limiting, API-Key-Verwaltung, automatisierte Tests mit pytest, CI/CD-Pipeline via GitHub Actions.",33,29338,CH,CH,Backend,Neuentwicklung,1,2020,klein,REST API einfach,1.0,115
"Analyse-Dashboard für Meier Manufacturing mit Python Dash, Anbindung an 3 Datenquellen, Zeitreihenanalyse, Prognose-Modell für nächste 30 Tage, rollenbasierte Sichtbarkeit.",29,71581,DE,DE-NW,Python/ML,Neuentwicklung,3,2025,mittel,Reporting & Analytics Tool,0.72,96
"Vertriebssteuerungs-CRM für Krüger Education. React, GraphQL API, Angebots-Erstellung mit PDF-Export, Wiedervorlage-System, Outlook-Kalender-Synchronisation, Mobilansicht für Außendienst.",82,129175,AT,AT,JavaScript,Neuentwicklung,3,2020,mittel,CRM-System,1.0,72
"SAP S/4HANA-Anbindung für Braun Logistics. Fiori-ähnliches Portal, RFC-Schnittstellen für MM/PP/FI, Custom ABAP-Entwicklung, Echtzeit-Datensynchronisation, Rollout auf 3 Werke.",101,515966,DE,DE-NW,SAP,Neuentwicklung,6,2022,gross,SAP-Integration Portal,0.92,112
"Migration der Altdaten von Hartmann Health aus Legacy-System (MS Access) in neue PostgreSQL-Datenbank. ETL-Pipeline, Datenbereinigung, Validierungsregeln, Testläufe mit Rollback-Funktion, Dokumentation.",41,91935,DE,DE-HH,Backend,Migration,3,2023,mittel,Datenmigraton,1.0,86
"REST API für Schäfer Insurance mit 8 Endpoints, JWT-Authentifizierung, PostgreSQL-Datenbank, automatischer Swagger-Dokumentation und Docker-Containerisierung für einfaches Deployment.",31,15453,DE,DE-BE,Backend,Neuentwicklung,1,2019,klein,REST API einfach,1.0,70
"Migration der Altdaten von Wolf Systems aus Legacy-System (MS Access) in neue PostgreSQL-Datenbank. ETL-Pipeline, Datenbereinigung, Validierungsregeln, Testläufe mit Rollback-Funktion, Dokumentation.",114,223936,CH,CH,Backend,Migration,3,2020,mittel,Datenmigraton,1.0,115
"Ablösung des Legacy-Systems von Schäfer Insurance (15 Jahre alt, COBOL/Oracle). Strangler-Fig-Muster, schrittweise Migration von 40 Modulen, paralleler Betrieb beider Systeme für 6 Monate, Zero-Downtime-Cutover.",475,1670781,AT,AT,Java,Migration,7,2024,gross,Legacy Migration Enterprise,1.0,88
"SAP S/4HANA-Anbindung für Hartmann Health. Fiori-ähnliches Portal, RFC-Schnittstellen für MM/PP/FI, Custom ABAP-Entwicklung, Echtzeit-Datensynchronisation, Rollout auf 3 Werke.",241,808635,DE,DE-BE,SAP,Neuentwicklung,5,2021,gross,SAP-Integration Portal,0.97,104
"WordPress-Website für Schwarz Energie mit 8 Unterseiten, Blog-Funktion, mehrsprachigem Plugin (WPML), individuell entwickeltem Child-Theme und Kontaktformular mit DSGVO-konformer Datenspeicherung.",15,8174,DE,DE-BW,PHP,Neuentwicklung,1,2019,klein,WordPress Website,1.0,63
"Predictive-Analytics-Plattform für Bauer Digital. Nachfrageprognose mit LSTM-Modell (MAPE < 8%), Anomalie-Erkennung im Produktionsprozess, MLflow für Modell-Versionierung, REST API für ERP-Anbindung, monatliches Retraining.",174,590857,DE,DE-BW,Python/ML,Neuentwicklung,6,2019,gross,ML Predictive Analytics,1.0,86
"Predictive-Analytics-Plattform für Fischer Handel. Nachfrageprognose mit LSTM-Modell (MAPE < 8%), Anomalie-Erkennung im Produktionsprozess, MLflow für Modell-Versionierung, REST API für ERP-Anbindung, monatliches Retraining.",128,360316,DE,DE-TH,Python/ML,Neuentwicklung,5,2024,gross,ML Predictive Analytics,0.78,79
"Predictive-Analytics-Plattform für Müller GmbH. Nachfrageprognose mit LSTM-Modell (MAPE < 8%), Anomalie-Erkennung im Produktionsprozess, MLflow für Modell-Versionierung, REST API für ERP-Anbindung, monatliches Retraining.",151,421668,DE,DE-TH,Python/ML,Neuentwicklung,5,2023,gross,ML Predictive Analytics,0.85,76
"HR-Self-Service-Portal für Braun Logistics (150 Mitarbeiter). Vue.js, REST API, Gehaltsabruf-Modul, Weiterbildungskalender, digitale Personalakte, rollenbasierte Zugriffsrechte, DSGVO-konformes Audit-Log.",52,127299,CH,CH,JavaScript,Neuentwicklung,2,2025,mittel,Mitarbeiterportal,0.72,128
"WordPress-Website für Köhler Automotive mit 8 Unterseiten, Blog-Funktion, mehrsprachigem Plugin (WPML), individuell entwickeltem Child-Theme und Kontaktformular mit DSGVO-konformer Datenspeicherung.",11,6104,DE,DE-TH,PHP,Neuentwicklung,1,2024,klein,WordPress Website,0.78,58
"Unternehmenswebsite für Schäfer Insurance auf WordPress-Basis. Custom-Theme-Entwicklung, WooCommerce-Integration für digitale Downloads, SEO-Plugin-Konfiguration, Hosting-Setup.",26,11932,DE,DE-TH,PHP,Neuentwicklung,1,2023,klein,WordPress Website,0.85,56
"Internes Mitarbeiterportal für Wolf Systems (80 Nutzer) mit SSO-Anbindung via Azure AD, Urlaubsantrag-Workflow, Dokumentenverwaltung, News-Feed und Organigramm-Darstellung. React Frontend, Node.js Backend, PostgreSQL.",140,138533,DE,DE-BE,JavaScript,Neuentwicklung,2,2020,mittel,Mitarbeiterportal,1.0,69
"Event-Ticketing-System für Schäfer Insurance. Next.js, Seat-Map-Visualisierung, QR-Code-Ticket-Generierung, Warteliste, Gutscheinverwaltung, automatische Kapazitätssteuerung.",87,130283,DE,DE-NW,JavaScript,Neuentwicklung,3,2021,mittel,Buchungssystem mittel,0.97,74
"Internes Mitarbeiterportal für Hartmann Health (80 Nutzer) mit SSO-Anbindung via Azure AD, Urlaubsantrag-Workflow, Dokumentenverwaltung, News-Feed und Organigramm-Darstellung. React Frontend, Node.js Backend, PostgreSQL.",83,137963,AT,AT,JavaScript,Neuentwicklung,3,2023,mittel,Mitarbeiterportal,0.85,78
"SAP S/4HANA-Anbindung für Wolf Systems. Fiori-ähnliches Portal, RFC-Schnittstellen für MM/PP/FI, Custom ABAP-Entwicklung, Echtzeit-Datensynchronisation, Rollout auf 3 Werke.",129,528969,DE,DE-HH,SAP,Neuentwicklung,5,2025,gross,SAP-Integration Portal,0.72,128
"Business-Intelligence-Tool für Köhler Automotive mit automatisierten Tagesberichten, interaktiven Drill-Down-Charts, Anomalie-Erkennung bei KPIs, Slack-Integration für Alerts und Export-Funktion.",80,109993,AT,AT,Python/ML,Neuentwicklung,2,2020,mittel,Reporting & Analytics Tool,1.0,84
"Unternehmenswebsite für Müller GmbH auf WordPress-Basis. Custom-Theme-Entwicklung, WooCommerce-Integration für digitale Downloads, SEO-Plugin-Konfiguration, Hosting-Setup.",17,10195,AT,AT,PHP,Neuentwicklung,1,2020,klein,WordPress Website,1.0,60
"Flutter-App für Becker & Partner. Kartenintegration via Google Maps, Foto-Upload mit Bildkomprimierung, Echtzeit-Chat via WebSocket, Biometrie-Login, automatische App-Store-Deployment-Pipeline.",74,132866,AT,AT,Mobile,Neuentwicklung,3,2024,mittel,Mobile App mittel,0.78,90
"Shopify-Onlineshop für Koch Industries. Custom-Theme, bis zu 500 Produkte, Anbindung an DHL-Versandschnittstelle, Gutscheinsystem, Produktbewertungen und Newsletter-Integration.",39,15641,DE,DE-BY,PHP,Neuentwicklung,1,2021,klein,Einfacher Online-Shop,0.97,69
"Shopify-Onlineshop für Wolf Systems. Custom-Theme, bis zu 500 Produkte, Anbindung an DHL-Versandschnittstelle, Gutscheinsystem, Produktbewertungen und Newsletter-Integration.",34,20411,AT,AT,PHP,Neuentwicklung,1,2022,klein,Einfacher Online-Shop,0.92,65
"Enterprise-E-Commerce-Plattform für Krüger Education mit 50.000+ Produkten, Multi-Mandanten-Fähigkeit, Echtzeit-Bestandssynchronisation, KI-gestützter Produktempfehlung, A/B-Testing-Framework und DACH-Lokalisierung.",191,1074779,CH,CH,Java,Neuentwicklung,5,2024,gross,Enterprise E-Commerce,0.78,134
"WordPress-Website für Schulz Media mit 8 Unterseiten, Blog-Funktion, mehrsprachigem Plugin (WPML), individuell entwickeltem Child-Theme und Kontaktformular mit DSGVO-konformer Datenspeicherung.",7,6319,AT,AT,PHP,Neuentwicklung,1,2020,klein,WordPress Website,1.0,60
"SAP S/4HANA-Anbindung für Zimmermann IT. Fiori-ähnliches Portal, RFC-Schnittstellen für MM/PP/FI, Custom ABAP-Entwicklung, Echtzeit-Datensynchronisation, Rollout auf 3 Werke.",139,398072,DE,DE-SN,SAP,Neuentwicklung,5,2020,gross,SAP-Integration Portal,1.0,90
"Krankenhausinformationssystem-Modul für Weber Consulting. HL7-Messaging, DICOM-Viewer-Integration, Medikationsplan-Modul nach BMP-Standard, IHE-XDS-Dokumentenmanagement, BSI-Grundschutz.",282,796662,AT,AT,Java,Neuentwicklung,5,2024,gross,Gesundheitswesenportal,0.78,88
"Digitales Patientenportal für Frank Legal mit KV-Anbindung, HL7 FHIR Schnittstelle, Telematikinfrastruktur-Anbindung, ePA-Integration, DSGVO- und KRITIS-konformes Sicherheitskonzept.",373,1275420,DE,DE-NW,Java,Neuentwicklung,6,2022,gross,Gesundheitswesenportal,0.92,82
"Unternehmenswebsite für Meier Manufacturing auf WordPress-Basis. Custom-Theme-Entwicklung, WooCommerce-Integration für digitale Downloads, SEO-Plugin-Konfiguration, Hosting-Setup.",24,12508,AT,AT,PHP,Neuentwicklung,1,2020,klein,WordPress Website,1.0,60
"Vollständige Neuentwicklung des Kernbanksystems von Klein Software. Java Spring Boot Microservices, Event Sourcing, CQRS, Migrationsskripte für 2 Mio. Datensätze, Compliance-Anforderungen BaFin.",462,1299235,DE,DE-TH,Java,Migration,6,2022,gross,Legacy Migration Enterprise,1.0,69
"KI-gestütztes Dokumentenmanagementsystem für Neumann Services mit automatischer Klassifikation per NLP (BERT), Volltextsuche via Elasticsearch, Versionierung, Zugriffsrollen und DSGVO-konformem Hosting auf deutschen Servern.",151,560478,DE,DE-NW,Python/ML,Neuentwicklung,7,2022,gross,ML Dokumentenmanagement,0.92,88
"Flutter-App für Maier Group. Kartenintegration via Google Maps, Foto-Upload mit Bildkomprimierung, Echtzeit-Chat via WebSocket, Biometrie-Login, automatische App-Store-Deployment-Pipeline.",78,110412,DE,DE-SN,Mobile,Neuentwicklung,2,2024,mittel,Mobile App mittel,0.78,77
"Terminbuchungsportal für Lange Finance (bis 5 Mitarbeiter). Kundenlogin, Verfügbarkeitsprüfung in Echtzeit, iCal-Export, SMS-Erinnerungen via Twilio, DSGVO-konformes Datenschutz-Setup.",33,18841,DE,DE-SN,JavaScript,Neuentwicklung,1,2023,klein,Buchungssystem klein,0.85,67
"B2B-Handelsplattform für Wagner Immobilien. Microservices-Architektur (12 Services), Kubernetes-Deployment, Punchout-Katalog für EDI-Anbindung, dynamische Preislogik, Self-Service-Kundenportal.",134,381959,DE,DE-TH,Java,Neuentwicklung,3,2025,gross,Enterprise E-Commerce,0.72,75
"Datenmigration für Schäfer Insurance von Oracle 11g auf PostgreSQL 15. Schema-Mapping, Stored-Procedure-Umschreibung, Performance-Tests, Zero-Downtime-Migration mit Dual-Write-Ansatz.",94,130589,DE,DE-BE,Backend,Migration,3,2021,mittel,Datenmigraton,1.0,74
"SAP S/4HANA-Anbindung für Richter Tech. Fiori-ähnliches Portal, RFC-Schnittstellen für MM/PP/FI, Custom ABAP-Entwicklung, Echtzeit-Datensynchronisation, Rollout auf 3 Werke.",262,915345,DE,DE-BW,SAP,Neuentwicklung,5,2022,gross,SAP-Integration Portal,0.92,119
"Internes Mitarbeiterportal für Müller GmbH (80 Nutzer) mit SSO-Anbindung via Azure AD, Urlaubsantrag-Workflow, Dokumentenverwaltung, News-Feed und Organigramm-Darstellung. React Frontend, Node.js Backend, PostgreSQL.",96,194791,CH,CH,JavaScript,Neuentwicklung,2,2023,mittel,Mitarbeiterportal,0.85,120
"WooCommerce-Shop für Weiß Transport mit bis zu 200 Produkten, Stripe- und PayPal-Zahlungsanbindung, automatisierter Bestellbestätigung per E-Mail und einfacher Lagerverwaltung.",27,14724,AT,AT,PHP,Neuentwicklung,1,2025,klein,Einfacher Online-Shop,0.72,71
"Intelligentes Archivierungssystem für Müller GmbH. OCR-Pipeline für Papierdokumente, ML-Modell zur Erkennung von Dokumententypen (98% Accuracy), automatische Metadaten-Extraktion, API für Drittsysteme.",292,775844,CH,CH,Python/ML,Neuentwicklung,3,2020,gross,ML Dokumentenmanagement,1.0,128
"Datenmigration für Fischer Handel von Oracle 11g auf PostgreSQL 15. Schema-Mapping, Stored-Procedure-Umschreibung, Performance-Tests, Zero-Downtime-Migration mit Dual-Write-Ansatz.",51,63239,AT,AT,Backend,Migration,2,2022,mittel,Datenmigraton,1.0,80
"KI-gestütztes Dokumentenmanagementsystem für Köhler Automotive mit automatischer Klassifikation per NLP (BERT), Volltextsuche via Elasticsearch, Versionierung, Zugriffsrollen und DSGVO-konformem Hosting auf deutschen Servern.",206,703737,DE,DE-SN,Python/ML,Neuentwicklung,7,2025,gross,ML Dokumentenmanagement,0.72,82
"Churn-Prediction-System für Weiß Transport. Feature Engineering auf 50+ Variablen, XGBoost-Ensemble, SHAP-Erklärbarkeit, automatische Handlungsempfehlungen, A/B-Test-Framework zur Validierung.",185,709769,CH,CH,Python/ML,Neuentwicklung,4,2023,gross,ML Predictive Analytics,0.85,139
"WooCommerce-Shop für Wolf Systems mit bis zu 200 Produkten, Stripe- und PayPal-Zahlungsanbindung, automatisierter Bestellbestätigung per E-Mail und einfacher Lagerverwaltung.",26,14724,DE,DE-BE,PHP,Neuentwicklung,1,2024,klein,Einfacher Online-Shop,0.78,66
"Maßgeschneiderte E-Commerce-Plattform für Hartmann Health mit 2.000+ Produkten, Kundenkonto-Bereich, Wunschliste, Produktkonfigurator, Multi-Lager-Verwaltung und Anbindung an Warenwirtschaftssystem.",99,95056,DE,DE-TH,PHP,Neuentwicklung,2,2024,mittel,E-Commerce Platform,0.78,58
"Maßgeschneiderte E-Commerce-Plattform für Weber Consulting mit 2.000+ Produkten, Kundenkonto-Bereich, Wunschliste, Produktkonfigurator, Multi-Lager-Verwaltung und Anbindung an Warenwirtschaftssystem.",62,136382,CH,CH,PHP,Neuentwicklung,2,2021,mittel,E-Commerce Platform,0.97,96
"Internes Mitarbeiterportal für Weber Consulting (80 Nutzer) mit SSO-Anbindung via Azure AD, Urlaubsantrag-Workflow, Dokumentenverwaltung, News-Feed und Organigramm-Darstellung. React Frontend, Node.js Backend, PostgreSQL.",92,101524,AT,AT,JavaScript,Neuentwicklung,2,2023,mittel,Mitarbeiterportal,0.85,78
"Online-Buchungssystem für Klein Software mit Kalenderansicht, automatischen E-Mail-Erinnerungen, Zahlungsintegration via Stripe und Admin-Backend zur Terminverwaltung. React Frontend, Node.js Backend.",40,21821,DE,DE-TH,JavaScript,Neuentwicklung,1,2026,klein,Buchungssystem klein,0.68,72
"Management-Dashboard für Fischer Handel zur Visualisierung von Verkaufszahlen. React mit Recharts, Datenbankanbindung über bestehende API, Exportfunktion als PDF/Excel, Nutzerrollen-System.",19,13087,DE,DE-HE,JavaScript,Neuentwicklung,1,2024,klein,Dashboard einfach,0.78,84
"Vollständige Neuentwicklung des Kernbanksystems von Hoffmann Solutions. Java Spring Boot Microservices, Event Sourcing, CQRS, Migrationsskripte für 2 Mio. Datensätze, Compliance-Anforderungen BaFin.",548,1689196,DE,DE-BE,Java,Migration,6,2023,gross,Legacy Migration Enterprise,1.0,81
"SAP S/4HANA-Anbindung für Weber Consulting. Fiori-ähnliches Portal, RFC-Schnittstellen für MM/PP/FI, Custom ABAP-Entwicklung, Echtzeit-Datensynchronisation, Rollout auf 3 Werke.",248,791957,CH,CH,SAP,Neuentwicklung,3,2023,gross,SAP-Integration Portal,0.85,176
"Flutter-App für Krüger Education. Kartenintegration via Google Maps, Foto-Upload mit Bildkomprimierung, Echtzeit-Chat via WebSocket, Biometrie-Login, automatische App-Store-Deployment-Pipeline.",99,147852,DE,DE-TH,Mobile,Neuentwicklung,3,2022,mittel,Mobile App mittel,0.92,71
"Shopify-Onlineshop für Lange Finance. Custom-Theme, bis zu 500 Produkte, Anbindung an DHL-Versandschnittstelle, Gutscheinsystem, Produktbewertungen und Newsletter-Integration.",41,13426,DE,DE-BE,PHP,Neuentwicklung,1,2018,klein,Einfacher Online-Shop,1.0,55
"Weiterentwicklung und Bugfixing der bestehenden PHP-Anwendung von Köhler Automotive. Code-Review, Behebung von 15 kritischen Bugs, Performance-Optimierung der Datenbankabfragen, Upgrade auf PHP 8.2.",26,13234,DE,DE-BW,PHP,Weiterentwicklung,1,2019,klein,Legacy Bugfixing & Weiterentwicklung,1.0,63
"Middleware-Lösung für Fischer Handel zur Anbindung von 4 Drittsystemen (CRM, ERP, Shop, Versand). Message-Queue via RabbitMQ, Retry-Logik, Monitoring-Dashboard, detailliertes Fehler-Logging.",79,101324,AT,AT,Backend,Neuentwicklung,2,2024,mittel,API-Integration Middleware,0.78,85
"Cross-Platform-App (iOS & Android) für Krüger Education mit 12 Screens, Nutzerregistrierung, Push-Notifications, Offline-Fähigkeit durch lokale SQLite-Datenbank und REST-API-Anbindung. React Native.",83,147097,DE,DE-BY,Mobile,Neuentwicklung,3,2022,mittel,Mobile App mittel,0.92,93
"Weiterentwicklung und Bugfixing der bestehenden PHP-Anwendung von Maier Group. Code-Review, Behebung von 15 kritischen Bugs, Performance-Optimierung der Datenbankabfragen, Upgrade auf PHP 8.2.",14,9247,AT,AT,PHP,Weiterentwicklung,1,2024,klein,Legacy Bugfixing & Weiterentwicklung,0.78,69
"Churn-Prediction-System für Klein Software. Feature Engineering auf 50+ Variablen, XGBoost-Ensemble, SHAP-Erklärbarkeit, automatische Handlungsempfehlungen, A/B-Test-Framework zur Validierung.",296,821167,DE,DE-BY,Python/ML,Neuentwicklung,5,2020,gross,ML Predictive Analytics,1.0,92
"B2B-Online-Shop für Bauer Digital. Shopware 6, kundenspezifische Preislisten, Bestelllimits, CSV-Massenimport, ERP-Schnittstelle zu SAP Business One, Rechnungsstellung per EDI.",69,90482,DE,DE-BW,PHP,Neuentwicklung,2,2023,mittel,E-Commerce Platform,0.85,71
"Digitales Patientenportal für Lange Finance mit KV-Anbindung, HL7 FHIR Schnittstelle, Telematikinfrastruktur-Anbindung, ePA-Integration, DSGVO- und KRITIS-konformes Sicherheitskonzept.",273,726018,DE,DE-BW,Java,Neuentwicklung,3,2025,gross,Gesundheitswesenportal,0.72,96
"Datenmigration für Wagner Immobilien von Oracle 11g auf PostgreSQL 15. Schema-Mapping, Stored-Procedure-Umschreibung, Performance-Tests, Zero-Downtime-Migration mit Dual-Write-Ansatz.",71,122695,DE,DE-HH,Backend,Migration,3,2020,mittel,Datenmigraton,1.0,79
"Intelligentes Archivierungssystem für Koch Industries. OCR-Pipeline für Papierdokumente, ML-Modell zur Erkennung von Dokumententypen (98% Accuracy), automatische Metadaten-Extraktion, API für Drittsysteme.",188,777437,CH,CH,Python/ML,Neuentwicklung,4,2025,gross,ML Dokumentenmanagement,0.72,147
"Buchungs- und Reservierungsplattform für Krause Retail mit Multi-Location-Support, dynamischer Preisgestaltung, Gruppenreservierungen, Stornogebühren-Logik und Anbindung an Zahlungsanbieter.",98,95829,DE,DE-SN,JavaScript,Neuentwicklung,2,2025,mittel,Buchungssystem mittel,0.72,72
"Unternehmensportal für Weber Consulting (800 Mitarbeiter) mit bidirektionaler SAP HR-Schnittstelle, SSO via Azure AD, Urlaubsmanagement, Zeiterfassung, Gehaltsabruf und Weiterbildungsmodul. React Frontend, Java Spring Boot Backend.",230,508826,DE,DE-NW,SAP,Neuentwicklung,3,2021,gross,SAP-Integration Portal,0.97,109
"Weiterentwicklung und Bugfixing der bestehenden PHP-Anwendung von Wagner Immobilien. Code-Review, Behebung von 15 kritischen Bugs, Performance-Optimierung der Datenbankabfragen, Upgrade auf PHP 8.2.",15,9419,DE,DE-BW,PHP,Weiterentwicklung,1,2022,klein,Legacy Bugfixing & Weiterentwicklung,0.92,69
"Wartung und Erweiterung des bestehenden WordPress-Systems von Zimmermann IT. Plugin-Updates, Sicherheits-Audit, neue Such- und Filterfunktionen, Optimierung der Ladezeiten auf unter 2 Sekunden.",21,12459,DE,DE-BW,PHP,Weiterentwicklung,1,2026,klein,Legacy Bugfixing & Weiterentwicklung,0.68,78
"Microservice-API für Krause Retail. Python FastAPI, 5 CRUD-Endpoints, Rate-Limiting, API-Key-Verwaltung, automatisierte Tests mit pytest, CI/CD-Pipeline via GitHub Actions.",17,12292,DE,DE-NW,Backend,Neuentwicklung,1,2025,klein,REST API einfach,0.72,88
"Flutter-App für Schäfer Insurance. Kartenintegration via Google Maps, Foto-Upload mit Bildkomprimierung, Echtzeit-Chat via WebSocket, Biometrie-Login, automatische App-Store-Deployment-Pipeline.",84,170658,DE,DE-BY,Mobile,Neuentwicklung,3,2023,mittel,Mobile App mittel,0.85,95
"Responsive Landing Page für Klein Software mit Kontaktformular, SEO-Optimierung und Google Analytics Integration. Design nach Kundenvorgabe in Figma, Umsetzung mit React und Tailwind CSS.",11,4667,DE,DE-HE,JavaScript,Neuentwicklung,1,2018,klein,Landing Page,1.0,70
"Cross-Platform-App (iOS & Android) für Becker Pharma mit 12 Screens, Nutzerregistrierung, Push-Notifications, Offline-Fähigkeit durch lokale SQLite-Datenbank und REST-API-Anbindung. React Native.",142,145905,DE,DE-SN,Mobile,Neuentwicklung,2,2023,mittel,Mobile App mittel,0.85,74
"Maßgeschneidertes CRM für Hartmann Health mit Kontaktverwaltung, Pipeline-Tracking, E-Mail-Integration via IMAP/SMTP, Aktivitäten-Log, Reporting-Dashboard und CSV-Import für Bestandsdaten.",85,132941,DE,DE-HH,JavaScript,Neuentwicklung,3,2023,mittel,CRM-System,0.85,82
"Internes Mitarbeiterportal für Becker & Partner (80 Nutzer) mit SSO-Anbindung via Azure AD, Urlaubsantrag-Workflow, Dokumentenverwaltung, News-Feed und Organigramm-Darstellung. React Frontend, Node.js Backend, PostgreSQL.",74,111165,AT,AT,JavaScript,Neuentwicklung,2,2024,mittel,Mitarbeiterportal,0.78,81
"Event-Ticketing-System für Becker Pharma. Next.js, Seat-Map-Visualisierung, QR-Code-Ticket-Generierung, Warteliste, Gutscheinverwaltung, automatische Kapazitätssteuerung.",94,110515,DE,DE-HE,JavaScript,Neuentwicklung,2,2021,mittel,Buchungssystem mittel,0.97,76
"Churn-Prediction-System für Schmidt AG. Feature Engineering auf 50+ Variablen, XGBoost-Ensemble, SHAP-Erklärbarkeit, automatische Handlungsempfehlungen, A/B-Test-Framework zur Validierung.",338,511545,DE,DE-TH,Python/ML,Neuentwicklung,3,2019,gross,ML Predictive Analytics,1.0,67
"Flutter-App für Wagner Immobilien. Kartenintegration via Google Maps, Foto-Upload mit Bildkomprimierung, Echtzeit-Chat via WebSocket, Biometrie-Login, automatische App-Store-Deployment-Pipeline.",60,90770,DE,DE-SN,Mobile,Neuentwicklung,2,2024,mittel,Mobile App mittel,0.78,77
"WooCommerce-Shop für Koch Industries mit bis zu 200 Produkten, Stripe- und PayPal-Zahlungsanbindung, automatisierter Bestellbestätigung per E-Mail und einfacher Lagerverwaltung.",35,28128,CH,CH,PHP,Neuentwicklung,1,2023,klein,Einfacher Online-Shop,0.85,102
"Responsive Landing Page für Neumann Services mit Kontaktformular, SEO-Optimierung und Google Analytics Integration. Design nach Kundenvorgabe in Figma, Umsetzung mit React und Tailwind CSS.",12,7416,AT,AT,JavaScript,Neuentwicklung,1,2023,klein,Landing Page,0.85,78
"Management-Dashboard für Wolf Systems zur Visualisierung von Verkaufszahlen. React mit Recharts, Datenbankanbindung über bestehende API, Exportfunktion als PDF/Excel, Nutzerrollen-System.",57,25635,DE,DE-BE,JavaScript,Neuentwicklung,1,2020,klein,Dashboard einfach,1.0,69
"Event-Ticketing-System für Hartmann Health. Next.js, Seat-Map-Visualisierung, QR-Code-Ticket-Generierung, Warteliste, Gutscheinverwaltung, automatische Kapazitätssteuerung.",144,147288,AT,AT,JavaScript,Neuentwicklung,2,2021,mittel,Buchungssystem mittel,0.97,74
"Terminbuchungsportal für Zimmermann IT (bis 5 Mitarbeiter). Kundenlogin, Verfügbarkeitsprüfung in Echtzeit, iCal-Export, SMS-Erinnerungen via Twilio, DSGVO-konformes Datenschutz-Setup.",28,18657,DE,DE-NW,JavaScript,Neuentwicklung,1,2025,klein,Buchungssystem klein,0.72,84
"Predictive-Analytics-Plattform für Schulz Media. Nachfrageprognose mit LSTM-Modell (MAPE < 8%), Anomalie-Erkennung im Produktionsprozess, MLflow für Modell-Versionierung, REST API für ERP-Anbindung, monatliches Retraining.",189,452535,AT,AT,Python/ML,Neuentwicklung,4,2023,gross,ML Predictive Analytics,0.85,91
"REST API für Neumann Services mit 8 Endpoints, JWT-Authentifizierung, PostgreSQL-Datenbank, automatischer Swagger-Dokumentation und Docker-Containerisierung für einfaches Deployment.",25,17255,AT,AT,Backend,Neuentwicklung,1,2022,klein,REST API einfach,0.92,80
"WooCommerce-Shop für Schäfer Insurance mit bis zu 200 Produkten, Stripe- und PayPal-Zahlungsanbindung, automatisierter Bestellbestätigung per E-Mail und einfacher Lagerverwaltung.",40,32427,CH,CH,PHP,Neuentwicklung,1,2025,klein,Einfacher Online-Shop,0.72,108
"Management-Dashboard für Frank Legal zur Visualisierung von Verkaufszahlen. React mit Recharts, Datenbankanbindung über bestehende API, Exportfunktion als PDF/Excel, Nutzerrollen-System.",21,17800,CH,CH,JavaScript,Neuentwicklung,1,2022,klein,Dashboard einfach,0.92,116
"WordPress-Website für Fischer Handel mit 8 Unterseiten, Blog-Funktion, mehrsprachigem Plugin (WPML), individuell entwickeltem Child-Theme und Kontaktformular mit DSGVO-konformer Datenspeicherung.",15,7978,DE,DE-HH,PHP,Neuentwicklung,1,2018,klein,WordPress Website,1.0,60
"Management-Dashboard für Hoffmann Solutions zur Visualisierung von Verkaufszahlen. React mit Recharts, Datenbankanbindung über bestehende API, Exportfunktion als PDF/Excel, Nutzerrollen-System.",36,24541,DE,DE-HE,JavaScript,Neuentwicklung,1,2023,klein,Dashboard einfach,0.85,81
"Middleware-Lösung für Richter Tech zur Anbindung von 4 Drittsystemen (CRM, ERP, Shop, Versand). Message-Queue via RabbitMQ, Retry-Logik, Monitoring-Dashboard, detailliertes Fehler-Logging.",88,148638,AT,AT,Backend,Neuentwicklung,3,2023,mittel,API-Integration Middleware,0.85,82
"Enterprise-E-Commerce-Plattform für Becker Pharma mit 50.000+ Produkten, Multi-Mandanten-Fähigkeit, Echtzeit-Bestandssynchronisation, KI-gestützter Produktempfehlung, A/B-Testing-Framework und DACH-Lokalisierung.",168,446265,DE,DE-BW,Java,Neuentwicklung,3,2023,gross,Enterprise E-Commerce,0.85,90
"Microservice-API für Klein Software. Python FastAPI, 5 CRUD-Endpoints, Rate-Limiting, API-Key-Verwaltung, automatisierte Tests mit pytest, CI/CD-Pipeline via GitHub Actions.",29,14750,DE,DE-BE,Backend,Neuentwicklung,1,2021,klein,REST API einfach,0.97,74
"Datenmigration für Zimmermann IT von Oracle 11g auf PostgreSQL 15. Schema-Mapping, Stored-Procedure-Umschreibung, Performance-Tests, Zero-Downtime-Migration mit Dual-Write-Ansatz.",52,55771,AT,AT,Backend,Migration,2,2019,mittel,Datenmigraton,1.0,73
"Integration-Layer für Richter Tech. Apache Kafka, 6 Kafka-Topics, Schema-Registry, Dead-Letter-Queue, automatisches Alerting bei Verarbeitungsfehlern, API-Rate-Limit-Management.",67,150961,CH,CH,Backend,Neuentwicklung,2,2025,mittel,API-Integration Middleware,0.72,134
"Integration-Layer für Hoffmann Solutions. Apache Kafka, 6 Kafka-Topics, Schema-Registry, Dead-Letter-Queue, automatisches Alerting bei Verarbeitungsfehlern, API-Rate-Limit-Management.",91,102361,DE,DE-TH,Backend,Neuentwicklung,3,2021,mittel,API-Integration Middleware,0.97,65
"Business-Intelligence-Tool für Zimmermann IT mit automatisierten Tagesberichten, interaktiven Drill-Down-Charts, Anomalie-Erkennung bei KPIs, Slack-Integration für Alerts und Export-Funktion.",93,176884,DE,DE-NW,Python/ML,Neuentwicklung,3,2023,mittel,Reporting & Analytics Tool,0.85,91
"KPI-Dashboard für Bauer Digital. Vue.js Frontend, Echtzeit-Daten via WebSocket, 6 Chart-Typen, automatische E-Mail-Reports, Filterung nach Zeitraum und Region.",30,19993,DE,DE-HH,JavaScript,Neuentwicklung,1,2022,klein,Dashboard einfach,0.92,80
"Einzel-Landing-Page für Produktlaunch von Lange Finance. A/B-Testing-fähig, mehrsprachig (DE/EN), mit CMS-Anbindung für eigenständige Inhaltspflege. Mobile-first Ansatz.",6,4736,AT,AT,JavaScript,Neuentwicklung,1,2023,klein,Landing Page,0.85,78
"Einzel-Landing-Page für Produktlaunch von Maier Group. A/B-Testing-fähig, mehrsprachig (DE/EN), mit CMS-Anbindung für eigenständige Inhaltspflege. Mobile-first Ansatz.",13,6277,DE,DE-BW,JavaScript,Neuentwicklung,1,2018,klein,Landing Page,1.0,72
"Microservice-API für Schulz Media. Python FastAPI, 5 CRUD-Endpoints, Rate-Limiting, API-Key-Verwaltung, automatisierte Tests mit pytest, CI/CD-Pipeline via GitHub Actions.",21,12960,DE,DE-HE,Backend,Neuentwicklung,1,2024,klein,REST API einfach,0.78,87
"Integration-Layer für Schäfer Insurance. Apache Kafka, 6 Kafka-Topics, Schema-Registry, Dead-Letter-Queue, automatisches Alerting bei Verarbeitungsfehlern, API-Rate-Limit-Management.",54,114568,CH,CH,Backend,Neuentwicklung,2,2025,mittel,API-Integration Middleware,0.72,134
"B2B-Online-Shop für Meier Manufacturing. Shopware 6, kundenspezifische Preislisten, Bestelllimits, CSV-Massenimport, ERP-Schnittstelle zu SAP Business One, Rechnungsstellung per EDI.",53,102579,DE,DE-SN,PHP,Neuentwicklung,3,2025,mittel,E-Commerce Platform,0.72,61
"Online-Buchungssystem für Hoffmann Solutions mit Kalenderansicht, automatischen E-Mail-Erinnerungen, Zahlungsintegration via Stripe und Admin-Backend zur Terminverwaltung. React Frontend, Node.js Backend.",45,26244,DE,DE-BW,JavaScript,Neuentwicklung,1,2021,klein,Buchungssystem klein,0.97,79
"Internes Mitarbeiterportal für Frank Legal (80 Nutzer) mit SSO-Anbindung via Azure AD, Urlaubsantrag-Workflow, Dokumentenverwaltung, News-Feed und Organigramm-Darstellung. React Frontend, Node.js Backend, PostgreSQL.",91,107459,AT,AT,JavaScript,Neuentwicklung,2,2022,mittel,Mitarbeiterportal,0.92,76
"Unternehmenswebsite für Krüger Education auf WordPress-Basis. Custom-Theme-Entwicklung, WooCommerce-Integration für digitale Downloads, SEO-Plugin-Konfiguration, Hosting-Setup.",14,7966,DE,DE-NW,PHP,Neuentwicklung,1,2026,klein,WordPress Website,0.68,73
"WooCommerce-Shop für Schmidt AG mit bis zu 200 Produkten, Stripe- und PayPal-Zahlungsanbindung, automatisierter Bestellbestätigung per E-Mail und einfacher Lagerverwaltung.",28,12481,DE,DE-HE,PHP,Neuentwicklung,1,2023,klein,Einfacher Online-Shop,0.85,69
"Wartung und Erweiterung des bestehenden WordPress-Systems von Weber Consulting. Plugin-Updates, Sicherheits-Audit, neue Such- und Filterfunktionen, Optimierung der Ladezeiten auf unter 2 Sekunden.",22,13080,DE,DE-BY,PHP,Weiterentwicklung,1,2022,klein,Legacy Bugfixing & Weiterentwicklung,0.92,71
"KPI-Dashboard für Klein Software. Vue.js Frontend, Echtzeit-Daten via WebSocket, 6 Chart-Typen, automatische E-Mail-Reports, Filterung nach Zeitraum und Region.",23,16651,DE,DE-BY,JavaScript,Neuentwicklung,1,2024,klein,Dashboard einfach,0.78,89
"Migration der Altdaten von Bauer Digital aus Legacy-System (MS Access) in neue PostgreSQL-Datenbank. ETL-Pipeline, Datenbereinigung, Validierungsregeln, Testläufe mit Rollback-Funktion, Dokumentation.",64,74478,AT,AT,Backend,Migration,2,2024,mittel,Datenmigraton,1.0,85
"Unternehmenswebsite für Weber Consulting auf WordPress-Basis. Custom-Theme-Entwicklung, WooCommerce-Integration für digitale Downloads, SEO-Plugin-Konfiguration, Hosting-Setup.",7,6019,DE,DE-HE,PHP,Neuentwicklung,1,2021,klein,WordPress Website,0.97,64
"WordPress-Website für Köhler Automotive mit 8 Unterseiten, Blog-Funktion, mehrsprachigem Plugin (WPML), individuell entwickeltem Child-Theme und Kontaktformular mit DSGVO-konformer Datenspeicherung.",4,10342,CH,CH,PHP,Neuentwicklung,1,2024,klein,WordPress Website,0.78,105
"Maßgeschneidertes CRM für Becker & Partner mit Kontaktverwaltung, Pipeline-Tracking, E-Mail-Integration via IMAP/SMTP, Aktivitäten-Log, Reporting-Dashboard und CSV-Import für Bestandsdaten.",85,142736,DE,DE-HE,JavaScript,Neuentwicklung,3,2021,mittel,CRM-System,0.97,76
"Maßgeschneiderte E-Commerce-Plattform für Koch Industries mit 2.000+ Produkten, Kundenkonto-Bereich, Wunschliste, Produktkonfigurator, Multi-Lager-Verwaltung und Anbindung an Warenwirtschaftssystem.",69,83271,DE,DE-TH,PHP,Neuentwicklung,2,2021,mittel,E-Commerce Platform,0.97,52
"Analyse-Dashboard für Bauer Digital mit Python Dash, Anbindung an 3 Datenquellen, Zeitreihenanalyse, Prognose-Modell für nächste 30 Tage, rollenbasierte Sichtbarkeit.",71,114077,AT,AT,Python/ML,Neuentwicklung,2,2025,mittel,Reporting & Analytics Tool,0.72,96
"Buchungs- und Reservierungsplattform für Neumann Services mit Multi-Location-Support, dynamischer Preisgestaltung, Gruppenreservierungen, Stornogebühren-Logik und Anbindung an Zahlungsanbieter.",85,141240,DE,DE-HE,JavaScript,Neuentwicklung,3,2023,mittel,Buchungssystem mittel,0.85,81
"Intelligentes Archivierungssystem für Bauer Digital. OCR-Pipeline für Papierdokumente, ML-Modell zur Erkennung von Dokumententypen (98% Accuracy), automatische Metadaten-Extraktion, API für Drittsysteme.",150,568888,AT,AT,Python/ML,Neuentwicklung,6,2025,gross,ML Dokumentenmanagement,0.72,96
"Intelligentes Archivierungssystem für Schwarz Energie. OCR-Pipeline für Papierdokumente, ML-Modell zur Erkennung von Dokumententypen (98% Accuracy), automatische Metadaten-Extraktion, API für Drittsysteme.",159,595547,DE,DE-BE,Python/ML,Neuentwicklung,7,2023,gross,ML Dokumentenmanagement,0.85,87
"Einzel-Landing-Page für Produktlaunch von Weber Consulting. A/B-Testing-fähig, mehrsprachig (DE/EN), mit CMS-Anbindung für eigenständige Inhaltspflege. Mobile-first Ansatz.",16,8666,DE,DE-NW,JavaScript,Neuentwicklung,1,2020,klein,Landing Page,1.0,72
"KPI-Dashboard für Lange Finance. Vue.js Frontend, Echtzeit-Daten via WebSocket, 6 Chart-Typen, automatische E-Mail-Reports, Filterung nach Zeitraum und Region.",31,20009,DE,DE-NW,JavaScript,Neuentwicklung,1,2019,klein,Dashboard einfach,1.0,70
"Middleware-Lösung für Frank Legal zur Anbindung von 4 Drittsystemen (CRM, ERP, Shop, Versand). Message-Queue via RabbitMQ, Retry-Logik, Monitoring-Dashboard, detailliertes Fehler-Logging.",125,275766,CH,CH,Backend,Neuentwicklung,3,2022,mittel,API-Integration Middleware,0.92,123
"Wartung und Erweiterung des bestehenden WordPress-Systems von Bauer Digital. Plugin-Updates, Sicherheits-Audit, neue Such- und Filterfunktionen, Optimierung der Ladezeiten auf unter 2 Sekunden.",24,11853,DE,DE-BW,PHP,Weiterentwicklung,1,2023,klein,Legacy Bugfixing & Weiterentwicklung,0.85,71
"Enterprise-E-Commerce-Plattform für Weiß Transport mit 50.000+ Produkten, Multi-Mandanten-Fähigkeit, Echtzeit-Bestandssynchronisation, KI-gestützter Produktempfehlung, A/B-Testing-Framework und DACH-Lokalisierung.",219,473843,DE,DE-HH,Java,Neuentwicklung,3,2021,gross,Enterprise E-Commerce,0.97,83
"REST API für Schwarz Energie mit 8 Endpoints, JWT-Authentifizierung, PostgreSQL-Datenbank, automatischer Swagger-Dokumentation und Docker-Containerisierung für einfaches Deployment.",27,15414,DE,DE-NW,Backend,Neuentwicklung,1,2023,klein,REST API einfach,0.85,82
"Unternehmensportal für Zimmermann IT (800 Mitarbeiter) mit bidirektionaler SAP HR-Schnittstelle, SSO via Azure AD, Urlaubsmanagement, Zeiterfassung, Gehaltsabruf und Weiterbildungsmodul. React Frontend, Java Spring Boot Backend.",276,594310,DE,DE-SN,SAP,Neuentwicklung,3,2023,gross,SAP-Integration Portal,0.85,99
"HR-Self-Service-Portal für Hartmann Health (150 Mitarbeiter). Vue.js, REST API, Gehaltsabruf-Modul, Weiterbildungskalender, digitale Personalakte, rollenbasierte Zugriffsrechte, DSGVO-konformes Audit-Log.",49,105052,DE,DE-BW,JavaScript,Neuentwicklung,3,2026,mittel,Mitarbeiterportal,0.68,91
"Enterprise-E-Commerce-Plattform für Bauer Digital mit 50.000+ Produkten, Multi-Mandanten-Fähigkeit, Echtzeit-Bestandssynchronisation, KI-gestützter Produktempfehlung, A/B-Testing-Framework und DACH-Lokalisierung.",298,910677,AT,AT,Java,Neuentwicklung,5,2025,gross,Enterprise E-Commerce,0.72,90
"Einzel-Landing-Page für Produktlaunch von Bauer Digital. A/B-Testing-fähig, mehrsprachig (DE/EN), mit CMS-Anbindung für eigenständige Inhaltspflege. Mobile-first Ansatz.",7,4991,DE,DE-BE,JavaScript,Neuentwicklung,1,2024,klein,Landing Page,0.78,78
"Weiterentwicklung und Bugfixing der bestehenden PHP-Anwendung von Schwarz Energie. Code-Review, Behebung von 15 kritischen Bugs, Performance-Optimierung der Datenbankabfragen, Upgrade auf PHP 8.2.",15,7426,DE,DE-NW,PHP,Weiterentwicklung,1,2018,klein,Legacy Bugfixing & Weiterentwicklung,1.0,57
"WooCommerce-Shop für Köhler Automotive mit bis zu 200 Produkten, Stripe- und PayPal-Zahlungsanbindung, automatisierter Bestellbestätigung per E-Mail und einfacher Lagerverwaltung.",20,13426,DE,DE-HH,PHP,Neuentwicklung,1,2022,klein,Einfacher Online-Shop,0.92,68
"Einzel-Landing-Page für Produktlaunch von Schmidt AG. A/B-Testing-fähig, mehrsprachig (DE/EN), mit CMS-Anbindung für eigenständige Inhaltspflege. Mobile-first Ansatz.",8,5032,AT,AT,JavaScript,Neuentwicklung,1,2025,klein,Landing Page,0.72,84
"B2B-Online-Shop für Meier Manufacturing. Shopware 6, kundenspezifische Preislisten, Bestelllimits, CSV-Massenimport, ERP-Schnittstelle zu SAP Business One, Rechnungsstellung per EDI.",138,187834,DE,DE-HE,PHP,Neuentwicklung,3,2020,mittel,E-Commerce Platform,1.0,62
"Weiterentwicklung und Bugfixing der bestehenden PHP-Anwendung von Maier Group. Code-Review, Behebung von 15 kritischen Bugs, Performance-Optimierung der Datenbankabfragen, Upgrade auf PHP 8.2.",10,13232,CH,CH,PHP,Weiterentwicklung,1,2024,klein,Legacy Bugfixing & Weiterentwicklung,0.78,105
"WordPress-Website für Wolf Systems mit 8 Unterseiten, Blog-Funktion, mehrsprachigem Plugin (WPML), individuell entwickeltem Child-Theme und Kontaktformular mit DSGVO-konformer Datenspeicherung.",18,9014,DE,DE-BY,PHP,Neuentwicklung,1,2024,klein,WordPress Website,0.78,75
"Vollständige Neuentwicklung des Kernbanksystems von Weiß Transport. Java Spring Boot Microservices, Event Sourcing, CQRS, Migrationsskripte für 2 Mio. Datensätze, Compliance-Anforderungen BaFin.",459,954697,DE,DE-BW,Java,Migration,3,2023,gross,Legacy Migration Enterprise,1.0,90
"Integration-Layer für Schmidt AG. Apache Kafka, 6 Kafka-Topics, Schema-Registry, Dead-Letter-Queue, automatisches Alerting bei Verarbeitungsfehlern, API-Rate-Limit-Management.",54,115618,DE,DE-BY,Backend,Neuentwicklung,3,2026,mittel,API-Integration Middleware,0.68,98
"Migration der Altdaten von Weber Consulting aus Legacy-System (MS Access) in neue PostgreSQL-Datenbank. ETL-Pipeline, Datenbereinigung, Validierungsregeln, Testläufe mit Rollback-Funktion, Dokumentation.",76,114638,AT,AT,Backend,Migration,3,2022,mittel,Datenmigraton,1.0,80
"Intelligentes Archivierungssystem für Krause Retail. OCR-Pipeline für Papierdokumente, ML-Modell zur Erkennung von Dokumententypen (98% Accuracy), automatische Metadaten-Extraktion, API für Drittsysteme.",162,523940,DE,DE-HE,Python/ML,Neuentwicklung,5,2022,gross,ML Dokumentenmanagement,0.92,90
"Weiterentwicklung und Bugfixing der bestehenden PHP-Anwendung von Bauer Digital. Code-Review, Behebung von 15 kritischen Bugs, Performance-Optimierung der Datenbankabfragen, Upgrade auf PHP 8.2.",13,7610,DE,DE-NW,PHP,Weiterentwicklung,1,2023,klein,Legacy Bugfixing & Weiterentwicklung,0.85,67
"REST API für Meier Manufacturing mit 8 Endpoints, JWT-Authentifizierung, PostgreSQL-Datenbank, automatischer Swagger-Dokumentation und Docker-Containerisierung für einfaches Deployment.",17,12468,DE,DE-BW,Backend,Neuentwicklung,1,2025,klein,REST API einfach,0.72,94
"Datenmigration für Weber Consulting von Oracle 11g auf PostgreSQL 15. Schema-Mapping, Stored-Procedure-Umschreibung, Performance-Tests, Zero-Downtime-Migration mit Dual-Write-Ansatz.",106,228114,CH,CH,Backend,Migration,3,2024,mittel,Datenmigraton,1.0,129
"Cross-Platform-App (iOS & Android) für Becker & Partner mit 12 Screens, Nutzerregistrierung, Push-Notifications, Offline-Fähigkeit durch lokale SQLite-Datenbank und REST-API-Anbindung. React Native.",50,107531,DE,DE-BE,Mobile,Neuentwicklung,3,2025,mittel,Mobile App mittel,0.72,89
"Business-Intelligence-Tool für Weber Consulting mit automatisierten Tagesberichten, interaktiven Drill-Down-Charts, Anomalie-Erkennung bei KPIs, Slack-Integration für Alerts und Export-Funktion.",66,87780,DE,DE-BE,Python/ML,Neuentwicklung,2,2024,mittel,Reporting & Analytics Tool,0.78,90
"Management-Dashboard für Neumann Services zur Visualisierung von Verkaufszahlen. React mit Recharts, Datenbankanbindung über bestehende API, Exportfunktion als PDF/Excel, Nutzerrollen-System.",5,8944,DE,DE-HE,JavaScript,Neuentwicklung,1,2025,klein,Dashboard einfach,0.72,86
"Integration-Layer für Zimmermann IT. Apache Kafka, 6 Kafka-Topics, Schema-Registry, Dead-Letter-Queue, automatisches Alerting bei Verarbeitungsfehlern, API-Rate-Limit-Management.",48,114094,DE,DE-BY,Backend,Neuentwicklung,3,2025,mittel,API-Integration Middleware,0.72,96
"Microservice-API für Meier Manufacturing. Python FastAPI, 5 CRUD-Endpoints, Rate-Limiting, API-Key-Verwaltung, automatisierte Tests mit pytest, CI/CD-Pipeline via GitHub Actions.",17,11119,DE,DE-TH,Backend,Neuentwicklung,1,2025,klein,REST API einfach,0.72,73
"SAP S/4HANA-Anbindung für Wolf Systems. Fiori-ähnliches Portal, RFC-Schnittstellen für MM/PP/FI, Custom ABAP-Entwicklung, Echtzeit-Datensynchronisation, Rollout auf 3 Werke.",365,1101846,DE,DE-TH,SAP,Neuentwicklung,6,2021,gross,SAP-Integration Portal,0.97,91
"Shopify-Onlineshop für Krüger Education. Custom-Theme, bis zu 500 Produkte, Anbindung an DHL-Versandschnittstelle, Gutscheinsystem, Produktbewertungen und Newsletter-Integration.",52,23481,DE,DE-HE,PHP,Neuentwicklung,1,2020,klein,Einfacher Online-Shop,1.0,62
"Management-Dashboard für Koch Industries zur Visualisierung von Verkaufszahlen. React mit Recharts, Datenbankanbindung über bestehende API, Exportfunktion als PDF/Excel, Nutzerrollen-System.",30,13943,DE,DE-TH,JavaScript,Neuentwicklung,1,2018,klein,Dashboard einfach,1.0,57
"Maßgeschneidertes CRM für Lange Finance mit Kontaktverwaltung, Pipeline-Tracking, E-Mail-Integration via IMAP/SMTP, Aktivitäten-Log, Reporting-Dashboard und CSV-Import für Bestandsdaten.",76,105744,DE,DE-BW,JavaScript,Neuentwicklung,2,2025,mittel,CRM-System,0.72,89
"Migration der Altdaten von Frank Legal aus Legacy-System (MS Access) in neue PostgreSQL-Datenbank. ETL-Pipeline, Datenbereinigung, Validierungsregeln, Testläufe mit Rollback-Funktion, Dokumentation.",56,55286,DE,DE-TH,Backend,Migration,2,2024,mittel,Datenmigraton,1.0,71
"Digitalisierungsplattform für Schwarz Energie. ASP.NET Core, Blazor WebAssembly Frontend, Azure Service Bus, 15 Microservices, DevOps-Pipeline mit automatisierten Tests, ITIL-konformes Change Management.",207,517977,DE,DE-HH,.NET,Neuentwicklung,3,2019,gross,.NET Enterprise Platform,1.0,77
"Internes Mitarbeiterportal für Becker Pharma (80 Nutzer) mit SSO-Anbindung via Azure AD, Urlaubsantrag-Workflow, Dokumentenverwaltung, News-Feed und Organigramm-Darstellung. React Frontend, Node.js Backend, PostgreSQL.",105,188041,DE,DE-HE,JavaScript,Neuentwicklung,3,2023,mittel,Mitarbeiterportal,0.85,81
"Ablösung des Legacy-Systems von Lange Finance (15 Jahre alt, COBOL/Oracle). Strangler-Fig-Muster, schrittweise Migration von 40 Modulen, paralleler Betrieb beider Systeme für 6 Monate, Zero-Downtime-Cutover.",583,1690771,DE,DE-BE,Java,Migration,6,2021,gross,Legacy Migration Enterprise,1.0,76
"Analyse-Dashboard für Hartmann Health mit Python Dash, Anbindung an 3 Datenquellen, Zeitreihenanalyse, Prognose-Modell für nächste 30 Tage, rollenbasierte Sichtbarkeit.",52,116019,CH,CH,Python/ML,Neuentwicklung,2,2023,mittel,Reporting & Analytics Tool,0.85,139
"Internes Mitarbeiterportal für Schäfer Insurance (80 Nutzer) mit SSO-Anbindung via Azure AD, Urlaubsantrag-Workflow, Dokumentenverwaltung, News-Feed und Organigramm-Darstellung. React Frontend, Node.js Backend, PostgreSQL.",89,109225,DE,DE-BY,JavaScript,Neuentwicklung,2,2022,mittel,Mitarbeiterportal,0.92,83
"REST API für Krüger Education mit 8 Endpoints, JWT-Authentifizierung, PostgreSQL-Datenbank, automatischer Swagger-Dokumentation und Docker-Containerisierung für einfaches Deployment.",51,39061,CH,CH,Backend,Neuentwicklung,1,2020,klein,REST API einfach,1.0,115
"KI-gestütztes Dokumentenmanagementsystem für Meier Manufacturing mit automatischer Klassifikation per NLP (BERT), Volltextsuche via Elasticsearch, Versionierung, Zugriffsrollen und DSGVO-konformem Hosting auf deutschen Servern.",86,408887,CH,CH,Python/ML,Neuentwicklung,4,2022,gross,ML Dokumentenmanagement,0.92,134
"Datenmigration für Braun Logistics von Oracle 11g auf PostgreSQL 15. Schema-Mapping, Stored-Procedure-Umschreibung, Performance-Tests, Zero-Downtime-Migration mit Dual-Write-Ansatz.",59,115087,DE,DE-HH,Backend,Migration,3,2024,mittel,Datenmigraton,1.0,89
"Unternehmenswebsite für Frank Legal auf WordPress-Basis. Custom-Theme-Entwicklung, WooCommerce-Integration für digitale Downloads, SEO-Plugin-Konfiguration, Hosting-Setup.",16,8229,DE,DE-SN,PHP,Neuentwicklung,1,2022,klein,WordPress Website,0.92,55
"Digitales Patientenportal für Becker & Partner mit KV-Anbindung, HL7 FHIR Schnittstelle, Telematikinfrastruktur-Anbindung, ePA-Integration, DSGVO- und KRITIS-konformes Sicherheitskonzept.",131,473412,DE,DE-BE,Java,Neuentwicklung,3,2024,gross,Gesundheitswesenportal,0.78,84
"Predictive-Analytics-Plattform für Richter Tech. Nachfrageprognose mit LSTM-Modell (MAPE < 8%), Anomalie-Erkennung im Produktionsprozess, MLflow für Modell-Versionierung, REST API für ERP-Anbindung, monatliches Retraining.",267,1258067,CH,CH,Python/ML,Neuentwicklung,5,2025,gross,ML Predictive Analytics,0.72,147
"Digitalisierungsplattform für Bauer Digital. ASP.NET Core, Blazor WebAssembly Frontend, Azure Service Bus, 15 Microservices, DevOps-Pipeline mit automatisierten Tests, ITIL-konformes Change Management.",315,748044,DE,DE-TH,.NET,Neuentwicklung,5,2018,gross,.NET Enterprise Platform,1.0,59
"Online-Buchungssystem für Wagner Immobilien mit Kalenderansicht, automatischen E-Mail-Erinnerungen, Zahlungsintegration via Stripe und Admin-Backend zur Terminverwaltung. React Frontend, Node.js Backend.",30,19928,DE,DE-SN,JavaScript,Neuentwicklung,1,2022,klein,Buchungssystem klein,0.92,65
"Vollständige Neuentwicklung des Kernbanksystems von Wagner Immobilien. Java Spring Boot Microservices, Event Sourcing, CQRS, Migrationsskripte für 2 Mio. Datensätze, Compliance-Anforderungen BaFin.",444,1502961,DE,DE-BW,Java,Migration,6,2022,gross,Legacy Migration Enterprise,1.0,88
"Middleware-Lösung für Frank Legal zur Anbindung von 4 Drittsystemen (CRM, ERP, Shop, Versand). Message-Queue via RabbitMQ, Retry-Logik, Monitoring-Dashboard, detailliertes Fehler-Logging.",32,64086,DE,DE-BY,Backend,Neuentwicklung,2,2026,mittel,API-Integration Middleware,0.68,98
"Unternehmenswebsite für Becker Pharma auf WordPress-Basis. Custom-Theme-Entwicklung, WooCommerce-Integration für digitale Downloads, SEO-Plugin-Konfiguration, Hosting-Setup.",14,10873,DE,DE-HE,PHP,Neuentwicklung,1,2025,klein,WordPress Website,0.72,73
"Analyse-Dashboard für Schulz Media mit Python Dash, Anbindung an 3 Datenquellen, Zeitreihenanalyse, Prognose-Modell für nächste 30 Tage, rollenbasierte Sichtbarkeit.",34,126859,CH,CH,Python/ML,Neuentwicklung,3,2023,mittel,Reporting & Analytics Tool,0.85,139
"Business-Intelligence-Tool für Maier Group mit automatisierten Tagesberichten, interaktiven Drill-Down-Charts, Anomalie-Erkennung bei KPIs, Slack-Integration für Alerts und Export-Funktion.",53,108830,DE,DE-BW,Python/ML,Neuentwicklung,3,2021,mittel,Reporting & Analytics Tool,0.97,91
"B2B-Handelsplattform für Wagner Immobilien. Microservices-Architektur (12 Services), Kubernetes-Deployment, Punchout-Katalog für EDI-Anbindung, dynamische Preislogik, Self-Service-Kundenportal.",269,633129,DE,DE-TH,Java,Neuentwicklung,5,2023,gross,Enterprise E-Commerce,0.85,71
"Einzel-Landing-Page für Produktlaunch von Richter Tech. A/B-Testing-fähig, mehrsprachig (DE/EN), mit CMS-Anbindung für eigenständige Inhaltspflege. Mobile-first Ansatz.",7,6912,AT,AT,JavaScript,Neuentwicklung,1,2025,klein,Landing Page,0.72,84
"B2B-Online-Shop für Neumann Services. Shopware 6, kundenspezifische Preislisten, Bestelllimits, CSV-Massenimport, ERP-Schnittstelle zu SAP Business One, Rechnungsstellung per EDI.",106,141682,DE,DE-HH,PHP,Neuentwicklung,2,2024,mittel,E-Commerce Platform,0.78,72
"Middleware-Lösung für Becker Pharma zur Anbindung von 4 Drittsystemen (CRM, ERP, Shop, Versand). Message-Queue via RabbitMQ, Retry-Logik, Monitoring-Dashboard, detailliertes Fehler-Logging.",90,148815,DE,DE-HE,Backend,Neuentwicklung,3,2024,mittel,API-Integration Middleware,0.78,87
"Digitalisierungsplattform für Hartmann Health. ASP.NET Core, Blazor WebAssembly Frontend, Azure Service Bus, 15 Microservices, DevOps-Pipeline mit automatisierten Tests, ITIL-konformes Change Management.",567,827098,AT,AT,.NET,Neuentwicklung,3,2020,gross,.NET Enterprise Platform,1.0,75
"KPI-Dashboard für Zimmermann IT. Vue.js Frontend, Echtzeit-Daten via WebSocket, 6 Chart-Typen, automatische E-Mail-Reports, Filterung nach Zeitraum und Region.",32,32052,CH,CH,JavaScript,Neuentwicklung,1,2024,klein,Dashboard einfach,0.78,124
"Shopify-Onlineshop für Koch Industries. Custom-Theme, bis zu 500 Produkte, Anbindung an DHL-Versandschnittstelle, Gutscheinsystem, Produktbewertungen und Newsletter-Integration.",17,17888,CH,CH,PHP,Neuentwicklung,1,2022,klein,Einfacher Online-Shop,0.92,99
"Internes Mitarbeiterportal für Weber Consulting (80 Nutzer) mit SSO-Anbindung via Azure AD, Urlaubsantrag-Workflow, Dokumentenverwaltung, News-Feed und Organigramm-Darstellung. React Frontend, Node.js Backend, PostgreSQL.",70,131370,DE,DE-BY,JavaScript,Neuentwicklung,3,2024,mittel,Mitarbeiterportal,0.78,89
"Datenmigration für Maier Group von Oracle 11g auf PostgreSQL 15. Schema-Mapping, Stored-Procedure-Umschreibung, Performance-Tests, Zero-Downtime-Migration mit Dual-Write-Ansatz.",88,151377,DE,DE-HE,Backend,Migration,3,2025,mittel,Datenmigraton,1.0,90
"Analyse-Dashboard für Schwarz Energie mit Python Dash, Anbindung an 3 Datenquellen, Zeitreihenanalyse, Prognose-Modell für nächste 30 Tage, rollenbasierte Sichtbarkeit.",75,180317,CH,CH,Python/ML,Neuentwicklung,3,2020,mittel,Reporting & Analytics Tool,1.0,128
"Unternehmenswebsite für Krause Retail auf WordPress-Basis. Custom-Theme-Entwicklung, WooCommerce-Integration für digitale Downloads, SEO-Plugin-Konfiguration, Hosting-Setup.",6,7157,DE,DE-BW,PHP,Neuentwicklung,1,2025,klein,WordPress Website,0.72,76
"HR-Self-Service-Portal für Weiß Transport (150 Mitarbeiter). Vue.js, REST API, Gehaltsabruf-Modul, Weiterbildungskalender, digitale Personalakte, rollenbasierte Zugriffsrechte, DSGVO-konformes Audit-Log.",48,125662,CH,CH,JavaScript,Neuentwicklung,3,2022,mittel,Mitarbeiterportal,0.92,116
"Responsive Landing Page für Köhler Automotive mit Kontaktformular, SEO-Optimierung und Google Analytics Integration. Design nach Kundenvorgabe in Figma, Umsetzung mit React und Tailwind CSS.",5,4689,DE,DE-BE,JavaScript,Neuentwicklung,1,2022,klein,Landing Page,0.92,73
"Maßgeschneiderte E-Commerce-Plattform für Schäfer Insurance mit 2.000+ Produkten, Kundenkonto-Bereich, Wunschliste, Produktkonfigurator, Multi-Lager-Verwaltung und Anbindung an Warenwirtschaftssystem.",78,141218,CH,CH,PHP,Neuentwicklung,2,2026,mittel,E-Commerce Platform,0.68,112
"Maßgeschneidertes CRM für Schwarz Energie mit Kontaktverwaltung, Pipeline-Tracking, E-Mail-Integration via IMAP/SMTP, Aktivitäten-Log, Reporting-Dashboard und CSV-Import für Bestandsdaten.",93,104205,DE,DE-HE,JavaScript,Neuentwicklung,2,2020,mittel,CRM-System,1.0,74
"Buchungs- und Reservierungsplattform für Krüger Education mit Multi-Location-Support, dynamischer Preisgestaltung, Gruppenreservierungen, Stornogebühren-Logik und Anbindung an Zahlungsanbieter.",57,50090,DE,DE-SN,JavaScript,Neuentwicklung,2,2022,mittel,Buchungssystem mittel,0.92,65
"Weiterentwicklung und Bugfixing der bestehenden PHP-Anwendung von Schwarz Energie. Code-Review, Behebung von 15 kritischen Bugs, Performance-Optimierung der Datenbankabfragen, Upgrade auf PHP 8.2.",16,10284,AT,AT,PHP,Weiterentwicklung,1,2022,klein,Legacy Bugfixing & Weiterentwicklung,0.92,65
"Weiterentwicklung und Bugfixing der bestehenden PHP-Anwendung von Braun Logistics. Code-Review, Behebung von 15 kritischen Bugs, Performance-Optimierung der Datenbankabfragen, Upgrade auf PHP 8.2.",6,8035,DE,DE-HE,PHP,Weiterentwicklung,1,2025,klein,Legacy Bugfixing & Weiterentwicklung,0.72,73
"Terminbuchungsportal für Fischer Handel (bis 5 Mitarbeiter). Kundenlogin, Verfügbarkeitsprüfung in Echtzeit, iCal-Export, SMS-Erinnerungen via Twilio, DSGVO-konformes Datenschutz-Setup.",13,11999,DE,DE-BY,JavaScript,Neuentwicklung,1,2023,klein,Buchungssystem klein,0.85,86
"Cross-Platform-App (iOS & Android) für Becker Pharma mit 12 Screens, Nutzerregistrierung, Push-Notifications, Offline-Fähigkeit durch lokale SQLite-Datenbank und REST-API-Anbindung. React Native.",93,165628,DE,DE-HH,Mobile,Neuentwicklung,3,2021,mittel,Mobile App mittel,0.97,86
"Datenmigration für Schwarz Energie von Oracle 11g auf PostgreSQL 15. Schema-Mapping, Stored-Procedure-Umschreibung, Performance-Tests, Zero-Downtime-Migration mit Dual-Write-Ansatz.",69,108111,DE,DE-HE,Backend,Migration,3,2021,mittel,Datenmigraton,1.0,79
"Integration-Layer für Schäfer Insurance. Apache Kafka, 6 Kafka-Topics, Schema-Registry, Dead-Letter-Queue, automatisches Alerting bei Verarbeitungsfehlern, API-Rate-Limit-Management.",72,106787,DE,DE-BE,Backend,Neuentwicklung,3,2021,mittel,API-Integration Middleware,0.97,74
"Enterprise-E-Commerce-Plattform für Meier Manufacturing mit 50.000+ Produkten, Multi-Mandanten-Fähigkeit, Echtzeit-Bestandssynchronisation, KI-gestützter Produktempfehlung, A/B-Testing-Framework und DACH-Lokalisierung.",283,1082464,CH,CH,Java,Neuentwicklung,3,2024,gross,Enterprise E-Commerce,0.78,134
"Shopify-Onlineshop für Braun Logistics. Custom-Theme, bis zu 500 Produkte, Anbindung an DHL-Versandschnittstelle, Gutscheinsystem, Produktbewertungen und Newsletter-Integration.",35,15146,DE,DE-HE,PHP,Neuentwicklung,1,2018,klein,Einfacher Online-Shop,1.0,59
"Flutter-App für Zimmermann IT. Kartenintegration via Google Maps, Foto-Upload mit Bildkomprimierung, Echtzeit-Chat via WebSocket, Biometrie-Login, automatische App-Store-Deployment-Pipeline.",102,300355,CH,CH,Mobile,Neuentwicklung,3,2023,mittel,Mobile App mittel,0.85,132
"Internes Mitarbeiterportal für Wagner Immobilien (80 Nutzer) mit SSO-Anbindung via Azure AD, Urlaubsantrag-Workflow, Dokumentenverwaltung, News-Feed und Organigramm-Darstellung. React Frontend, Node.js Backend, PostgreSQL.",97,117007,AT,AT,JavaScript,Neuentwicklung,2,2020,mittel,Mitarbeiterportal,1.0,72
"Business-Intelligence-Tool für Klein Software mit automatisierten Tagesberichten, interaktiven Drill-Down-Charts, Anomalie-Erkennung bei KPIs, Slack-Integration für Alerts und Export-Funktion.",52,189857,CH,CH,Python/ML,Neuentwicklung,3,2025,mittel,Reporting & Analytics Tool,0.72,147
"Maßgeschneidertes CRM für Zimmermann IT mit Kontaktverwaltung, Pipeline-Tracking, E-Mail-Integration via IMAP/SMTP, Aktivitäten-Log, Reporting-Dashboard und CSV-Import für Bestandsdaten.",69,131917,DE,DE-BE,JavaScript,Neuentwicklung,3,2024,mittel,CRM-System,0.78,78
"Wartung und Erweiterung des bestehenden WordPress-Systems von Weiß Transport. Plugin-Updates, Sicherheits-Audit, neue Such- und Filterfunktionen, Optimierung der Ladezeiten auf unter 2 Sekunden.",24,11951,DE,DE-BE,PHP,Weiterentwicklung,1,2023,klein,Legacy Bugfixing & Weiterentwicklung,0.85,64
"KI-gestütztes Dokumentenmanagementsystem für Krüger Education mit automatischer Klassifikation per NLP (BERT), Volltextsuche via Elasticsearch, Versionierung, Zugriffsrollen und DSGVO-konformem Hosting auf deutschen Servern.",187,467737,DE,DE-HE,Python/ML,Neuentwicklung,4,2023,gross,ML Dokumentenmanagement,0.85,93
"WordPress-Website für Maier Group mit 8 Unterseiten, Blog-Funktion, mehrsprachigem Plugin (WPML), individuell entwickeltem Child-Theme und Kontaktformular mit DSGVO-konformer Datenspeicherung.",22,9707,DE,DE-HH,PHP,Neuentwicklung,1,2019,klein,WordPress Website,1.0,62
"Event-Ticketing-System für Koch Industries. Next.js, Seat-Map-Visualisierung, QR-Code-Ticket-Generierung, Warteliste, Gutscheinverwaltung, automatische Kapazitätssteuerung.",71,105255,DE,DE-BW,JavaScript,Neuentwicklung,3,2019,mittel,Buchungssystem mittel,1.0,75
"Unternehmenswebsite für Zimmermann IT auf WordPress-Basis. Custom-Theme-Entwicklung, WooCommerce-Integration für digitale Downloads, SEO-Plugin-Konfiguration, Hosting-Setup.",22,13700,DE,DE-BY,PHP,Neuentwicklung,1,2020,klein,WordPress Website,1.0,66
"Management-Dashboard für Schäfer Insurance zur Visualisierung von Verkaufszahlen. React mit Recharts, Datenbankanbindung über bestehende API, Exportfunktion als PDF/Excel, Nutzerrollen-System.",29,16614,DE,DE-BE,JavaScript,Neuentwicklung,1,2020,klein,Dashboard einfach,1.0,69
"Cross-Platform-App (iOS & Android) für Lange Finance mit 12 Screens, Nutzerregistrierung, Push-Notifications, Offline-Fähigkeit durch lokale SQLite-Datenbank und REST-API-Anbindung. React Native.",127,291495,CH,CH,Mobile,Neuentwicklung,3,2023,mittel,Mobile App mittel,0.85,132
"Middleware-Lösung für Wagner Immobilien zur Anbindung von 4 Drittsystemen (CRM, ERP, Shop, Versand). Message-Queue via RabbitMQ, Retry-Logik, Monitoring-Dashboard, detailliertes Fehler-Logging.",54,111306,CH,CH,Backend,Neuentwicklung,2,2023,mittel,API-Integration Middleware,0.85,126
"Migration der Altdaten von Weiß Transport aus Legacy-System (MS Access) in neue PostgreSQL-Datenbank. ETL-Pipeline, Datenbereinigung, Validierungsregeln, Testläufe mit Rollback-Funktion, Dokumentation.",43,91357,CH,CH,Backend,Migration,2,2018,mittel,Datenmigraton,1.0,108
"REST API für Becker Pharma mit 8 Endpoints, JWT-Authentifizierung, PostgreSQL-Datenbank, automatischer Swagger-Dokumentation und Docker-Containerisierung für einfaches Deployment.",16,14666,DE,DE-BY,Backend,Neuentwicklung,1,2026,klein,REST API einfach,0.68,98
"Buchungs- und Reservierungsplattform für Wagner Immobilien mit Multi-Location-Support, dynamischer Preisgestaltung, Gruppenreservierungen, Stornogebühren-Logik und Anbindung an Zahlungsanbieter.",63,75727,AT,AT,JavaScript,Neuentwicklung,2,2021,mittel,Buchungssystem mittel,0.97,74
"Middleware-Lösung für Krause Retail zur Anbindung von 4 Drittsystemen (CRM, ERP, Shop, Versand). Message-Queue via RabbitMQ, Retry-Logik, Monitoring-Dashboard, detailliertes Fehler-Logging.",67,176420,CH,CH,Backend,Neuentwicklung,3,2022,mittel,API-Integration Middleware,0.92,123
"Flutter-App für Bauer Digital. Kartenintegration via Google Maps, Foto-Upload mit Bildkomprimierung, Echtzeit-Chat via WebSocket, Biometrie-Login, automatische App-Store-Deployment-Pipeline.",76,127813,DE,DE-BE,Mobile,Neuentwicklung,3,2023,mittel,Mobile App mittel,0.85,83
"Buchungs- und Reservierungsplattform für Weiß Transport mit Multi-Location-Support, dynamischer Preisgestaltung, Gruppenreservierungen, Stornogebühren-Logik und Anbindung an Zahlungsanbieter.",68,70665,DE,DE-NW,JavaScript,Neuentwicklung,2,2023,mittel,Buchungssystem mittel,0.85,78
"Wartung und Erweiterung des bestehenden WordPress-Systems von Zimmermann IT. Plugin-Updates, Sicherheits-Audit, neue Such- und Filterfunktionen, Optimierung der Ladezeiten auf unter 2 Sekunden.",11,8454,DE,DE-SN,PHP,Weiterentwicklung,1,2024,klein,Legacy Bugfixing & Weiterentwicklung,0.78,59
"Maßgeschneiderte E-Commerce-Plattform für Schwarz Energie mit 2.000+ Produkten, Kundenkonto-Bereich, Wunschliste, Produktkonfigurator, Multi-Lager-Verwaltung und Anbindung an Warenwirtschaftssystem.",112,181047,DE,DE-HH,PHP,Neuentwicklung,3,2023,mittel,E-Commerce Platform,0.85,70
"Maßgeschneiderte E-Commerce-Plattform für Schäfer Insurance mit 2.000+ Produkten, Kundenkonto-Bereich, Wunschliste, Produktkonfigurator, Multi-Lager-Verwaltung und Anbindung an Warenwirtschaftssystem.",65,120501,AT,AT,PHP,Neuentwicklung,3,2023,mittel,E-Commerce Platform,0.85,67
"Vertriebssteuerungs-CRM für Maier Group. React, GraphQL API, Angebots-Erstellung mit PDF-Export, Wiedervorlage-System, Outlook-Kalender-Synchronisation, Mobilansicht für Außendienst.",111,156691,DE,DE-HE,JavaScript,Neuentwicklung,3,2021,mittel,CRM-System,0.97,76
"Microservice-API für Meier Manufacturing. Python FastAPI, 5 CRUD-Endpoints, Rate-Limiting, API-Key-Verwaltung, automatisierte Tests mit pytest, CI/CD-Pipeline via GitHub Actions.",29,18710,DE,DE-HH,Backend,Neuentwicklung,1,2022,klein,REST API einfach,0.92,84
"B2B-Handelsplattform für Köhler Automotive. Microservices-Architektur (12 Services), Kubernetes-Deployment, Punchout-Katalog für EDI-Anbindung, dynamische Preislogik, Self-Service-Kundenportal.",289,1276532,CH,CH,Java,Neuentwicklung,6,2019,gross,Enterprise E-Commerce,1.0,115
"B2B-Handelsplattform für Schäfer Insurance. Microservices-Architektur (12 Services), Kubernetes-Deployment, Punchout-Katalog für EDI-Anbindung, dynamische Preislogik, Self-Service-Kundenportal.",176,1003235,CH,CH,Java,Neuentwicklung,5,2024,gross,Enterprise E-Commerce,0.78,134
"B2B-Online-Shop für Schulz Media. Shopware 6, kundenspezifische Preislisten, Bestelllimits, CSV-Massenimport, ERP-Schnittstelle zu SAP Business One, Rechnungsstellung per EDI.",104,202086,CH,CH,PHP,Neuentwicklung,2,2025,mittel,E-Commerce Platform,0.72,108
"Datenmigration für Braun Logistics von Oracle 11g auf PostgreSQL 15. Schema-Mapping, Stored-Procedure-Umschreibung, Performance-Tests, Zero-Downtime-Migration mit Dual-Write-Ansatz.",86,151380,DE,DE-BW,Backend,Migration,3,2024,mittel,Datenmigraton,1.0,90
"Maßgeschneidertes CRM für Wagner Immobilien mit Kontaktverwaltung, Pipeline-Tracking, E-Mail-Integration via IMAP/SMTP, Aktivitäten-Log, Reporting-Dashboard und CSV-Import für Bestandsdaten.",78,131387,DE,DE-HE,JavaScript,Neuentwicklung,3,2019,mittel,CRM-System,1.0,72
"Einzel-Landing-Page für Produktlaunch von Hoffmann Solutions. A/B-Testing-fähig, mehrsprachig (DE/EN), mit CMS-Anbindung für eigenständige Inhaltspflege. Mobile-first Ansatz.",4,4221,DE,DE-HH,JavaScript,Neuentwicklung,1,2025,klein,Landing Page,0.72,88
"Buchungs- und Reservierungsplattform für Wolf Systems mit Multi-Location-Support, dynamischer Preisgestaltung, Gruppenreservierungen, Stornogebühren-Logik und Anbindung an Zahlungsanbieter.",62,74343,DE,DE-BW,JavaScript,Neuentwicklung,2,2018,mittel,Buchungssystem mittel,1.0,72
"Unternehmensportal für Wagner Immobilien (800 Mitarbeiter) mit bidirektionaler SAP HR-Schnittstelle, SSO via Azure AD, Urlaubsmanagement, Zeiterfassung, Gehaltsabruf und Weiterbildungsmodul. React Frontend, Java Spring Boot Backend.",241,995730,DE,DE-BW,SAP,Neuentwicklung,7,2019,gross,SAP-Integration Portal,1.0,109
"Vollständige Neuentwicklung des Kernbanksystems von Bauer Digital. Java Spring Boot Microservices, Event Sourcing, CQRS, Migrationsskripte für 2 Mio. Datensätze, Compliance-Anforderungen BaFin.",295,866233,AT,AT,Java,Migration,4,2025,gross,Legacy Migration Enterprise,1.0,90
"Unternehmenswebsite für Klein Software auf WordPress-Basis. Custom-Theme-Entwicklung, WooCommerce-Integration für digitale Downloads, SEO-Plugin-Konfiguration, Hosting-Setup.",31,15752,DE,DE-BY,PHP,Neuentwicklung,1,2020,klein,WordPress Website,1.0,66
"Analyse-Dashboard für Köhler Automotive mit Python Dash, Anbindung an 3 Datenquellen, Zeitreihenanalyse, Prognose-Modell für nächste 30 Tage, rollenbasierte Sichtbarkeit.",45,70629,AT,AT,Python/ML,Neuentwicklung,2,2023,mittel,Reporting & Analytics Tool,0.85,91
"Management-Dashboard für Hoffmann Solutions zur Visualisierung von Verkaufszahlen. React mit Recharts, Datenbankanbindung über bestehende API, Exportfunktion als PDF/Excel, Nutzerrollen-System.",27,19142,DE,DE-HH,JavaScript,Neuentwicklung,1,2024,klein,Dashboard einfach,0.78,85
"Middleware-Lösung für Müller GmbH zur Anbindung von 4 Drittsystemen (CRM, ERP, Shop, Versand). Message-Queue via RabbitMQ, Retry-Logik, Monitoring-Dashboard, detailliertes Fehler-Logging.",65,75878,AT,AT,Backend,Neuentwicklung,2,2019,mittel,API-Integration Middleware,1.0,73
"Vertriebssteuerungs-CRM für Braun Logistics. React, GraphQL API, Angebots-Erstellung mit PDF-Export, Wiedervorlage-System, Outlook-Kalender-Synchronisation, Mobilansicht für Außendienst.",81,103370,DE,DE-BW,JavaScript,Neuentwicklung,2,2023,mittel,CRM-System,0.85,84
"Unternehmenswebsite für Schulz Media auf WordPress-Basis. Custom-Theme-Entwicklung, WooCommerce-Integration für digitale Downloads, SEO-Plugin-Konfiguration, Hosting-Setup.",24,13178,DE,DE-BW,PHP,Neuentwicklung,1,2021,klein,WordPress Website,0.97,67
"KPI-Dashboard für Krause Retail. Vue.js Frontend, Echtzeit-Daten via WebSocket, 6 Chart-Typen, automatische E-Mail-Reports, Filterung nach Zeitraum und Region.",38,24682,DE,DE-BW,JavaScript,Neuentwicklung,1,2020,klein,Dashboard einfach,1.0,77
"B2B-Online-Shop für Hoffmann Solutions. Shopware 6, kundenspezifische Preislisten, Bestelllimits, CSV-Massenimport, ERP-Schnittstelle zu SAP Business One, Rechnungsstellung per EDI.",110,195651,CH,CH,PHP,Neuentwicklung,2,2024,mittel,E-Commerce Platform,0.78,105
"Unternehmensweite Prozessplattform für Schäfer Insurance auf .NET 8 Basis. Workflow-Engine für 20 Genehmigungsprozesse, Power BI Embedded für Berichte, Azure AD Integration, On-Premise-Deployment auf Kundensystemen.",194,585609,DE,DE-SN,.NET,Neuentwicklung,7,2021,gross,.NET Enterprise Platform,0.97,66
"Business-Intelligence-Tool für Lange Finance mit automatisierten Tagesberichten, interaktiven Drill-Down-Charts, Anomalie-Erkennung bei KPIs, Slack-Integration für Alerts und Export-Funktion.",61,95943,DE,DE-SN,Python/ML,Neuentwicklung,2,2025,mittel,Reporting & Analytics Tool,0.72,82
"Unternehmensweite Prozessplattform für Schäfer Insurance auf .NET 8 Basis. Workflow-Engine für 20 Genehmigungsprozesse, Power BI Embedded für Berichte, Azure AD Integration, On-Premise-Deployment auf Kundensystemen.",350,825391,DE,DE-HH,.NET,Neuentwicklung,4,2020,gross,.NET Enterprise Platform,1.0,79
"Vertriebssteuerungs-CRM für Neumann Services. React, GraphQL API, Angebots-Erstellung mit PDF-Export, Wiedervorlage-System, Outlook-Kalender-Synchronisation, Mobilansicht für Außendienst.",128,125955,DE,DE-HE,JavaScript,Neuentwicklung,2,2019,mittel,CRM-System,1.0,72
"Buchungs- und Reservierungsplattform für Krüger Education mit Multi-Location-Support, dynamischer Preisgestaltung, Gruppenreservierungen, Stornogebühren-Logik und Anbindung an Zahlungsanbieter.",73,112795,DE,DE-NW,JavaScript,Neuentwicklung,3,2022,mittel,Buchungssystem mittel,0.92,76
"Digitalisierungsplattform für Schmidt AG. ASP.NET Core, Blazor WebAssembly Frontend, Azure Service Bus, 15 Microservices, DevOps-Pipeline mit automatisierten Tests, ITIL-konformes Change Management.",183,841745,DE,DE-HE,.NET,Neuentwicklung,7,2024,gross,.NET Enterprise Platform,0.78,87
"Migration der Altdaten von Krause Retail aus Legacy-System (MS Access) in neue PostgreSQL-Datenbank. ETL-Pipeline, Datenbereinigung, Validierungsregeln, Testläufe mit Rollback-Funktion, Dokumentation.",84,103820,DE,DE-HH,Backend,Migration,2,2021,mittel,Datenmigraton,1.0,81
"Buchungs- und Reservierungsplattform für Maier Group mit Multi-Location-Support, dynamischer Preisgestaltung, Gruppenreservierungen, Stornogebühren-Logik und Anbindung an Zahlungsanbieter.",98,103468,DE,DE-HH,JavaScript,Neuentwicklung,2,2018,mittel,Buchungssystem mittel,1.0,71
"Flutter-App für Neumann Services. Kartenintegration via Google Maps, Foto-Upload mit Bildkomprimierung, Echtzeit-Chat via WebSocket, Biometrie-Login, automatische App-Store-Deployment-Pipeline.",64,258687,CH,CH,Mobile,Neuentwicklung,3,2025,mittel,Mobile App mittel,0.72,142
"Unternehmensportal für Lange Finance (800 Mitarbeiter) mit bidirektionaler SAP HR-Schnittstelle, SSO via Azure AD, Urlaubsmanagement, Zeiterfassung, Gehaltsabruf und Weiterbildungsmodul. React Frontend, Java Spring Boot Backend.",164,580028,DE,DE-SN,SAP,Neuentwicklung,5,2023,gross,SAP-Integration Portal,0.85,99
"Unternehmenswebsite für Meier Manufacturing auf WordPress-Basis. Custom-Theme-Entwicklung, WooCommerce-Integration für digitale Downloads, SEO-Plugin-Konfiguration, Hosting-Setup.",10,8100,DE,DE-HH,PHP,Neuentwicklung,1,2026,klein,WordPress Website,0.68,77
"REST API für Neumann Services mit 8 Endpoints, JWT-Authentifizierung, PostgreSQL-Datenbank, automatischer Swagger-Dokumentation und Docker-Containerisierung für einfaches Deployment.",18,12446,DE,DE-NW,Backend,Neuentwicklung,1,2023,klein,REST API einfach,0.85,82
"Online-Buchungssystem für Bauer Digital mit Kalenderansicht, automatischen E-Mail-Erinnerungen, Zahlungsintegration via Stripe und Admin-Backend zur Terminverwaltung. React Frontend, Node.js Backend.",41,20015,DE,DE-HH,JavaScript,Neuentwicklung,1,2021,klein,Buchungssystem klein,0.97,78
"Terminbuchungsportal für Fischer Handel (bis 5 Mitarbeiter). Kundenlogin, Verfügbarkeitsprüfung in Echtzeit, iCal-Export, SMS-Erinnerungen via Twilio, DSGVO-konformes Datenschutz-Setup.",20,13045,DE,DE-BE,JavaScript,Neuentwicklung,1,2024,klein,Buchungssystem klein,0.78,78
"Einzel-Landing-Page für Produktlaunch von Hartmann Health. A/B-Testing-fähig, mehrsprachig (DE/EN), mit CMS-Anbindung für eigenständige Inhaltspflege. Mobile-first Ansatz.",5,4268,DE,DE-BE,JavaScript,Neuentwicklung,1,2025,klein,Landing Page,0.72,80
"Responsive Landing Page für Krüger Education mit Kontaktformular, SEO-Optimierung und Google Analytics Integration. Design nach Kundenvorgabe in Figma, Umsetzung mit React und Tailwind CSS.",15,7642,DE,DE-TH,JavaScript,Neuentwicklung,1,2022,klein,Landing Page,0.92,64
"Unternehmenswebsite für Frank Legal auf WordPress-Basis. Custom-Theme-Entwicklung, WooCommerce-Integration für digitale Downloads, SEO-Plugin-Konfiguration, Hosting-Setup.",24,12913,DE,DE-NW,PHP,Neuentwicklung,1,2026,klein,WordPress Website,0.68,73
"Datenmigration für Wolf Systems von Oracle 11g auf PostgreSQL 15. Schema-Mapping, Stored-Procedure-Umschreibung, Performance-Tests, Zero-Downtime-Migration mit Dual-Write-Ansatz.",104,157218,DE,DE-BW,Backend,Migration,3,2019,mittel,Datenmigraton,1.0,78
"Flutter-App für Schwarz Energie. Kartenintegration via Google Maps, Foto-Upload mit Bildkomprimierung, Echtzeit-Chat via WebSocket, Biometrie-Login, automatische App-Store-Deployment-Pipeline.",26,76779,DE,DE-HE,Mobile,Neuentwicklung,3,2019,mittel,Mobile App mittel,1.0,79
"Integration-Layer für Lange Finance. Apache Kafka, 6 Kafka-Topics, Schema-Registry, Dead-Letter-Queue, automatisches Alerting bei Verarbeitungsfehlern, API-Rate-Limit-Management.",64,73444,DE,DE-BE,Backend,Neuentwicklung,2,2022,mittel,API-Integration Middleware,0.92,77
"Microservice-API für Bauer Digital. Python FastAPI, 5 CRUD-Endpoints, Rate-Limiting, API-Key-Verwaltung, automatisierte Tests mit pytest, CI/CD-Pipeline via GitHub Actions.",12,11444,DE,DE-HH,Backend,Neuentwicklung,1,2024,klein,REST API einfach,0.78,89
"Responsive Landing Page für Wagner Immobilien mit Kontaktformular, SEO-Optimierung und Google Analytics Integration. Design nach Kundenvorgabe in Figma, Umsetzung mit React und Tailwind CSS.",15,6725,DE,DE-TH,JavaScript,Neuentwicklung,1,2023,klein,Landing Page,0.85,66
"Integration-Layer für Meier Manufacturing. Apache Kafka, 6 Kafka-Topics, Schema-Registry, Dead-Letter-Queue, automatisches Alerting bei Verarbeitungsfehlern, API-Rate-Limit-Management.",48,113420,CH,CH,Backend,Neuentwicklung,3,2022,mittel,API-Integration Middleware,0.92,123
"Analyse-Dashboard für Koch Industries mit Python Dash, Anbindung an 3 Datenquellen, Zeitreihenanalyse, Prognose-Modell für nächste 30 Tage, rollenbasierte Sichtbarkeit.",56,124479,DE,DE-HH,Python/ML,Neuentwicklung,3,2025,mittel,Reporting & Analytics Tool,0.72,101
"Maßgeschneiderte E-Commerce-Plattform für Becker Pharma mit 2.000+ Produkten, Kundenkonto-Bereich, Wunschliste, Produktkonfigurator, Multi-Lager-Verwaltung und Anbindung an Warenwirtschaftssystem.",91,228483,CH,CH,PHP,Neuentwicklung,3,2025,mittel,E-Commerce Platform,0.72,108
"Digitales Patientenportal für Wolf Systems mit KV-Anbindung, HL7 FHIR Schnittstelle, Telematikinfrastruktur-Anbindung, ePA-Integration, DSGVO- und KRITIS-konformes Sicherheitskonzept.",446,1430445,DE,DE-BE,Java,Neuentwicklung,7,2019,gross,Gesundheitswesenportal,1.0,72
"Analyse-Dashboard für Hartmann Health mit Python Dash, Anbindung an 3 Datenquellen, Zeitreihenanalyse, Prognose-Modell für nächste 30 Tage, rollenbasierte Sichtbarkeit.",56,128993,CH,CH,Python/ML,Neuentwicklung,2,2023,mittel,Reporting & Analytics Tool,0.85,139
"Terminbuchungsportal für Wagner Immobilien (bis 5 Mitarbeiter). Kundenlogin, Verfügbarkeitsprüfung in Echtzeit, iCal-Export, SMS-Erinnerungen via Twilio, DSGVO-konformes Datenschutz-Setup.",46,22064,DE,DE-TH,JavaScript,Neuentwicklung,1,2024,klein,Buchungssystem klein,0.78,68
"Maßgeschneidertes CRM für Wolf Systems mit Kontaktverwaltung, Pipeline-Tracking, E-Mail-Integration via IMAP/SMTP, Aktivitäten-Log, Reporting-Dashboard und CSV-Import für Bestandsdaten.",103,264361,CH,CH,JavaScript,Neuentwicklung,3,2024,mittel,CRM-System,0.78,124
"Vertriebssteuerungs-CRM für Hartmann Health. React, GraphQL API, Angebots-Erstellung mit PDF-Export, Wiedervorlage-System, Outlook-Kalender-Synchronisation, Mobilansicht für Außendienst.",83,130602,DE,DE-NW,JavaScript,Neuentwicklung,3,2021,mittel,CRM-System,0.97,74
"Management-Dashboard für Lange Finance zur Visualisierung von Verkaufszahlen. React mit Recharts, Datenbankanbindung über bestehende API, Exportfunktion als PDF/Excel, Nutzerrollen-System.",34,20344,AT,AT,JavaScript,Neuentwicklung,1,2021,klein,Dashboard einfach,0.97,74
"Datenmigration für Hartmann Health von Oracle 11g auf PostgreSQL 15. Schema-Mapping, Stored-Procedure-Umschreibung, Performance-Tests, Zero-Downtime-Migration mit Dual-Write-Ansatz.",98,175444,DE,DE-BY,Backend,Migration,3,2025,mittel,Datenmigraton,1.0,96
"WooCommerce-Shop für Wolf Systems mit bis zu 200 Produkten, Stripe- und PayPal-Zahlungsanbindung, automatisierter Bestellbestätigung per E-Mail und einfacher Lagerverwaltung.",39,15363,DE,DE-BW,PHP,Neuentwicklung,1,2020,klein,Einfacher Online-Shop,1.0,64
"Vertriebssteuerungs-CRM für Braun Logistics. React, GraphQL API, Angebots-Erstellung mit PDF-Export, Wiedervorlage-System, Outlook-Kalender-Synchronisation, Mobilansicht für Außendienst.",62,126146,CH,CH,JavaScript,Neuentwicklung,2,2022,mittel,CRM-System,0.92,116
"B2B-Online-Shop für Frank Legal. Shopware 6, kundenspezifische Preislisten, Bestelllimits, CSV-Massenimport, ERP-Schnittstelle zu SAP Business One, Rechnungsstellung per EDI.",116,87206,DE,DE-TH,PHP,Neuentwicklung,2,2019,mittel,E-Commerce Platform,1.0,50
"REST API für Neumann Services mit 8 Endpoints, JWT-Authentifizierung, PostgreSQL-Datenbank, automatischer Swagger-Dokumentation und Docker-Containerisierung für einfaches Deployment.",22,15904,AT,AT,Backend,Neuentwicklung,1,2026,klein,REST API einfach,0.68,90
"Online-Buchungssystem für Frank Legal mit Kalenderansicht, automatischen E-Mail-Erinnerungen, Zahlungsintegration via Stripe und Admin-Backend zur Terminverwaltung. React Frontend, Node.js Backend.",51,33165,AT,AT,JavaScript,Neuentwicklung,1,2024,klein,Buchungssystem klein,0.78,81
"WordPress-Website für Bauer Digital mit 8 Unterseiten, Blog-Funktion, mehrsprachigem Plugin (WPML), individuell entwickeltem Child-Theme und Kontaktformular mit DSGVO-konformer Datenspeicherung.",22,17036,CH,CH,PHP,Neuentwicklung,1,2020,klein,WordPress Website,1.0,92
"Shopify-Onlineshop für Weber Consulting. Custom-Theme, bis zu 500 Produkte, Anbindung an DHL-Versandschnittstelle, Gutscheinsystem, Produktbewertungen und Newsletter-Integration.",23,16986,CH,CH,PHP,Neuentwicklung,1,2020,klein,Einfacher Online-Shop,1.0,92
"Weiterentwicklung und Bugfixing der bestehenden PHP-Anwendung von Weber Consulting. Code-Review, Behebung von 15 kritischen Bugs, Performance-Optimierung der Datenbankabfragen, Upgrade auf PHP 8.2.",22,7963,DE,DE-TH,PHP,Weiterentwicklung,1,2020,klein,Legacy Bugfixing & Weiterentwicklung,1.0,51
"Intelligentes Archivierungssystem für Krüger Education. OCR-Pipeline für Papierdokumente, ML-Modell zur Erkennung von Dokumententypen (98% Accuracy), automatische Metadaten-Extraktion, API für Drittsysteme.",140,458307,DE,DE-TH,Python/ML,Neuentwicklung,5,2025,gross,ML Dokumentenmanagement,0.72,80
"Microservice-API für Becker Pharma. Python FastAPI, 5 CRUD-Endpoints, Rate-Limiting, API-Key-Verwaltung, automatisierte Tests mit pytest, CI/CD-Pipeline via GitHub Actions.",23,10640,AT,AT,Backend,Neuentwicklung,1,2020,klein,REST API einfach,1.0,75
"Microservice-API für Hartmann Health. Python FastAPI, 5 CRUD-Endpoints, Rate-Limiting, API-Key-Verwaltung, automatisierte Tests mit pytest, CI/CD-Pipeline via GitHub Actions.",17,12804,DE,DE-HE,Backend,Neuentwicklung,1,2023,klein,REST API einfach,0.85,85
"Business-Intelligence-Tool für Neumann Services mit automatisierten Tagesberichten, interaktiven Drill-Down-Charts, Anomalie-Erkennung bei KPIs, Slack-Integration für Alerts und Export-Funktion.",61,172445,CH,CH,Python/ML,Neuentwicklung,3,2021,mittel,Reporting & Analytics Tool,0.97,131
"Unternehmenswebsite für Klein Software auf WordPress-Basis. Custom-Theme-Entwicklung, WooCommerce-Integration für digitale Downloads, SEO-Plugin-Konfiguration, Hosting-Setup.",27,11073,DE,DE-BW,PHP,Neuentwicklung,1,2020,klein,WordPress Website,1.0,64
"Analyse-Dashboard für Neumann Services mit Python Dash, Anbindung an 3 Datenquellen, Zeitreihenanalyse, Prognose-Modell für nächste 30 Tage, rollenbasierte Sichtbarkeit.",81,89553,DE,DE-TH,Python/ML,Neuentwicklung,2,2024,mittel,Reporting & Analytics Tool,0.78,79
"Analyse-Dashboard für Braun Logistics mit Python Dash, Anbindung an 3 Datenquellen, Zeitreihenanalyse, Prognose-Modell für nächste 30 Tage, rollenbasierte Sichtbarkeit.",11,59043,DE,DE-BE,Python/ML,Neuentwicklung,3,2025,mittel,Reporting & Analytics Tool,0.72,92
"Wartung und Erweiterung des bestehenden WordPress-Systems von Bauer Digital. Plugin-Updates, Sicherheits-Audit, neue Such- und Filterfunktionen, Optimierung der Ladezeiten auf unter 2 Sekunden.",14,9024,DE,DE-NW,PHP,Weiterentwicklung,1,2023,klein,Legacy Bugfixing & Weiterentwicklung,0.85,67
"KI-gestütztes Dokumentenmanagementsystem für Braun Logistics mit automatischer Klassifikation per NLP (BERT), Volltextsuche via Elasticsearch, Versionierung, Zugriffsrollen und DSGVO-konformem Hosting auf deutschen Servern.",145,516520,DE,DE-BE,Python/ML,Neuentwicklung,6,2026,gross,ML Dokumentenmanagement,0.68,95
"Analyse-Dashboard für Zimmermann IT mit Python Dash, Anbindung an 3 Datenquellen, Zeitreihenanalyse, Prognose-Modell für nächste 30 Tage, rollenbasierte Sichtbarkeit.",72,175129,DE,DE-BY,Python/ML,Neuentwicklung,3,2023,mittel,Reporting & Analytics Tool,0.85,100
"B2B-Handelsplattform für Meier Manufacturing. Microservices-Architektur (12 Services), Kubernetes-Deployment, Punchout-Katalog für EDI-Anbindung, dynamische Preislogik, Self-Service-Kundenportal.",221,561766,AT,AT,Java,Neuentwicklung,3,2023,gross,Enterprise E-Commerce,0.85,85
"Maßgeschneiderte E-Commerce-Plattform für Becker Pharma mit 2.000+ Produkten, Kundenkonto-Bereich, Wunschliste, Produktkonfigurator, Multi-Lager-Verwaltung und Anbindung an Warenwirtschaftssystem.",132,96367,DE,DE-TH,PHP,Neuentwicklung,2,2021,mittel,E-Commerce Platform,0.97,52
"Internes Mitarbeiterportal für Maier Group (80 Nutzer) mit SSO-Anbindung via Azure AD, Urlaubsantrag-Workflow, Dokumentenverwaltung, News-Feed und Organigramm-Darstellung. React Frontend, Node.js Backend, PostgreSQL.",86,203309,CH,CH,JavaScript,Neuentwicklung,3,2022,mittel,Mitarbeiterportal,0.92,116
"Online-Buchungssystem für Wolf Systems mit Kalenderansicht, automatischen E-Mail-Erinnerungen, Zahlungsintegration via Stripe und Admin-Backend zur Terminverwaltung. React Frontend, Node.js Backend.",52,26250,DE,DE-TH,JavaScript,Neuentwicklung,1,2018,klein,Buchungssystem klein,1.0,57
"KPI-Dashboard für Hoffmann Solutions. Vue.js Frontend, Echtzeit-Daten via WebSocket, 6 Chart-Typen, automatische E-Mail-Reports, Filterung nach Zeitraum und Region.",32,21507,DE,DE-NW,JavaScript,Neuentwicklung,1,2024,klein,Dashboard einfach,0.78,81
"REST API für Klein Software mit 8 Endpoints, JWT-Authentifizierung, PostgreSQL-Datenbank, automatischer Swagger-Dokumentation und Docker-Containerisierung für einfaches Deployment.",25,22014,CH,CH,Backend,Neuentwicklung,1,2020,klein,REST API einfach,1.0,115
"Unternehmensportal für Köhler Automotive (800 Mitarbeiter) mit bidirektionaler SAP HR-Schnittstelle, SSO via Azure AD, Urlaubsmanagement, Zeiterfassung, Gehaltsabruf und Weiterbildungsmodul. React Frontend, Java Spring Boot Backend.",168,793819,CH,CH,SAP,Neuentwicklung,4,2025,gross,SAP-Integration Portal,0.72,187
"WooCommerce-Shop für Schäfer Insurance mit bis zu 200 Produkten, Stripe- und PayPal-Zahlungsanbindung, automatisierter Bestellbestätigung per E-Mail und einfacher Lagerverwaltung.",21,9935,DE,DE-TH,PHP,Neuentwicklung,1,2024,klein,Einfacher Online-Shop,0.78,58
"Microservice-API für Zimmermann IT. Python FastAPI, 5 CRUD-Endpoints, Rate-Limiting, API-Key-Verwaltung, automatisierte Tests mit pytest, CI/CD-Pipeline via GitHub Actions.",12,8958,DE,DE-BE,Backend,Neuentwicklung,1,2019,klein,REST API einfach,1.0,70
"Enterprise-E-Commerce-Plattform für Hartmann Health mit 50.000+ Produkten, Multi-Mandanten-Fähigkeit, Echtzeit-Bestandssynchronisation, KI-gestützter Produktempfehlung, A/B-Testing-Framework und DACH-Lokalisierung.",232,878336,DE,DE-BE,Java,Neuentwicklung,6,2026,gross,Enterprise E-Commerce,0.68,89
"REST API für Wolf Systems mit 8 Endpoints, JWT-Authentifizierung, PostgreSQL-Datenbank, automatischer Swagger-Dokumentation und Docker-Containerisierung für einfaches Deployment.",24,14000,DE,DE-NW,Backend,Neuentwicklung,1,2023,klein,REST API einfach,0.85,82
"Vertriebssteuerungs-CRM für Klein Software. React, GraphQL API, Angebots-Erstellung mit PDF-Export, Wiedervorlage-System, Outlook-Kalender-Synchronisation, Mobilansicht für Außendienst.",72,105041,AT,AT,JavaScript,Neuentwicklung,3,2019,mittel,CRM-System,1.0,70
"Digitalisierungsplattform für Maier Group. ASP.NET Core, Blazor WebAssembly Frontend, Azure Service Bus, 15 Microservices, DevOps-Pipeline mit automatisierten Tests, ITIL-konformes Change Management.",263,567402,AT,AT,.NET,Neuentwicklung,3,2025,gross,.NET Enterprise Platform,0.72,88
"Intelligentes Archivierungssystem für Lange Finance. OCR-Pipeline für Papierdokumente, ML-Modell zur Erkennung von Dokumententypen (98% Accuracy), automatische Metadaten-Extraktion, API für Drittsysteme.",159,569457,DE,DE-HE,Python/ML,Neuentwicklung,5,2022,gross,ML Dokumentenmanagement,0.92,90
"Responsive Landing Page für Lange Finance mit Kontaktformular, SEO-Optimierung und Google Analytics Integration. Design nach Kundenvorgabe in Figma, Umsetzung mit React und Tailwind CSS.",9,6658,AT,AT,JavaScript,Neuentwicklung,1,2023,klein,Landing Page,0.85,78
"Buchungs- und Reservierungsplattform für Richter Tech mit Multi-Location-Support, dynamischer Preisgestaltung, Gruppenreservierungen, Stornogebühren-Logik und Anbindung an Zahlungsanbieter.",50,67418,DE,DE-TH,JavaScript,Neuentwicklung,3,2024,mittel,Buchungssystem mittel,0.78,68
"Vollständige Neuentwicklung des Kernbanksystems von Becker Pharma. Java Spring Boot Microservices, Event Sourcing, CQRS, Migrationsskripte für 2 Mio. Datensätze, Compliance-Anforderungen BaFin.",317,1185278,DE,DE-HH,Java,Migration,6,2025,gross,Legacy Migration Enterprise,1.0,94
"Unternehmensportal für Meier Manufacturing (800 Mitarbeiter) mit bidirektionaler SAP HR-Schnittstelle, SSO via Azure AD, Urlaubsmanagement, Zeiterfassung, Gehaltsabruf und Weiterbildungsmodul. React Frontend, Java Spring Boot Backend.",269,554982,DE,DE-SN,SAP,Neuentwicklung,3,2025,gross,SAP-Integration Portal,0.72,105
"Unternehmenswebsite für Becker Pharma auf WordPress-Basis. Custom-Theme-Entwicklung, WooCommerce-Integration für digitale Downloads, SEO-Plugin-Konfiguration, Hosting-Setup.",19,10126,DE,DE-HE,PHP,Neuentwicklung,1,2019,klein,WordPress Website,1.0,61
"Migration der Altdaten von Bauer Digital aus Legacy-System (MS Access) in neue PostgreSQL-Datenbank. ETL-Pipeline, Datenbereinigung, Validierungsregeln, Testläufe mit Rollback-Funktion, Dokumentation.",68,112392,DE,DE-HH,Backend,Migration,3,2022,mittel,Datenmigraton,1.0,84
"Event-Ticketing-System für Wagner Immobilien. Next.js, Seat-Map-Visualisierung, QR-Code-Ticket-Generierung, Warteliste, Gutscheinverwaltung, automatische Kapazitätssteuerung.",65,159915,CH,CH,JavaScript,Neuentwicklung,3,2024,mittel,Buchungssystem mittel,0.78,124
"Internes Mitarbeiterportal für Weiß Transport (80 Nutzer) mit SSO-Anbindung via Azure AD, Urlaubsantrag-Workflow, Dokumentenverwaltung, News-Feed und Organigramm-Darstellung. React Frontend, Node.js Backend, PostgreSQL.",99,128549,DE,DE-BW,JavaScript,Neuentwicklung,2,2020,mittel,Mitarbeiterportal,1.0,77
"WordPress-Website für Wagner Immobilien mit 8 Unterseiten, Blog-Funktion, mehrsprachigem Plugin (WPML), individuell entwickeltem Child-Theme und Kontaktformular mit DSGVO-konformer Datenspeicherung.",5,4868,DE,DE-BY,PHP,Neuentwicklung,1,2023,klein,WordPress Website,0.85,73
"WooCommerce-Shop für Schmidt AG mit bis zu 200 Produkten, Stripe- und PayPal-Zahlungsanbindung, automatisierter Bestellbestätigung per E-Mail und einfacher Lagerverwaltung.",39,19360,DE,DE-HH,PHP,Neuentwicklung,1,2019,klein,Einfacher Online-Shop,1.0,62
"Internes Mitarbeiterportal für Meier Manufacturing (80 Nutzer) mit SSO-Anbindung via Azure AD, Urlaubsantrag-Workflow, Dokumentenverwaltung, News-Feed und Organigramm-Darstellung. React Frontend, Node.js Backend, PostgreSQL.",94,152890,DE,DE-HE,JavaScript,Neuentwicklung,3,2024,mittel,Mitarbeiterportal,0.78,84
"Unternehmensportal für Becker Pharma (800 Mitarbeiter) mit bidirektionaler SAP HR-Schnittstelle, SSO via Azure AD, Urlaubsmanagement, Zeiterfassung, Gehaltsabruf und Weiterbildungsmodul. React Frontend, Java Spring Boot Backend.",378,739066,DE,DE-BE,SAP,Neuentwicklung,3,2020,gross,SAP-Integration Portal,1.0,101
"Intelligentes Archivierungssystem für Krüger Education. OCR-Pipeline für Papierdokumente, ML-Modell zur Erkennung von Dokumententypen (98% Accuracy), automatische Metadaten-Extraktion, API für Drittsysteme.",232,352214,DE,DE-BE,Python/ML,Neuentwicklung,3,2018,gross,ML Dokumentenmanagement,1.0,75
"Unternehmenswebsite für Müller GmbH auf WordPress-Basis. Custom-Theme-Entwicklung, WooCommerce-Integration für digitale Downloads, SEO-Plugin-Konfiguration, Hosting-Setup.",8,9454,CH,CH,PHP,Neuentwicklung,1,2023,klein,WordPress Website,0.85,102
"Predictive-Analytics-Plattform für Koch Industries. Nachfrageprognose mit LSTM-Modell (MAPE < 8%), Anomalie-Erkennung im Produktionsprozess, MLflow für Modell-Versionierung, REST API für ERP-Anbindung, monatliches Retraining.",263,549040,DE,DE-BW,Python/ML,Neuentwicklung,4,2022,gross,ML Predictive Analytics,0.92,94
"Einzel-Landing-Page für Produktlaunch von Maier Group. A/B-Testing-fähig, mehrsprachig (DE/EN), mit CMS-Anbindung für eigenständige Inhaltspflege. Mobile-first Ansatz.",8,8937,CH,CH,JavaScript,Neuentwicklung,1,2026,klein,Landing Page,0.68,131
"Shopify-Onlineshop für Schwarz Energie. Custom-Theme, bis zu 500 Produkte, Anbindung an DHL-Versandschnittstelle, Gutscheinsystem, Produktbewertungen und Newsletter-Integration.",16,8421,DE,DE-TH,PHP,Neuentwicklung,1,2024,klein,Einfacher Online-Shop,0.78,58
"Flutter-App für Lange Finance. Kartenintegration via Google Maps, Foto-Upload mit Bildkomprimierung, Echtzeit-Chat via WebSocket, Biometrie-Login, automatische App-Store-Deployment-Pipeline.",61,103771,DE,DE-BY,Mobile,Neuentwicklung,2,2026,mittel,Mobile App mittel,0.68,104
"Responsive Landing Page für Köhler Automotive mit Kontaktformular, SEO-Optimierung und Google Analytics Integration. Design nach Kundenvorgabe in Figma, Umsetzung mit React und Tailwind CSS.",5,5972,CH,CH,JavaScript,Neuentwicklung,1,2023,klein,Landing Page,0.85,120
"Integration-Layer für Klein Software. Apache Kafka, 6 Kafka-Topics, Schema-Registry, Dead-Letter-Queue, automatisches Alerting bei Verarbeitungsfehlern, API-Rate-Limit-Management.",68,121072,DE,DE-BE,Backend,Neuentwicklung,3,2025,mittel,API-Integration Middleware,0.72,84
"Maßgeschneiderte E-Commerce-Plattform für Frank Legal mit 2.000+ Produkten, Kundenkonto-Bereich, Wunschliste, Produktkonfigurator, Multi-Lager-Verwaltung und Anbindung an Warenwirtschaftssystem.",72,104937,DE,DE-SN,PHP,Neuentwicklung,3,2024,mittel,E-Commerce Platform,0.78,59
"Online-Buchungssystem für Zimmermann IT mit Kalenderansicht, automatischen E-Mail-Erinnerungen, Zahlungsintegration via Stripe und Admin-Backend zur Terminverwaltung. React Frontend, Node.js Backend.",32,22771,DE,DE-BY,JavaScript,Neuentwicklung,1,2024,klein,Buchungssystem klein,0.78,89
"REST API für Koch Industries mit 8 Endpoints, JWT-Authentifizierung, PostgreSQL-Datenbank, automatischer Swagger-Dokumentation und Docker-Containerisierung für einfaches Deployment.",29,19433,DE,DE-HE,Backend,Neuentwicklung,1,2025,klein,REST API einfach,0.72,90
"Unternehmenswebsite für Braun Logistics auf WordPress-Basis. Custom-Theme-Entwicklung, WooCommerce-Integration für digitale Downloads, SEO-Plugin-Konfiguration, Hosting-Setup.",16,6173,DE,DE-TH,PHP,Neuentwicklung,1,2019,klein,WordPress Website,1.0,50
"KI-gestütztes Dokumentenmanagementsystem für Hartmann Health mit automatischer Klassifikation per NLP (BERT), Volltextsuche via Elasticsearch, Versionierung, Zugriffsrollen und DSGVO-konformem Hosting auf deutschen Servern.",225,961428,CH,CH,Python/ML,Neuentwicklung,6,2019,gross,ML Dokumentenmanagement,1.0,123
"SAP S/4HANA-Anbindung für Schulz Media. Fiori-ähnliches Portal, RFC-Schnittstellen für MM/PP/FI, Custom ABAP-Entwicklung, Echtzeit-Datensynchronisation, Rollout auf 3 Werke.",242,1032670,CH,CH,SAP,Neuentwicklung,4,2020,gross,SAP-Integration Portal,1.0,161
"Integration-Layer für Maier Group. Apache Kafka, 6 Kafka-Topics, Schema-Registry, Dead-Letter-Queue, automatisches Alerting bei Verarbeitungsfehlern, API-Rate-Limit-Management.",61,90508,DE,DE-HE,Backend,Neuentwicklung,2,2023,mittel,API-Integration Middleware,0.85,85
"Vertriebssteuerungs-CRM für Maier Group. React, GraphQL API, Angebots-Erstellung mit PDF-Export, Wiedervorlage-System, Outlook-Kalender-Synchronisation, Mobilansicht für Außendienst.",110,138868,DE,DE-BY,JavaScript,Neuentwicklung,2,2023,mittel,CRM-System,0.85,86
"Analyse-Dashboard für Koch Industries mit Python Dash, Anbindung an 3 Datenquellen, Zeitreihenanalyse, Prognose-Modell für nächste 30 Tage, rollenbasierte Sichtbarkeit.",80,135931,DE,DE-BE,Python/ML,Neuentwicklung,3,2021,mittel,Reporting & Analytics Tool,0.97,82
"Online-Buchungssystem für Bauer Digital mit Kalenderansicht, automatischen E-Mail-Erinnerungen, Zahlungsintegration via Stripe und Admin-Backend zur Terminverwaltung. React Frontend, Node.js Backend.",49,25916,DE,DE-BE,JavaScript,Neuentwicklung,1,2022,klein,Buchungssystem klein,0.92,73
"Responsive Landing Page für Zimmermann IT mit Kontaktformular, SEO-Optimierung und Google Analytics Integration. Design nach Kundenvorgabe in Figma, Umsetzung mit React und Tailwind CSS.",12,5788,DE,DE-BE,JavaScript,Neuentwicklung,1,2019,klein,Landing Page,1.0,67
"Churn-Prediction-System für Klein Software. Feature Engineering auf 50+ Variablen, XGBoost-Ensemble, SHAP-Erklärbarkeit, automatische Handlungsempfehlungen, A/B-Test-Framework zur Validierung.",150,297667,DE,DE-NW,Python/ML,Neuentwicklung,3,2021,gross,ML Predictive Analytics,0.97,86
"SAP S/4HANA-Anbindung für Weiß Transport. Fiori-ähnliches Portal, RFC-Schnittstellen für MM/PP/FI, Custom ABAP-Entwicklung, Echtzeit-Datensynchronisation, Rollout auf 3 Werke.",189,775802,CH,CH,SAP,Neuentwicklung,3,2023,gross,SAP-Integration Portal,0.85,176
"Unternehmenswebsite für Schwarz Energie auf WordPress-Basis. Custom-Theme-Entwicklung, WooCommerce-Integration für digitale Downloads, SEO-Plugin-Konfiguration, Hosting-Setup.",22,10025,DE,DE-BE,PHP,Neuentwicklung,1,2026,klein,WordPress Website,0.68,70
"Terminbuchungsportal für Krüger Education (bis 5 Mitarbeiter). Kundenlogin, Verfügbarkeitsprüfung in Echtzeit, iCal-Export, SMS-Erinnerungen via Twilio, DSGVO-konformes Datenschutz-Setup.",30,22204,AT,AT,JavaScript,Neuentwicklung,1,2024,klein,Buchungssystem klein,0.78,81
"Einzel-Landing-Page für Produktlaunch von Hartmann Health. A/B-Testing-fähig, mehrsprachig (DE/EN), mit CMS-Anbindung für eigenständige Inhaltspflege. Mobile-first Ansatz.",13,5898,DE,DE-SN,JavaScript,Neuentwicklung,1,2023,klein,Landing Page,0.85,67
"Unternehmenswebsite für Becker & Partner auf WordPress-Basis. Custom-Theme-Entwicklung, WooCommerce-Integration für digitale Downloads, SEO-Plugin-Konfiguration, Hosting-Setup.",21,12329,DE,DE-HH,PHP,Neuentwicklung,1,2022,klein,WordPress Website,0.92,68
"Weiterentwicklung und Bugfixing der bestehenden PHP-Anwendung von Müller GmbH. Code-Review, Behebung von 15 kritischen Bugs, Performance-Optimierung der Datenbankabfragen, Upgrade auf PHP 8.2.",21,16693,CH,CH,PHP,Weiterentwicklung,1,2023,klein,Legacy Bugfixing & Weiterentwicklung,0.85,102
"WooCommerce-Shop für Zimmermann IT mit bis zu 200 Produkten, Stripe- und PayPal-Zahlungsanbindung, automatisierter Bestellbestätigung per E-Mail und einfacher Lagerverwaltung.",41,20933,DE,DE-HE,PHP,Neuentwicklung,1,2019,klein,Einfacher Online-Shop,1.0,61
"Middleware-Lösung für Müller GmbH zur Anbindung von 4 Drittsystemen (CRM, ERP, Shop, Versand). Message-Queue via RabbitMQ, Retry-Logik, Monitoring-Dashboard, detailliertes Fehler-Logging.",38,98891,DE,DE-HH,Backend,Neuentwicklung,3,2023,mittel,API-Integration Middleware,0.85,86
"Weiterentwicklung und Bugfixing der bestehenden PHP-Anwendung von Braun Logistics. Code-Review, Behebung von 15 kritischen Bugs, Performance-Optimierung der Datenbankabfragen, Upgrade auf PHP 8.2.",29,13853,DE,DE-NW,PHP,Weiterentwicklung,1,2023,klein,Legacy Bugfixing & Weiterentwicklung,0.85,67
"KPI-Dashboard für Neumann Services. Vue.js Frontend, Echtzeit-Daten via WebSocket, 6 Chart-Typen, automatische E-Mail-Reports, Filterung nach Zeitraum und Region.",38,22473,DE,DE-BE,JavaScript,Neuentwicklung,1,2023,klein,Dashboard einfach,0.85,75
"Migration der Altdaten von Becker Pharma aus Legacy-System (MS Access) in neue PostgreSQL-Datenbank. ETL-Pipeline, Datenbereinigung, Validierungsregeln, Testläufe mit Rollback-Funktion, Dokumentation.",36,88887,CH,CH,Backend,Migration,2,2022,mittel,Datenmigraton,1.0,123
"Predictive-Analytics-Plattform für Krause Retail. Nachfrageprognose mit LSTM-Modell (MAPE < 8%), Anomalie-Erkennung im Produktionsprozess, MLflow für Modell-Versionierung, REST API für ERP-Anbindung, monatliches Retraining.",114,290523,DE,DE-HH,Python/ML,Neuentwicklung,3,2025,gross,ML Predictive Analytics,0.72,101
"Internes Mitarbeiterportal für Richter Tech (80 Nutzer) mit SSO-Anbindung via Azure AD, Urlaubsantrag-Workflow, Dokumentenverwaltung, News-Feed und Organigramm-Darstellung. React Frontend, Node.js Backend, PostgreSQL.",51,104960,DE,DE-BW,JavaScript,Neuentwicklung,3,2024,mittel,Mitarbeiterportal,0.78,87
"Responsive Landing Page für Schulz Media mit Kontaktformular, SEO-Optimierung und Google Analytics Integration. Design nach Kundenvorgabe in Figma, Umsetzung mit React und Tailwind CSS.",6,4741,AT,AT,JavaScript,Neuentwicklung,1,2026,klein,Landing Page,0.68,86
"Datenmigration für Krüger Education von Oracle 11g auf PostgreSQL 15. Schema-Mapping, Stored-Procedure-Umschreibung, Performance-Tests, Zero-Downtime-Migration mit Dual-Write-Ansatz.",56,92666,CH,CH,Backend,Migration,2,2023,mittel,Datenmigraton,1.0,126
"Churn-Prediction-System für Schwarz Energie. Feature Engineering auf 50+ Variablen, XGBoost-Ensemble, SHAP-Erklärbarkeit, automatische Handlungsempfehlungen, A/B-Test-Framework zur Validierung.",173,638752,DE,DE-TH,Python/ML,Neuentwicklung,7,2025,gross,ML Predictive Analytics,0.72,80
"Flutter-App für Fischer Handel. Kartenintegration via Google Maps, Foto-Upload mit Bildkomprimierung, Echtzeit-Chat via WebSocket, Biometrie-Login, automatische App-Store-Deployment-Pipeline.",68,165504,CH,CH,Mobile,Neuentwicklung,2,2021,mittel,Mobile App mittel,0.97,126
"Unternehmensweite Prozessplattform für Frank Legal auf .NET 8 Basis. Workflow-Engine für 20 Genehmigungsprozesse, Power BI Embedded für Berichte, Azure AD Integration, On-Premise-Deployment auf Kundensystemen.",96,322397,DE,DE-TH,.NET,Neuentwicklung,3,2024,gross,.NET Enterprise Platform,0.78,71
"Integration-Layer für Krüger Education. Apache Kafka, 6 Kafka-Topics, Schema-Registry, Dead-Letter-Queue, automatisches Alerting bei Verarbeitungsfehlern, API-Rate-Limit-Management.",59,90560,DE,DE-HE,Backend,Neuentwicklung,2,2023,mittel,API-Integration Middleware,0.85,85
"Weiterentwicklung und Bugfixing der bestehenden PHP-Anwendung von Frank Legal. Code-Review, Behebung von 15 kritischen Bugs, Performance-Optimierung der Datenbankabfragen, Upgrade auf PHP 8.2.",17,14536,CH,CH,PHP,Weiterentwicklung,1,2024,klein,Legacy Bugfixing & Weiterentwicklung,0.78,105
"KPI-Dashboard für Maier Group. Vue.js Frontend, Echtzeit-Daten via WebSocket, 6 Chart-Typen, automatische E-Mail-Reports, Filterung nach Zeitraum und Region.",27,18999,DE,DE-SN,JavaScript,Neuentwicklung,1,2025,klein,Dashboard einfach,0.72,72
"Unternehmenswebsite für Schmidt AG auf WordPress-Basis. Custom-Theme-Entwicklung, WooCommerce-Integration für digitale Downloads, SEO-Plugin-Konfiguration, Hosting-Setup.",13,7241,DE,DE-TH,PHP,Neuentwicklung,1,2026,klein,WordPress Website,0.68,61
"KI-gestütztes Dokumentenmanagementsystem für Maier Group mit automatischer Klassifikation per NLP (BERT), Volltextsuche via Elasticsearch, Versionierung, Zugriffsrollen und DSGVO-konformem Hosting auf deutschen Servern.",180,585233,CH,CH,Python/ML,Neuentwicklung,3,2024,gross,ML Dokumentenmanagement,0.78,144
"Integration-Layer für Koch Industries. Apache Kafka, 6 Kafka-Topics, Schema-Registry, Dead-Letter-Queue, automatisches Alerting bei Verarbeitungsfehlern, API-Rate-Limit-Management.",111,237775,CH,CH,Backend,Neuentwicklung,3,2022,mittel,API-Integration Middleware,0.92,123
"Unternehmensweite Prozessplattform für Klein Software auf .NET 8 Basis. Workflow-Engine für 20 Genehmigungsprozesse, Power BI Embedded für Berichte, Azure AD Integration, On-Premise-Deployment auf Kundensystemen.",120,504840,DE,DE-SN,.NET,Neuentwicklung,7,2025,gross,.NET Enterprise Platform,0.72,75
"Event-Ticketing-System für Richter Tech. Next.js, Seat-Map-Visualisierung, QR-Code-Ticket-Generierung, Warteliste, Gutscheinverwaltung, automatische Kapazitätssteuerung.",73,134164,DE,DE-NW,JavaScript,Neuentwicklung,3,2024,mittel,Buchungssystem mittel,0.78,81
"Unternehmensportal für Weiß Transport (800 Mitarbeiter) mit bidirektionaler SAP HR-Schnittstelle, SSO via Azure AD, Urlaubsmanagement, Zeiterfassung, Gehaltsabruf und Weiterbildungsmodul. React Frontend, Java Spring Boot Backend.",184,871219,DE,DE-BW,SAP,Neuentwicklung,6,2025,gross,SAP-Integration Portal,0.72,131
"WordPress-Website für Krüger Education mit 8 Unterseiten, Blog-Funktion, mehrsprachigem Plugin (WPML), individuell entwickeltem Child-Theme und Kontaktformular mit DSGVO-konformer Datenspeicherung.",13,14160,CH,CH,PHP,Neuentwicklung,1,2023,klein,WordPress Website,0.85,102
"Digitales Patientenportal für Lange Finance mit KV-Anbindung, HL7 FHIR Schnittstelle, Telematikinfrastruktur-Anbindung, ePA-Integration, DSGVO- und KRITIS-konformes Sicherheitskonzept.",493,1827996,AT,AT,Java,Neuentwicklung,7,2022,gross,Gesundheitswesenportal,0.92,82
"HR-Self-Service-Portal für Klein Software (150 Mitarbeiter). Vue.js, REST API, Gehaltsabruf-Modul, Weiterbildungskalender, digitale Personalakte, rollenbasierte Zugriffsrechte, DSGVO-konformes Audit-Log.",123,132220,AT,AT,JavaScript,Neuentwicklung,2,2022,mittel,Mitarbeiterportal,0.92,76
"Maßgeschneidertes CRM für Meier Manufacturing mit Kontaktverwaltung, Pipeline-Tracking, E-Mail-Integration via IMAP/SMTP, Aktivitäten-Log, Reporting-Dashboard und CSV-Import für Bestandsdaten.",40,90631,AT,AT,JavaScript,Neuentwicklung,3,2026,mittel,CRM-System,0.68,86
"Unternehmensweite Prozessplattform für Maier Group auf .NET 8 Basis. Workflow-Engine für 20 Genehmigungsprozesse, Power BI Embedded für Berichte, Azure AD Integration, On-Premise-Deployment auf Kundensystemen.",238,628562,DE,DE-BW,.NET,Neuentwicklung,4,2023,gross,.NET Enterprise Platform,0.85,88
"Unternehmenswebsite für Becker & Partner auf WordPress-Basis. Custom-Theme-Entwicklung, WooCommerce-Integration für digitale Downloads, SEO-Plugin-Konfiguration, Hosting-Setup.",23,17963,CH,CH,PHP,Neuentwicklung,1,2022,klein,WordPress Website,0.92,99
"Digitales Patientenportal für Bauer Digital mit KV-Anbindung, HL7 FHIR Schnittstelle, Telematikinfrastruktur-Anbindung, ePA-Integration, DSGVO- und KRITIS-konformes Sicherheitskonzept.",311,910139,DE,DE-NW,Java,Neuentwicklung,4,2023,gross,Gesundheitswesenportal,0.85,85
"Vertriebssteuerungs-CRM für Hartmann Health. React, GraphQL API, Angebots-Erstellung mit PDF-Export, Wiedervorlage-System, Outlook-Kalender-Synchronisation, Mobilansicht für Außendienst.",66,143847,CH,CH,JavaScript,Neuentwicklung,2,2024,mittel,CRM-System,0.78,124
"Responsive Landing Page für Weber Consulting mit Kontaktformular, SEO-Optimierung und Google Analytics Integration. Design nach Kundenvorgabe in Figma, Umsetzung mit React und Tailwind CSS.",12,7054,DE,DE-HE,JavaScript,Neuentwicklung,1,2018,klein,Landing Page,1.0,70
"Vertriebssteuerungs-CRM für Schmidt AG. React, GraphQL API, Angebots-Erstellung mit PDF-Export, Wiedervorlage-System, Outlook-Kalender-Synchronisation, Mobilansicht für Außendienst.",96,112640,DE,DE-TH,JavaScript,Neuentwicklung,3,2022,mittel,CRM-System,0.92,64
"Buchungs- und Reservierungsplattform für Lange Finance mit Multi-Location-Support, dynamischer Preisgestaltung, Gruppenreservierungen, Stornogebühren-Logik und Anbindung an Zahlungsanbieter.",56,159774,CH,CH,JavaScript,Neuentwicklung,3,2025,mittel,Buchungssystem mittel,0.72,128
"Migration der Altdaten von Klein Software aus Legacy-System (MS Access) in neue PostgreSQL-Datenbank. ETL-Pipeline, Datenbereinigung, Validierungsregeln, Testläufe mit Rollback-Funktion, Dokumentation.",94,95613,DE,DE-BE,Backend,Migration,2,2022,mittel,Datenmigraton,1.0,77
"Analyse-Dashboard für Neumann Services mit Python Dash, Anbindung an 3 Datenquellen, Zeitreihenanalyse, Prognose-Modell für nächste 30 Tage, rollenbasierte Sichtbarkeit.",73,131437,DE,DE-TH,Python/ML,Neuentwicklung,3,2022,mittel,Reporting & Analytics Tool,0.92,73
"SAP S/4HANA-Anbindung für Schulz Media. Fiori-ähnliches Portal, RFC-Schnittstellen für MM/PP/FI, Custom ABAP-Entwicklung, Echtzeit-Datensynchronisation, Rollout auf 3 Werke.",215,527920,DE,DE-BY,SAP,Neuentwicklung,3,2020,gross,SAP-Integration Portal,1.0,116
"Ablösung des Legacy-Systems von Frank Legal (15 Jahre alt, COBOL/Oracle). Strangler-Fig-Muster, schrittweise Migration von 40 Modulen, paralleler Betrieb beider Systeme für 6 Monate, Zero-Downtime-Cutover.",400,817453,DE,DE-NW,Java,Migration,4,2018,gross,Legacy Migration Enterprise,1.0,73
"Unternehmensportal für Becker Pharma (800 Mitarbeiter) mit bidirektionaler SAP HR-Schnittstelle, SSO via Azure AD, Urlaubsmanagement, Zeiterfassung, Gehaltsabruf und Weiterbildungsmodul. React Frontend, Java Spring Boot Backend.",183,432035,AT,AT,SAP,Neuentwicklung,3,2021,gross,SAP-Integration Portal,0.97,109
"Wartung und Erweiterung des bestehenden WordPress-Systems von Becker & Partner. Plugin-Updates, Sicherheits-Audit, neue Such- und Filterfunktionen, Optimierung der Ladezeiten auf unter 2 Sekunden.",27,11091,DE,DE-BY,PHP,Weiterentwicklung,1,2018,klein,Legacy Bugfixing & Weiterentwicklung,1.0,63
"Shopify-Onlineshop für Zimmermann IT. Custom-Theme, bis zu 500 Produkte, Anbindung an DHL-Versandschnittstelle, Gutscheinsystem, Produktbewertungen und Newsletter-Integration.",22,12636,AT,AT,PHP,Neuentwicklung,1,2024,klein,Einfacher Online-Shop,0.78,69
"KI-gestütztes Dokumentenmanagementsystem für Müller GmbH mit automatischer Klassifikation per NLP (BERT), Volltextsuche via Elasticsearch, Versionierung, Zugriffsrollen und DSGVO-konformem Hosting auf deutschen Servern.",298,986020,DE,DE-HE,Python/ML,Neuentwicklung,6,2022,gross,ML Dokumentenmanagement,0.92,90
"Intelligentes Archivierungssystem für Fischer Handel. OCR-Pipeline für Papierdokumente, ML-Modell zur Erkennung von Dokumententypen (98% Accuracy), automatische Metadaten-Extraktion, API für Drittsysteme.",233,523413,DE,DE-HE,Python/ML,Neuentwicklung,4,2021,gross,ML Dokumentenmanagement,0.97,88
"Analyse-Dashboard für Köhler Automotive mit Python Dash, Anbindung an 3 Datenquellen, Zeitreihenanalyse, Prognose-Modell für nächste 30 Tage, rollenbasierte Sichtbarkeit.",50,63506,AT,AT,Python/ML,Neuentwicklung,2,2022,mittel,Reporting & Analytics Tool,0.92,88
"Internes Mitarbeiterportal für Weber Consulting (80 Nutzer) mit SSO-Anbindung via Azure AD, Urlaubsantrag-Workflow, Dokumentenverwaltung, News-Feed und Organigramm-Darstellung. React Frontend, Node.js Backend, PostgreSQL.",100,172280,DE,DE-BW,JavaScript,Neuentwicklung,3,2019,mittel,Mitarbeiterportal,1.0,75
"Maßgeschneidertes CRM für Braun Logistics mit Kontaktverwaltung, Pipeline-Tracking, E-Mail-Integration via IMAP/SMTP, Aktivitäten-Log, Reporting-Dashboard und CSV-Import für Bestandsdaten.",21,86897,CH,CH,JavaScript,Neuentwicklung,2,2024,mittel,CRM-System,0.78,124
"Flutter-App für Müller GmbH. Kartenintegration via Google Maps, Foto-Upload mit Bildkomprimierung, Echtzeit-Chat via WebSocket, Biometrie-Login, automatische App-Store-Deployment-Pipeline.",127,179775,DE,DE-BY,Mobile,Neuentwicklung,2,2024,mittel,Mobile App mittel,0.78,98
"Analyse-Dashboard für Becker & Partner mit Python Dash, Anbindung an 3 Datenquellen, Zeitreihenanalyse, Prognose-Modell für nächste 30 Tage, rollenbasierte Sichtbarkeit.",23,62602,AT,AT,Python/ML,Neuentwicklung,3,2024,mittel,Reporting & Analytics Tool,0.78,94
"Migration der Altdaten von Meier Manufacturing aus Legacy-System (MS Access) in neue PostgreSQL-Datenbank. ETL-Pipeline, Datenbereinigung, Validierungsregeln, Testläufe mit Rollback-Funktion, Dokumentation.",41,63092,DE,DE-BW,Backend,Migration,2,2023,mittel,Datenmigraton,1.0,88
"B2B-Online-Shop für Bauer Digital. Shopware 6, kundenspezifische Preislisten, Bestelllimits, CSV-Massenimport, ERP-Schnittstelle zu SAP Business One, Rechnungsstellung per EDI.",91,158369,AT,AT,PHP,Neuentwicklung,3,2023,mittel,E-Commerce Platform,0.85,67
"Enterprise-E-Commerce-Plattform für Richter Tech mit 50.000+ Produkten, Multi-Mandanten-Fähigkeit, Echtzeit-Bestandssynchronisation, KI-gestützter Produktempfehlung, A/B-Testing-Framework und DACH-Lokalisierung.",112,755762,CH,CH,Java,Neuentwicklung,4,2025,gross,Enterprise E-Commerce,0.72,137
"Einzel-Landing-Page für Produktlaunch von Zimmermann IT. A/B-Testing-fähig, mehrsprachig (DE/EN), mit CMS-Anbindung für eigenständige Inhaltspflege. Mobile-first Ansatz.",10,10169,CH,CH,JavaScript,Neuentwicklung,1,2021,klein,Landing Page,0.97,113
"Business-Intelligence-Tool für Schulz Media mit automatisierten Tagesberichten, interaktiven Drill-Down-Charts, Anomalie-Erkennung bei KPIs, Slack-Integration für Alerts und Export-Funktion.",51,165967,CH,CH,Python/ML,Neuentwicklung,3,2024,mittel,Reporting & Analytics Tool,0.78,144
"Predictive-Analytics-Plattform für Krause Retail. Nachfrageprognose mit LSTM-Modell (MAPE < 8%), Anomalie-Erkennung im Produktionsprozess, MLflow für Modell-Versionierung, REST API für ERP-Anbindung, monatliches Retraining.",117,312510,DE,DE-SN,Python/ML,Neuentwicklung,3,2024,gross,ML Predictive Analytics,0.78,81
"Analyse-Dashboard für Maier Group mit Python Dash, Anbindung an 3 Datenquellen, Zeitreihenanalyse, Prognose-Modell für nächste 30 Tage, rollenbasierte Sichtbarkeit.",64,85729,DE,DE-HH,Python/ML,Neuentwicklung,2,2021,mittel,Reporting & Analytics Tool,0.97,90
"Unternehmenswebsite für Fischer Handel auf WordPress-Basis. Custom-Theme-Entwicklung, WooCommerce-Integration für digitale Downloads, SEO-Plugin-Konfiguration, Hosting-Setup.",13,6787,AT,AT,PHP,Neuentwicklung,1,2021,klein,WordPress Website,0.97,63
"Terminbuchungsportal für Krüger Education (bis 5 Mitarbeiter). Kundenlogin, Verfügbarkeitsprüfung in Echtzeit, iCal-Export, SMS-Erinnerungen via Twilio, DSGVO-konformes Datenschutz-Setup.",45,20059,DE,DE-SN,JavaScript,Neuentwicklung,1,2021,klein,Buchungssystem klein,0.97,63
"Maßgeschneiderte E-Commerce-Plattform für Köhler Automotive mit 2.000+ Produkten, Kundenkonto-Bereich, Wunschliste, Produktkonfigurator, Multi-Lager-Verwaltung und Anbindung an Warenwirtschaftssystem.",93,114620,AT,AT,PHP,Neuentwicklung,2,2023,mittel,E-Commerce Platform,0.85,67
"Management-Dashboard für Richter Tech zur Visualisierung von Verkaufszahlen. React mit Recharts, Datenbankanbindung über bestehende API, Exportfunktion als PDF/Excel, Nutzerrollen-System.",26,18549,AT,AT,JavaScript,Neuentwicklung,1,2024,klein,Dashboard einfach,0.78,81
"Shopify-Onlineshop für Richter Tech. Custom-Theme, bis zu 500 Produkte, Anbindung an DHL-Versandschnittstelle, Gutscheinsystem, Produktbewertungen und Newsletter-Integration.",31,14637,AT,AT,PHP,Neuentwicklung,1,2021,klein,Einfacher Online-Shop,0.97,63
"Buchungs- und Reservierungsplattform für Frank Legal mit Multi-Location-Support, dynamischer Preisgestaltung, Gruppenreservierungen, Stornogebühren-Logik und Anbindung an Zahlungsanbieter.",71,80813,DE,DE-BW,JavaScript,Neuentwicklung,2,2022,mittel,Buchungssystem mittel,0.92,81
"Business-Intelligence-Tool für Zimmermann IT mit automatisierten Tagesberichten, interaktiven Drill-Down-Charts, Anomalie-Erkennung bei KPIs, Slack-Integration für Alerts und Export-Funktion.",92,108635,DE,DE-BE,Python/ML,Neuentwicklung,2,2022,mittel,Reporting & Analytics Tool,0.92,84
"Unternehmenswebsite für Braun Logistics auf WordPress-Basis. Custom-Theme-Entwicklung, WooCommerce-Integration für digitale Downloads, SEO-Plugin-Konfiguration, Hosting-Setup.",20,8407,DE,DE-NW,PHP,Neuentwicklung,1,2021,klein,WordPress Website,0.97,63
"Cross-Platform-App (iOS & Android) für Lange Finance mit 12 Screens, Nutzerregistrierung, Push-Notifications, Offline-Fähigkeit durch lokale SQLite-Datenbank und REST-API-Anbindung. React Native.",160,286726,DE,DE-HH,Mobile,Neuentwicklung,3,2022,mittel,Mobile App mittel,0.92,89
"Maßgeschneiderte E-Commerce-Plattform für Zimmermann IT mit 2.000+ Produkten, Kundenkonto-Bereich, Wunschliste, Produktkonfigurator, Multi-Lager-Verwaltung und Anbindung an Warenwirtschaftssystem.",74,98912,DE,DE-NW,PHP,Neuentwicklung,2,2018,mittel,E-Commerce Platform,1.0,57
"Maßgeschneiderte E-Commerce-Plattform für Koch Industries mit 2.000+ Produkten, Kundenkonto-Bereich, Wunschliste, Produktkonfigurator, Multi-Lager-Verwaltung und Anbindung an Warenwirtschaftssystem.",79,174566,CH,CH,PHP,Neuentwicklung,2,2024,mittel,E-Commerce Platform,0.78,105
"Business-Intelligence-Tool für Wagner Immobilien mit automatisierten Tagesberichten, interaktiven Drill-Down-Charts, Anomalie-Erkennung bei KPIs, Slack-Integration für Alerts und Export-Funktion.",50,68476,DE,DE-BE,Python/ML,Neuentwicklung,2,2022,mittel,Reporting & Analytics Tool,0.92,84
"Churn-Prediction-System für Krüger Education. Feature Engineering auf 50+ Variablen, XGBoost-Ensemble, SHAP-Erklärbarkeit, automatische Handlungsempfehlungen, A/B-Test-Framework zur Validierung.",92,286395,DE,DE-NW,Python/ML,Neuentwicklung,4,2023,gross,ML Predictive Analytics,0.85,91
"Terminbuchungsportal für Krüger Education (bis 5 Mitarbeiter). Kundenlogin, Verfügbarkeitsprüfung in Echtzeit, iCal-Export, SMS-Erinnerungen via Twilio, DSGVO-konformes Datenschutz-Setup.",47,24920,DE,DE-HE,JavaScript,Neuentwicklung,1,2021,klein,Buchungssystem klein,0.97,76
"Unternehmenswebsite für Zimmermann IT auf WordPress-Basis. Custom-Theme-Entwicklung, WooCommerce-Integration für digitale Downloads, SEO-Plugin-Konfiguration, Hosting-Setup.",17,11161,CH,CH,PHP,Neuentwicklung,1,2018,klein,WordPress Website,1.0,88
"Integration-Layer für Weiß Transport. Apache Kafka, 6 Kafka-Topics, Schema-Registry, Dead-Letter-Queue, automatisches Alerting bei Verarbeitungsfehlern, API-Rate-Limit-Management.",56,152694,CH,CH,Backend,Neuentwicklung,3,2024,mittel,API-Integration Middleware,0.78,129
"Intelligentes Archivierungssystem für Schulz Media. OCR-Pipeline für Papierdokumente, ML-Modell zur Erkennung von Dokumententypen (98% Accuracy), automatische Metadaten-Extraktion, API für Drittsysteme.",222,991354,DE,DE-HH,Python/ML,Neuentwicklung,7,2024,gross,ML Dokumentenmanagement,0.78,99
"Vertriebssteuerungs-CRM für Neumann Services. React, GraphQL API, Angebots-Erstellung mit PDF-Export, Wiedervorlage-System, Outlook-Kalender-Synchronisation, Mobilansicht für Außendienst.",98,134149,AT,AT,JavaScript,Neuentwicklung,3,2019,mittel,CRM-System,1.0,70
"Middleware-Lösung für Schwarz Energie zur Anbindung von 4 Drittsystemen (CRM, ERP, Shop, Versand). Message-Queue via RabbitMQ, Retry-Logik, Monitoring-Dashboard, detailliertes Fehler-Logging.",45,96665,AT,AT,Backend,Neuentwicklung,3,2026,mittel,API-Integration Middleware,0.68,90
"Online-Buchungssystem für Meier Manufacturing mit Kalenderansicht, automatischen E-Mail-Erinnerungen, Zahlungsintegration via Stripe und Admin-Backend zur Terminverwaltung. React Frontend, Node.js Backend.",27,20652,DE,DE-BW,JavaScript,Neuentwicklung,1,2023,klein,Buchungssystem klein,0.85,84
"Vertriebssteuerungs-CRM für Braun Logistics. React, GraphQL API, Angebots-Erstellung mit PDF-Export, Wiedervorlage-System, Outlook-Kalender-Synchronisation, Mobilansicht für Außendienst.",92,132539,DE,DE-SN,JavaScript,Neuentwicklung,3,2022,mittel,CRM-System,0.92,65
"REST API für Bauer Digital mit 8 Endpoints, JWT-Authentifizierung, PostgreSQL-Datenbank, automatischer Swagger-Dokumentation und Docker-Containerisierung für einfaches Deployment.",32,22009,DE,DE-BY,Backend,Neuentwicklung,1,2019,klein,REST API einfach,1.0,80
"WooCommerce-Shop für Weber Consulting mit bis zu 200 Produkten, Stripe- und PayPal-Zahlungsanbindung, automatisierter Bestellbestätigung per E-Mail und einfacher Lagerverwaltung.",22,13933,DE,DE-BE,PHP,Neuentwicklung,1,2025,klein,Einfacher Online-Shop,0.72,68
"Churn-Prediction-System für Becker Pharma. Feature Engineering auf 50+ Variablen, XGBoost-Ensemble, SHAP-Erklärbarkeit, automatische Handlungsempfehlungen, A/B-Test-Framework zur Validierung.",118,400004,DE,DE-SN,Python/ML,Neuentwicklung,7,2018,gross,ML Predictive Analytics,1.0,67
"KI-gestütztes Dokumentenmanagementsystem für Köhler Automotive mit automatischer Klassifikation per NLP (BERT), Volltextsuche via Elasticsearch, Versionierung, Zugriffsrollen und DSGVO-konformem Hosting auf deutschen Servern.",105,503967,CH,CH,Python/ML,Neuentwicklung,4,2026,gross,ML Dokumentenmanagement,0.68,152
"Unternehmensportal für Braun Logistics (800 Mitarbeiter) mit bidirektionaler SAP HR-Schnittstelle, SSO via Azure AD, Urlaubsmanagement, Zeiterfassung, Gehaltsabruf und Weiterbildungsmodul. React Frontend, Java Spring Boot Backend.",193,989032,DE,DE-HE,SAP,Neuentwicklung,6,2025,gross,SAP-Integration Portal,0.72,126
"Flutter-App für Lange Finance. Kartenintegration via Google Maps, Foto-Upload mit Bildkomprimierung, Echtzeit-Chat via WebSocket, Biometrie-Login, automatische App-Store-Deployment-Pipeline.",43,107888,DE,DE-BY,Mobile,Neuentwicklung,3,2025,mittel,Mobile App mittel,0.72,102
"Migration der Altdaten von Krause Retail aus Legacy-System (MS Access) in neue PostgreSQL-Datenbank. ETL-Pipeline, Datenbereinigung, Validierungsregeln, Testläufe mit Rollback-Funktion, Dokumentation.",66,135365,CH,CH,Backend,Migration,3,2021,mittel,Datenmigraton,1.0,118
"WooCommerce-Shop für Schmidt AG mit bis zu 200 Produkten, Stripe- und PayPal-Zahlungsanbindung, automatisierter Bestellbestätigung per E-Mail und einfacher Lagerverwaltung.",35,15508,AT,AT,PHP,Neuentwicklung,1,2020,klein,Einfacher Online-Shop,1.0,60
"Analyse-Dashboard für Becker Pharma mit Python Dash, Anbindung an 3 Datenquellen, Zeitreihenanalyse, Prognose-Modell für nächste 30 Tage, rollenbasierte Sichtbarkeit.",45,76215,DE,DE-BY,Python/ML,Neuentwicklung,2,2022,mittel,Reporting & Analytics Tool,0.92,96
"Vertriebssteuerungs-CRM für Becker & Partner. React, GraphQL API, Angebots-Erstellung mit PDF-Export, Wiedervorlage-System, Outlook-Kalender-Synchronisation, Mobilansicht für Außendienst.",116,192756,CH,CH,JavaScript,Neuentwicklung,2,2020,mittel,CRM-System,1.0,110
"Wartung und Erweiterung des bestehenden WordPress-Systems von Wagner Immobilien. Plugin-Updates, Sicherheits-Audit, neue Such- und Filterfunktionen, Optimierung der Ladezeiten auf unter 2 Sekunden.",22,10309,DE,DE-BE,PHP,Weiterentwicklung,1,2024,klein,Legacy Bugfixing & Weiterentwicklung,0.78,66
"REST API für Schäfer Insurance mit 8 Endpoints, JWT-Authentifizierung, PostgreSQL-Datenbank, automatischer Swagger-Dokumentation und Docker-Containerisierung für einfaches Deployment.",31,16429,AT,AT,Backend,Neuentwicklung,1,2018,klein,REST API einfach,1.0,71
"Wartung und Erweiterung des bestehenden WordPress-Systems von Meier Manufacturing. Plugin-Updates, Sicherheits-Audit, neue Such- und Filterfunktionen, Optimierung der Ladezeiten auf unter 2 Sekunden.",19,11730,DE,DE-HE,PHP,Weiterentwicklung,1,2026,klein,Legacy Bugfixing & Weiterentwicklung,0.68,75
"Maßgeschneiderte E-Commerce-Plattform für Weber Consulting mit 2.000+ Produkten, Kundenkonto-Bereich, Wunschliste, Produktkonfigurator, Multi-Lager-Verwaltung und Anbindung an Warenwirtschaftssystem.",50,85592,DE,DE-SN,PHP,Neuentwicklung,3,2024,mittel,E-Commerce Platform,0.78,59
"Unternehmenswebsite für Maier Group auf WordPress-Basis. Custom-Theme-Entwicklung, WooCommerce-Integration für digitale Downloads, SEO-Plugin-Konfiguration, Hosting-Setup.",10,7053,AT,AT,PHP,Neuentwicklung,1,2026,klein,WordPress Website,0.68,73
"Buchungs- und Reservierungsplattform für Müller GmbH mit Multi-Location-Support, dynamischer Preisgestaltung, Gruppenreservierungen, Stornogebühren-Logik und Anbindung an Zahlungsanbieter.",55,59805,DE,DE-SN,JavaScript,Neuentwicklung,2,2025,mittel,Buchungssystem mittel,0.72,72
"B2B-Online-Shop für Krause Retail. Shopware 6, kundenspezifische Preislisten, Bestelllimits, CSV-Massenimport, ERP-Schnittstelle zu SAP Business One, Rechnungsstellung per EDI.",75,153571,DE,DE-BW,PHP,Neuentwicklung,3,2025,mittel,E-Commerce Platform,0.72,76
"Datenmigration für Schulz Media von Oracle 11g auf PostgreSQL 15. Schema-Mapping, Stored-Procedure-Umschreibung, Performance-Tests, Zero-Downtime-Migration mit Dual-Write-Ansatz.",28,55518,AT,AT,Backend,Migration,3,2022,mittel,Datenmigraton,1.0,80
"Microservice-API für Bauer Digital. Python FastAPI, 5 CRUD-Endpoints, Rate-Limiting, API-Key-Verwaltung, automatisierte Tests mit pytest, CI/CD-Pipeline via GitHub Actions.",26,14072,DE,DE-SN,Backend,Neuentwicklung,1,2022,klein,REST API einfach,0.92,69
"REST API für Köhler Automotive mit 8 Endpoints, JWT-Authentifizierung, PostgreSQL-Datenbank, automatischer Swagger-Dokumentation und Docker-Containerisierung für einfaches Deployment.",18,15188,DE,DE-BW,Backend,Neuentwicklung,1,2024,klein,REST API einfach,0.78,90
"Responsive Landing Page für Schulz Media mit Kontaktformular, SEO-Optimierung und Google Analytics Integration. Design nach Kundenvorgabe in Figma, Umsetzung mit React und Tailwind CSS.",5,6170,DE,DE-BY,JavaScript,Neuentwicklung,1,2023,klein,Landing Page,0.85,86
"Datenmigration für Fischer Handel von Oracle 11g auf PostgreSQL 15. Schema-Mapping, Stored-Procedure-Umschreibung, Performance-Tests, Zero-Downtime-Migration mit Dual-Write-Ansatz.",77,142493,AT,AT,Backend,Migration,3,2026,mittel,Datenmigraton,1.0,90
"WooCommerce-Shop für Müller GmbH mit bis zu 200 Produkten, Stripe- und PayPal-Zahlungsanbindung, automatisierter Bestellbestätigung per E-Mail und einfacher Lagerverwaltung.",16,10845,DE,DE-HE,PHP,Neuentwicklung,1,2018,klein,Einfacher Online-Shop,1.0,59
"Online-Buchungssystem für Becker & Partner mit Kalenderansicht, automatischen E-Mail-Erinnerungen, Zahlungsintegration via Stripe und Admin-Backend zur Terminverwaltung. React Frontend, Node.js Backend.",28,23431,DE,DE-BY,JavaScript,Neuentwicklung,1,2026,klein,Buchungssystem klein,0.68,94
"Middleware-Lösung für Meier Manufacturing zur Anbindung von 4 Drittsystemen (CRM, ERP, Shop, Versand). Message-Queue via RabbitMQ, Retry-Logik, Monitoring-Dashboard, detailliertes Fehler-Logging.",83,219562,CH,CH,Backend,Neuentwicklung,3,2019,mittel,API-Integration Middleware,1.0,112
"B2B-Online-Shop für Wolf Systems. Shopware 6, kundenspezifische Preislisten, Bestelllimits, CSV-Massenimport, ERP-Schnittstelle zu SAP Business One, Rechnungsstellung per EDI.",107,175968,CH,CH,PHP,Neuentwicklung,2,2024,mittel,E-Commerce Platform,0.78,105
"Analyse-Dashboard für Hoffmann Solutions mit Python Dash, Anbindung an 3 Datenquellen, Zeitreihenanalyse, Prognose-Modell für nächste 30 Tage, rollenbasierte Sichtbarkeit.",72,100779,AT,AT,Python/ML,Neuentwicklung,2,2023,mittel,Reporting & Analytics Tool,0.85,91
"KI-gestütztes Dokumentenmanagementsystem für Neumann Services mit automatischer Klassifikation per NLP (BERT), Volltextsuche via Elasticsearch, Versionierung, Zugriffsrollen und DSGVO-konformem Hosting auf deutschen Servern.",163,393255,DE,DE-NW,Python/ML,Neuentwicklung,3,2025,gross,ML Dokumentenmanagement,0.72,96
"Microservice-API für Schwarz Energie. Python FastAPI, 5 CRUD-Endpoints, Rate-Limiting, API-Key-Verwaltung, automatisierte Tests mit pytest, CI/CD-Pipeline via GitHub Actions.",28,18830,DE,DE-HE,Backend,Neuentwicklung,1,2023,klein,REST API einfach,0.85,85
"Predictive-Analytics-Plattform für Bauer Digital. Nachfrageprognose mit LSTM-Modell (MAPE < 8%), Anomalie-Erkennung im Produktionsprozess, MLflow für Modell-Versionierung, REST API für ERP-Anbindung, monatliches Retraining.",233,480683,DE,DE-HE,Python/ML,Neuentwicklung,3,2021,gross,ML Predictive Analytics,0.97,88
"KPI-Dashboard für Wagner Immobilien. Vue.js Frontend, Echtzeit-Daten via WebSocket, 6 Chart-Typen, automatische E-Mail-Reports, Filterung nach Zeitraum und Region.",44,35106,CH,CH,JavaScript,Neuentwicklung,1,2023,klein,Dashboard einfach,0.85,120
"WordPress-Website für Zimmermann IT mit 8 Unterseiten, Blog-Funktion, mehrsprachigem Plugin (WPML), individuell entwickeltem Child-Theme und Kontaktformular mit DSGVO-konformer Datenspeicherung.",12,6409,DE,DE-HE,PHP,Neuentwicklung,1,2022,klein,WordPress Website,0.92,66
"Business-Intelligence-Tool für Koch Industries mit automatisierten Tagesberichten, interaktiven Drill-Down-Charts, Anomalie-Erkennung bei KPIs, Slack-Integration für Alerts und Export-Funktion.",93,150469,AT,AT,Python/ML,Neuentwicklung,3,2020,mittel,Reporting & Analytics Tool,1.0,84
"Einzel-Landing-Page für Produktlaunch von Wagner Immobilien. A/B-Testing-fähig, mehrsprachig (DE/EN), mit CMS-Anbindung für eigenständige Inhaltspflege. Mobile-first Ansatz.",11,4715,DE,DE-TH,JavaScript,Neuentwicklung,1,2023,klein,Landing Page,0.85,66
"Event-Ticketing-System für Frank Legal. Next.js, Seat-Map-Visualisierung, QR-Code-Ticket-Generierung, Warteliste, Gutscheinverwaltung, automatische Kapazitätssteuerung.",78,102207,DE,DE-TH,JavaScript,Neuentwicklung,3,2023,mittel,Buchungssystem mittel,0.85,66
"Churn-Prediction-System für Hoffmann Solutions. Feature Engineering auf 50+ Variablen, XGBoost-Ensemble, SHAP-Erklärbarkeit, automatische Handlungsempfehlungen, A/B-Test-Framework zur Validierung.",239,539344,AT,AT,Python/ML,Neuentwicklung,4,2022,gross,ML Predictive Analytics,0.92,88
"Responsive Landing Page für Neumann Services mit Kontaktformular, SEO-Optimierung und Google Analytics Integration. Design nach Kundenvorgabe in Figma, Umsetzung mit React und Tailwind CSS.",12,6075,DE,DE-BW,JavaScript,Neuentwicklung,1,2023,klein,Landing Page,0.85,84
"Buchungs- und Reservierungsplattform für Wolf Systems mit Multi-Location-Support, dynamischer Preisgestaltung, Gruppenreservierungen, Stornogebühren-Logik und Anbindung an Zahlungsanbieter.",86,132165,DE,DE-HE,JavaScript,Neuentwicklung,3,2020,mittel,Buchungssystem mittel,1.0,74
"WooCommerce-Shop für Lange Finance mit bis zu 200 Produkten, Stripe- und PayPal-Zahlungsanbindung, automatisierter Bestellbestätigung per E-Mail und einfacher Lagerverwaltung.",14,11242,DE,DE-NW,PHP,Neuentwicklung,1,2025,klein,Einfacher Online-Shop,0.72,71
"Buchungs- und Reservierungsplattform für Frank Legal mit Multi-Location-Support, dynamischer Preisgestaltung, Gruppenreservierungen, Stornogebühren-Logik und Anbindung an Zahlungsanbieter.",63,116631,DE,DE-HE,JavaScript,Neuentwicklung,3,2025,mittel,Buchungssystem mittel,0.72,86
"WordPress-Website für Lange Finance mit 8 Unterseiten, Blog-Funktion, mehrsprachigem Plugin (WPML), individuell entwickeltem Child-Theme und Kontaktformular mit DSGVO-konformer Datenspeicherung.",13,16064,CH,CH,PHP,Neuentwicklung,1,2024,klein,WordPress Website,0.78,105
"REST API für Schmidt AG mit 8 Endpoints, JWT-Authentifizierung, PostgreSQL-Datenbank, automatischer Swagger-Dokumentation und Docker-Containerisierung für einfaches Deployment.",18,10723,DE,DE-TH,Backend,Neuentwicklung,1,2025,klein,REST API einfach,0.72,73
"HR-Self-Service-Portal für Schäfer Insurance (150 Mitarbeiter). Vue.js, REST API, Gehaltsabruf-Modul, Weiterbildungskalender, digitale Personalakte, rollenbasierte Zugriffsrechte, DSGVO-konformes Audit-Log.",78,120257,DE,DE-SN,JavaScript,Neuentwicklung,3,2021,mittel,Mitarbeiterportal,0.97,63
"Wartung und Erweiterung des bestehenden WordPress-Systems von Wagner Immobilien. Plugin-Updates, Sicherheits-Audit, neue Such- und Filterfunktionen, Optimierung der Ladezeiten auf unter 2 Sekunden.",28,13981,DE,DE-HH,PHP,Weiterentwicklung,1,2021,klein,Legacy Bugfixing & Weiterentwicklung,0.97,66
"Integration-Layer für Frank Legal. Apache Kafka, 6 Kafka-Topics, Schema-Registry, Dead-Letter-Queue, automatisches Alerting bei Verarbeitungsfehlern, API-Rate-Limit-Management.",57,99369,CH,CH,Backend,Neuentwicklung,2,2024,mittel,API-Integration Middleware,0.78,129
"Microservice-API für Maier Group. Python FastAPI, 5 CRUD-Endpoints, Rate-Limiting, API-Key-Verwaltung, automatisierte Tests mit pytest, CI/CD-Pipeline via GitHub Actions.",32,17180,DE,DE-HE,Backend,Neuentwicklung,1,2024,klein,REST API einfach,0.78,87
"B2B-Handelsplattform für Braun Logistics. Microservices-Architektur (12 Services), Kubernetes-Deployment, Punchout-Katalog für EDI-Anbindung, dynamische Preislogik, Self-Service-Kundenportal.",237,710385,DE,DE-HH,Java,Neuentwicklung,4,2022,gross,Enterprise E-Commerce,0.92,86
"Intelligentes Archivierungssystem für Müller GmbH. OCR-Pipeline für Papierdokumente, ML-Modell zur Erkennung von Dokumententypen (98% Accuracy), automatische Metadaten-Extraktion, API für Drittsysteme.",182,519827,DE,DE-BY,Python/ML,Neuentwicklung,4,2021,gross,ML Dokumentenmanagement,0.97,94
"Unternehmensportal für Fischer Handel (800 Mitarbeiter) mit bidirektionaler SAP HR-Schnittstelle, SSO via Azure AD, Urlaubsmanagement, Zeiterfassung, Gehaltsabruf und Weiterbildungsmodul. React Frontend, Java Spring Boot Backend.",237,1727575,CH,CH,SAP,Neuentwicklung,7,2023,gross,SAP-Integration Portal,0.85,176
"Vollständige Neuentwicklung des Kernbanksystems von Köhler Automotive. Java Spring Boot Microservices, Event Sourcing, CQRS, Migrationsskripte für 2 Mio. Datensätze, Compliance-Anforderungen BaFin.",417,1915813,CH,CH,Java,Migration,4,2026,gross,Legacy Migration Enterprise,1.0,142
"Middleware-Lösung für Krause Retail zur Anbindung von 4 Drittsystemen (CRM, ERP, Shop, Versand). Message-Queue via RabbitMQ, Retry-Logik, Monitoring-Dashboard, detailliertes Fehler-Logging.",23,48522,DE,DE-TH,Backend,Neuentwicklung,3,2024,mittel,API-Integration Middleware,0.78,71
"Middleware-Lösung für Zimmermann IT zur Anbindung von 4 Drittsystemen (CRM, ERP, Shop, Versand). Message-Queue via RabbitMQ, Retry-Logik, Monitoring-Dashboard, detailliertes Fehler-Logging.",49,92617,DE,DE-BE,Backend,Neuentwicklung,3,2025,mittel,API-Integration Middleware,0.72,84
"Flutter-App für Hartmann Health. Kartenintegration via Google Maps, Foto-Upload mit Bildkomprimierung, Echtzeit-Chat via WebSocket, Biometrie-Login, automatische App-Store-Deployment-Pipeline.",107,211129,DE,DE-BY,Mobile,Neuentwicklung,3,2020,mittel,Mobile App mittel,1.0,87
"Wartung und Erweiterung des bestehenden WordPress-Systems von Frank Legal. Plugin-Updates, Sicherheits-Audit, neue Such- und Filterfunktionen, Optimierung der Ladezeiten auf unter 2 Sekunden.",8,7618,CH,CH,PHP,Weiterentwicklung,1,2023,klein,Legacy Bugfixing & Weiterentwicklung,0.85,102
"Unternehmenswebsite für Schwarz Energie auf WordPress-Basis. Custom-Theme-Entwicklung, WooCommerce-Integration für digitale Downloads, SEO-Plugin-Konfiguration, Hosting-Setup.",26,20019,CH,CH,PHP,Neuentwicklung,1,2022,klein,WordPress Website,0.92,99
"Flutter-App für Schulz Media. Kartenintegration via Google Maps, Foto-Upload mit Bildkomprimierung, Echtzeit-Chat via WebSocket, Biometrie-Login, automatische App-Store-Deployment-Pipeline.",142,137412,DE,DE-SN,Mobile,Neuentwicklung,2,2019,mittel,Mobile App mittel,1.0,66
"Unternehmenswebsite für Richter Tech auf WordPress-Basis. Custom-Theme-Entwicklung, WooCommerce-Integration für digitale Downloads, SEO-Plugin-Konfiguration, Hosting-Setup.",9,6104,AT,AT,PHP,Neuentwicklung,1,2025,klein,WordPress Website,0.72,71
"Flutter-App für Braun Logistics. Kartenintegration via Google Maps, Foto-Upload mit Bildkomprimierung, Echtzeit-Chat via WebSocket, Biometrie-Login, automatische App-Store-Deployment-Pipeline.",122,200059,DE,DE-HE,Mobile,Neuentwicklung,3,2019,mittel,Mobile App mittel,1.0,79
"Intelligentes Archivierungssystem für Maier Group. OCR-Pipeline für Papierdokumente, ML-Modell zur Erkennung von Dokumententypen (98% Accuracy), automatische Metadaten-Extraktion, API für Drittsysteme.",137,377111,DE,DE-SN,Python/ML,Neuentwicklung,4,2025,gross,ML Dokumentenmanagement,0.72,82
"Unternehmensweite Prozessplattform für Krüger Education auf .NET 8 Basis. Workflow-Engine für 20 Genehmigungsprozesse, Power BI Embedded für Berichte, Azure AD Integration, On-Premise-Deployment auf Kundensystemen.",201,405076,DE,DE-SN,.NET,Neuentwicklung,3,2025,gross,.NET Enterprise Platform,0.72,75
"Middleware-Lösung für Schulz Media zur Anbindung von 4 Drittsystemen (CRM, ERP, Shop, Versand). Message-Queue via RabbitMQ, Retry-Logik, Monitoring-Dashboard, detailliertes Fehler-Logging.",83,109480,DE,DE-HH,Backend,Neuentwicklung,2,2021,mittel,API-Integration Middleware,0.97,81
"Shopify-Onlineshop für Krause Retail. Custom-Theme, bis zu 500 Produkte, Anbindung an DHL-Versandschnittstelle, Gutscheinsystem, Produktbewertungen und Newsletter-Integration.",31,25621,CH,CH,PHP,Neuentwicklung,1,2021,klein,Einfacher Online-Shop,0.97,96
"Vertriebssteuerungs-CRM für Krüger Education. React, GraphQL API, Angebots-Erstellung mit PDF-Export, Wiedervorlage-System, Outlook-Kalender-Synchronisation, Mobilansicht für Außendienst.",81,145418,DE,DE-HE,JavaScript,Neuentwicklung,3,2022,mittel,CRM-System,0.92,78
"Digitalisierungsplattform für Neumann Services. ASP.NET Core, Blazor WebAssembly Frontend, Azure Service Bus, 15 Microservices, DevOps-Pipeline mit automatisierten Tests, ITIL-konformes Change Management.",227,945684,CH,CH,.NET,Neuentwicklung,4,2021,gross,.NET Enterprise Platform,0.97,118
"Event-Ticketing-System für Hoffmann Solutions. Next.js, Seat-Map-Visualisierung, QR-Code-Ticket-Generierung, Warteliste, Gutscheinverwaltung, automatische Kapazitätssteuerung.",51,94289,AT,AT,JavaScript,Neuentwicklung,3,2024,mittel,Buchungssystem mittel,0.78,81
"KPI-Dashboard für Becker & Partner. Vue.js Frontend, Echtzeit-Daten via WebSocket, 6 Chart-Typen, automatische E-Mail-Reports, Filterung nach Zeitraum und Region.",35,33023,CH,CH,JavaScript,Neuentwicklung,1,2021,klein,Dashboard einfach,0.97,113
"Integration-Layer für Köhler Automotive. Apache Kafka, 6 Kafka-Topics, Schema-Registry, Dead-Letter-Queue, automatisches Alerting bei Verarbeitungsfehlern, API-Rate-Limit-Management.",99,113262,AT,AT,Backend,Neuentwicklung,2,2022,mittel,API-Integration Middleware,0.92,80
"Weiterentwicklung und Bugfixing der bestehenden PHP-Anwendung von Becker Pharma. Code-Review, Behebung von 15 kritischen Bugs, Performance-Optimierung der Datenbankabfragen, Upgrade auf PHP 8.2.",8,6833,DE,DE-SN,PHP,Weiterentwicklung,1,2019,klein,Legacy Bugfixing & Weiterentwicklung,1.0,51
"Internes Mitarbeiterportal für Klein Software (80 Nutzer) mit SSO-Anbindung via Azure AD, Urlaubsantrag-Workflow, Dokumentenverwaltung, News-Feed und Organigramm-Darstellung. React Frontend, Node.js Backend, PostgreSQL.",100,139947,DE,DE-BY,JavaScript,Neuentwicklung,2,2024,mittel,Mitarbeiterportal,0.78,89
"SAP S/4HANA-Anbindung für Köhler Automotive. Fiori-ähnliches Portal, RFC-Schnittstellen für MM/PP/FI, Custom ABAP-Entwicklung, Echtzeit-Datensynchronisation, Rollout auf 3 Werke.",229,606295,AT,AT,SAP,Neuentwicklung,3,2022,gross,SAP-Integration Portal,0.92,112
"Online-Buchungssystem für Köhler Automotive mit Kalenderansicht, automatischen E-Mail-Erinnerungen, Zahlungsintegration via Stripe und Admin-Backend zur Terminverwaltung. React Frontend, Node.js Backend.",25,23551,CH,CH,JavaScript,Neuentwicklung,1,2022,klein,Buchungssystem klein,0.92,116
"Management-Dashboard für Fischer Handel zur Visualisierung von Verkaufszahlen. React mit Recharts, Datenbankanbindung über bestehende API, Exportfunktion als PDF/Excel, Nutzerrollen-System.",18,14063,DE,DE-NW,JavaScript,Neuentwicklung,1,2025,klein,Dashboard einfach,0.72,84
"Microservice-API für Wagner Immobilien. Python FastAPI, 5 CRUD-Endpoints, Rate-Limiting, API-Key-Verwaltung, automatisierte Tests mit pytest, CI/CD-Pipeline via GitHub Actions.",16,9419,DE,DE-TH,Backend,Neuentwicklung,1,2023,klein,REST API einfach,0.85,69
"Management-Dashboard für Weber Consulting zur Visualisierung von Verkaufszahlen. React mit Recharts, Datenbankanbindung über bestehende API, Exportfunktion als PDF/Excel, Nutzerrollen-System.",40,21714,AT,AT,JavaScript,Neuentwicklung,1,2018,klein,Dashboard einfach,1.0,68
"Wartung und Erweiterung des bestehenden WordPress-Systems von Richter Tech. Plugin-Updates, Sicherheits-Audit, neue Such- und Filterfunktionen, Optimierung der Ladezeiten auf unter 2 Sekunden.",31,18381,DE,DE-BW,PHP,Weiterentwicklung,1,2024,klein,Legacy Bugfixing & Weiterentwicklung,0.78,73
"Digitales Patientenportal für Braun Logistics mit KV-Anbindung, HL7 FHIR Schnittstelle, Telematikinfrastruktur-Anbindung, ePA-Integration, DSGVO- und KRITIS-konformes Sicherheitskonzept.",498,1743173,DE,DE-NW,Java,Neuentwicklung,6,2022,gross,Gesundheitswesenportal,0.92,82
"Einzel-Landing-Page für Produktlaunch von Schäfer Insurance. A/B-Testing-fähig, mehrsprachig (DE/EN), mit CMS-Anbindung für eigenständige Inhaltspflege. Mobile-first Ansatz.",5,5765,DE,DE-HH,JavaScript,Neuentwicklung,1,2025,klein,Landing Page,0.72,88
"Event-Ticketing-System für Hartmann Health. Next.js, Seat-Map-Visualisierung, QR-Code-Ticket-Generierung, Warteliste, Gutscheinverwaltung, automatische Kapazitätssteuerung.",81,84030,DE,DE-TH,JavaScript,Neuentwicklung,3,2019,mittel,Buchungssystem mittel,1.0,58
"Business-Intelligence-Tool für Braun Logistics mit automatisierten Tagesberichten, interaktiven Drill-Down-Charts, Anomalie-Erkennung bei KPIs, Slack-Integration für Alerts und Export-Funktion.",66,121155,DE,DE-BY,Python/ML,Neuentwicklung,3,2021,mittel,Reporting & Analytics Tool,0.97,94
"Flutter-App für Krause Retail. Kartenintegration via Google Maps, Foto-Upload mit Bildkomprimierung, Echtzeit-Chat via WebSocket, Biometrie-Login, automatische App-Store-Deployment-Pipeline.",38,81227,DE,DE-BY,Mobile,Neuentwicklung,2,2024,mittel,Mobile App mittel,0.78,98
"Responsive Landing Page für Klein Software mit Kontaktformular, SEO-Optimierung und Google Analytics Integration. Design nach Kundenvorgabe in Figma, Umsetzung mit React und Tailwind CSS.",11,6847,DE,DE-NW,JavaScript,Neuentwicklung,1,2021,klein,Landing Page,0.97,74
"Terminbuchungsportal für Zimmermann IT (bis 5 Mitarbeiter). Kundenlogin, Verfügbarkeitsprüfung in Echtzeit, iCal-Export, SMS-Erinnerungen via Twilio, DSGVO-konformes Datenschutz-Setup.",30,30703,CH,CH,JavaScript,Neuentwicklung,1,2025,klein,Buchungssystem klein,0.72,128
"Unternehmenswebsite für Meier Manufacturing auf WordPress-Basis. Custom-Theme-Entwicklung, WooCommerce-Integration für digitale Downloads, SEO-Plugin-Konfiguration, Hosting-Setup.",11,5568,DE,DE-BW,PHP,Neuentwicklung,1,2021,klein,WordPress Website,0.97,67
"Terminbuchungsportal für Krause Retail (bis 5 Mitarbeiter). Kundenlogin, Verfügbarkeitsprüfung in Echtzeit, iCal-Export, SMS-Erinnerungen via Twilio, DSGVO-konformes Datenschutz-Setup.",43,24683,DE,DE-HH,JavaScript,Neuentwicklung,1,2024,klein,Buchungssystem klein,0.78,85
"B2B-Online-Shop für Braun Logistics. Shopware 6, kundenspezifische Preislisten, Bestelllimits, CSV-Massenimport, ERP-Schnittstelle zu SAP Business One, Rechnungsstellung per EDI.",78,106467,DE,DE-NW,PHP,Neuentwicklung,3,2022,mittel,E-Commerce Platform,0.92,65
"Internes Mitarbeiterportal für Frank Legal (80 Nutzer) mit SSO-Anbindung via Azure AD, Urlaubsantrag-Workflow, Dokumentenverwaltung, News-Feed und Organigramm-Darstellung. React Frontend, Node.js Backend, PostgreSQL.",81,97544,AT,AT,JavaScript,Neuentwicklung,2,2019,mittel,Mitarbeiterportal,1.0,70
"Middleware-Lösung für Müller GmbH zur Anbindung von 4 Drittsystemen (CRM, ERP, Shop, Versand). Message-Queue via RabbitMQ, Retry-Logik, Monitoring-Dashboard, detailliertes Fehler-Logging.",60,147799,CH,CH,Backend,Neuentwicklung,2,2022,mittel,API-Integration Middleware,0.92,123
"Maßgeschneidertes CRM für Wagner Immobilien mit Kontaktverwaltung, Pipeline-Tracking, E-Mail-Integration via IMAP/SMTP, Aktivitäten-Log, Reporting-Dashboard und CSV-Import für Bestandsdaten.",61,104943,DE,DE-TH,JavaScript,Neuentwicklung,3,2025,mittel,CRM-System,0.72,70
"Enterprise-E-Commerce-Plattform für Weber Consulting mit 50.000+ Produkten, Multi-Mandanten-Fähigkeit, Echtzeit-Bestandssynchronisation, KI-gestützter Produktempfehlung, A/B-Testing-Framework und DACH-Lokalisierung.",284,1133379,CH,CH,Java,Neuentwicklung,4,2024,gross,Enterprise E-Commerce,0.78,134
"WordPress-Website für Klein Software mit 8 Unterseiten, Blog-Funktion, mehrsprachigem Plugin (WPML), individuell entwickeltem Child-Theme und Kontaktformular mit DSGVO-konformer Datenspeicherung.",7,5143,AT,AT,PHP,Neuentwicklung,1,2019,klein,WordPress Website,1.0,59
"Migration der Altdaten von Koch Industries aus Legacy-System (MS Access) in neue PostgreSQL-Datenbank. ETL-Pipeline, Datenbereinigung, Validierungsregeln, Testläufe mit Rollback-Funktion, Dokumentation.",75,168793,CH,CH,Backend,Migration,3,2020,mittel,Datenmigraton,1.0,115
"Predictive-Analytics-Plattform für Maier Group. Nachfrageprognose mit LSTM-Modell (MAPE < 8%), Anomalie-Erkennung im Produktionsprozess, MLflow für Modell-Versionierung, REST API für ERP-Anbindung, monatliches Retraining.",182,830881,CH,CH,Python/ML,Neuentwicklung,5,2019,gross,ML Predictive Analytics,1.0,123
"Cross-Platform-App (iOS & Android) für Maier Group mit 12 Screens, Nutzerregistrierung, Push-Notifications, Offline-Fähigkeit durch lokale SQLite-Datenbank und REST-API-Anbindung. React Native.",96,169971,AT,AT,Mobile,Neuentwicklung,3,2024,mittel,Mobile App mittel,0.78,90
"Vertriebssteuerungs-CRM für Zimmermann IT. React, GraphQL API, Angebots-Erstellung mit PDF-Export, Wiedervorlage-System, Outlook-Kalender-Synchronisation, Mobilansicht für Außendienst.",64,93010,DE,DE-BW,JavaScript,Neuentwicklung,2,2024,mittel,CRM-System,0.78,87
"Middleware-Lösung für Krause Retail zur Anbindung von 4 Drittsystemen (CRM, ERP, Shop, Versand). Message-Queue via RabbitMQ, Retry-Logik, Monitoring-Dashboard, detailliertes Fehler-Logging.",80,96184,DE,DE-NW,Backend,Neuentwicklung,2,2022,mittel,API-Integration Middleware,0.92,80
"Krankenhausinformationssystem-Modul für Hartmann Health. HL7-Messaging, DICOM-Viewer-Integration, Medikationsplan-Modul nach BMP-Standard, IHE-XDS-Dokumentenmanagement, BSI-Grundschutz.",299,610283,DE,DE-BY,Java,Neuentwicklung,3,2023,gross,Gesundheitswesenportal,0.85,93
"Digitales Patientenportal für Krause Retail mit KV-Anbindung, HL7 FHIR Schnittstelle, Telematikinfrastruktur-Anbindung, ePA-Integration, DSGVO- und KRITIS-konformes Sicherheitskonzept.",438,1294100,DE,DE-NW,Java,Neuentwicklung,6,2019,gross,Gesundheitswesenportal,1.0,75
"Weiterentwicklung und Bugfixing der bestehenden PHP-Anwendung von Krause Retail. Code-Review, Behebung von 15 kritischen Bugs, Performance-Optimierung der Datenbankabfragen, Upgrade auf PHP 8.2.",19,11943,DE,DE-BW,PHP,Weiterentwicklung,1,2026,klein,Legacy Bugfixing & Weiterentwicklung,0.68,78
"Vertriebssteuerungs-CRM für Neumann Services. React, GraphQL API, Angebots-Erstellung mit PDF-Export, Wiedervorlage-System, Outlook-Kalender-Synchronisation, Mobilansicht für Außendienst.",78,149003,CH,CH,JavaScript,Neuentwicklung,2,2026,mittel,CRM-System,0.68,131
"Cross-Platform-App (iOS & Android) für Frank Legal mit 12 Screens, Nutzerregistrierung, Push-Notifications, Offline-Fähigkeit durch lokale SQLite-Datenbank und REST-API-Anbindung. React Native.",116,142279,DE,DE-BE,Mobile,Neuentwicklung,2,2023,mittel,Mobile App mittel,0.85,83
"Wartung und Erweiterung des bestehenden WordPress-Systems von Lange Finance. Plugin-Updates, Sicherheits-Audit, neue Such- und Filterfunktionen, Optimierung der Ladezeiten auf unter 2 Sekunden.",26,11228,AT,AT,PHP,Weiterentwicklung,1,2020,klein,Legacy Bugfixing & Weiterentwicklung,1.0,60
"Unternehmenswebsite für Bauer Digital auf WordPress-Basis. Custom-Theme-Entwicklung, WooCommerce-Integration für digitale Downloads, SEO-Plugin-Konfiguration, Hosting-Setup.",16,10302,DE,DE-NW,PHP,Neuentwicklung,1,2020,klein,WordPress Website,1.0,60
"Business-Intelligence-Tool für Neumann Services mit automatisierten Tagesberichten, interaktiven Drill-Down-Charts, Anomalie-Erkennung bei KPIs, Slack-Integration für Alerts und Export-Funktion.",51,95271,DE,DE-NW,Python/ML,Neuentwicklung,3,2018,mittel,Reporting & Analytics Tool,1.0,78
"Management-Dashboard für Schmidt AG zur Visualisierung von Verkaufszahlen. React mit Recharts, Datenbankanbindung über bestehende API, Exportfunktion als PDF/Excel, Nutzerrollen-System.",47,38013,CH,CH,JavaScript,Neuentwicklung,1,2018,klein,Dashboard einfach,1.0,104
"Analyse-Dashboard für Weiß Transport mit Python Dash, Anbindung an 3 Datenquellen, Zeitreihenanalyse, Prognose-Modell für nächste 30 Tage, rollenbasierte Sichtbarkeit.",53,116437,DE,DE-BY,Python/ML,Neuentwicklung,3,2025,mittel,Reporting & Analytics Tool,0.72,105
"SAP S/4HANA-Anbindung für Weiß Transport. Fiori-ähnliches Portal, RFC-Schnittstellen für MM/PP/FI, Custom ABAP-Entwicklung, Echtzeit-Datensynchronisation, Rollout auf 3 Werke.",227,1069651,DE,DE-BW,SAP,Neuentwicklung,6,2025,gross,SAP-Integration Portal,0.72,131
"Management-Dashboard für Becker & Partner zur Visualisierung von Verkaufszahlen. React mit Recharts, Datenbankanbindung über bestehende API, Exportfunktion als PDF/Excel, Nutzerrollen-System.",15,11362,DE,DE-SN,JavaScript,Neuentwicklung,1,2026,klein,Dashboard einfach,0.68,73
"Analyse-Dashboard für Krause Retail mit Python Dash, Anbindung an 3 Datenquellen, Zeitreihenanalyse, Prognose-Modell für nächste 30 Tage, rollenbasierte Sichtbarkeit.",63,138689,CH,CH,Python/ML,Neuentwicklung,2,2021,mittel,Reporting & Analytics Tool,0.97,131
"Krankenhausinformationssystem-Modul für Köhler Automotive. HL7-Messaging, DICOM-Viewer-Integration, Medikationsplan-Modul nach BMP-Standard, IHE-XDS-Dokumentenmanagement, BSI-Grundschutz.",247,844802,DE,DE-BW,Java,Neuentwicklung,4,2022,gross,Gesundheitswesenportal,0.92,88
"Digitalisierungsplattform für Fischer Handel. ASP.NET Core, Blazor WebAssembly Frontend, Azure Service Bus, 15 Microservices, DevOps-Pipeline mit automatisierten Tests, ITIL-konformes Change Management.",283,915637,DE,DE-BE,.NET,Neuentwicklung,7,2021,gross,.NET Enterprise Platform,0.97,74
"Maßgeschneidertes CRM für Weiß Transport mit Kontaktverwaltung, Pipeline-Tracking, E-Mail-Integration via IMAP/SMTP, Aktivitäten-Log, Reporting-Dashboard und CSV-Import für Bestandsdaten.",44,99614,DE,DE-BY,JavaScript,Neuentwicklung,2,2026,mittel,CRM-System,0.68,94
"Event-Ticketing-System für Schulz Media. Next.js, Seat-Map-Visualisierung, QR-Code-Ticket-Generierung, Warteliste, Gutscheinverwaltung, automatische Kapazitätssteuerung.",96,96980,DE,DE-HE,JavaScript,Neuentwicklung,2,2022,mittel,Buchungssystem mittel,0.92,78
"Buchungs- und Reservierungsplattform für Wagner Immobilien mit Multi-Location-Support, dynamischer Preisgestaltung, Gruppenreservierungen, Stornogebühren-Logik und Anbindung an Zahlungsanbieter.",113,126352,AT,AT,JavaScript,Neuentwicklung,2,2020,mittel,Buchungssystem mittel,1.0,72
"HR-Self-Service-Portal für Hoffmann Solutions (150 Mitarbeiter). Vue.js, REST API, Gehaltsabruf-Modul, Weiterbildungskalender, digitale Personalakte, rollenbasierte Zugriffsrechte, DSGVO-konformes Audit-Log.",50,81436,DE,DE-BE,JavaScript,Neuentwicklung,3,2023,mittel,Mitarbeiterportal,0.85,75
"Datenmigration für Krüger Education von Oracle 11g auf PostgreSQL 15. Schema-Mapping, Stored-Procedure-Umschreibung, Performance-Tests, Zero-Downtime-Migration mit Dual-Write-Ansatz.",113,109866,AT,AT,Backend,Migration,2,2019,mittel,Datenmigraton,1.0,73
"KPI-Dashboard für Wolf Systems. Vue.js Frontend, Echtzeit-Daten via WebSocket, 6 Chart-Typen, automatische E-Mail-Reports, Filterung nach Zeitraum und Region.",30,17046,DE,DE-NW,JavaScript,Neuentwicklung,1,2023,klein,Dashboard einfach,0.85,78
"WordPress-Website für Neumann Services mit 8 Unterseiten, Blog-Funktion, mehrsprachigem Plugin (WPML), individuell entwickeltem Child-Theme und Kontaktformular mit DSGVO-konformer Datenspeicherung.",15,17146,CH,CH,PHP,Neuentwicklung,1,2026,klein,WordPress Website,0.68,112
"Buchungs- und Reservierungsplattform für Koch Industries mit Multi-Location-Support, dynamischer Preisgestaltung, Gruppenreservierungen, Stornogebühren-Logik und Anbindung an Zahlungsanbieter.",115,150545,DE,DE-HH,JavaScript,Neuentwicklung,3,2019,mittel,Buchungssystem mittel,1.0,73
"B2B-Handelsplattform für Weber Consulting. Microservices-Architektur (12 Services), Kubernetes-Deployment, Punchout-Katalog für EDI-Anbindung, dynamische Preislogik, Self-Service-Kundenportal.",430,1547932,DE,DE-NW,Java,Neuentwicklung,7,2022,gross,Enterprise E-Commerce,0.92,82
"SAP S/4HANA-Anbindung für Lange Finance. Fiori-ähnliches Portal, RFC-Schnittstellen für MM/PP/FI, Custom ABAP-Entwicklung, Echtzeit-Datensynchronisation, Rollout auf 3 Werke.",182,896114,DE,DE-HH,SAP,Neuentwicklung,6,2025,gross,SAP-Integration Portal,0.72,128
"Wartung und Erweiterung des bestehenden WordPress-Systems von Bauer Digital. Plugin-Updates, Sicherheits-Audit, neue Such- und Filterfunktionen, Optimierung der Ladezeiten auf unter 2 Sekunden.",19,15518,CH,CH,PHP,Weiterentwicklung,1,2022,klein,Legacy Bugfixing & Weiterentwicklung,0.92,99
"Enterprise-E-Commerce-Plattform für Krüger Education mit 50.000+ Produkten, Multi-Mandanten-Fähigkeit, Echtzeit-Bestandssynchronisation, KI-gestützter Produktempfehlung, A/B-Testing-Framework und DACH-Lokalisierung.",224,384988,DE,DE-SN,Java,Neuentwicklung,3,2023,gross,Enterprise E-Commerce,0.85,72
"Migration der Altdaten von Müller GmbH aus Legacy-System (MS Access) in neue PostgreSQL-Datenbank. ETL-Pipeline, Datenbereinigung, Validierungsregeln, Testläufe mit Rollback-Funktion, Dokumentation.",81,123067,DE,DE-HH,Backend,Migration,3,2020,mittel,Datenmigraton,1.0,79
"B2B-Online-Shop für Weber Consulting. Shopware 6, kundenspezifische Preislisten, Bestelllimits, CSV-Massenimport, ERP-Schnittstelle zu SAP Business One, Rechnungsstellung per EDI.",36,90918,DE,DE-NW,PHP,Neuentwicklung,2,2025,mittel,E-Commerce Platform,0.72,71
"Responsive Landing Page für Wagner Immobilien mit Kontaktformular, SEO-Optimierung und Google Analytics Integration. Design nach Kundenvorgabe in Figma, Umsetzung mit React und Tailwind CSS.",15,8405,DE,DE-BY,JavaScript,Neuentwicklung,1,2019,klein,Landing Page,1.0,77
"Internes Mitarbeiterportal für Lange Finance (80 Nutzer) mit SSO-Anbindung via Azure AD, Urlaubsantrag-Workflow, Dokumentenverwaltung, News-Feed und Organigramm-Darstellung. React Frontend, Node.js Backend, PostgreSQL.",56,85710,DE,DE-BW,JavaScript,Neuentwicklung,2,2023,mittel,Mitarbeiterportal,0.85,84
"Business-Intelligence-Tool für Krause Retail mit automatisierten Tagesberichten, interaktiven Drill-Down-Charts, Anomalie-Erkennung bei KPIs, Slack-Integration für Alerts und Export-Funktion.",73,203317,CH,CH,Python/ML,Neuentwicklung,3,2024,mittel,Reporting & Analytics Tool,0.78,144
"WordPress-Website für Schmidt AG mit 8 Unterseiten, Blog-Funktion, mehrsprachigem Plugin (WPML), individuell entwickeltem Child-Theme und Kontaktformular mit DSGVO-konformer Datenspeicherung.",20,9620,AT,AT,PHP,Neuentwicklung,1,2020,klein,WordPress Website,1.0,60
"Migration der Altdaten von Wagner Immobilien aus Legacy-System (MS Access) in neue PostgreSQL-Datenbank. ETL-Pipeline, Datenbereinigung, Validierungsregeln, Testläufe mit Rollback-Funktion, Dokumentation.",97,154973,DE,DE-BW,Backend,Migration,3,2022,mittel,Datenmigraton,1.0,86
"Ablösung des Legacy-Systems von Weiß Transport (15 Jahre alt, COBOL/Oracle). Strangler-Fig-Muster, schrittweise Migration von 40 Modulen, paralleler Betrieb beider Systeme für 6 Monate, Zero-Downtime-Cutover.",537,2071763,CH,CH,Java,Migration,4,2026,gross,Legacy Migration Enterprise,1.0,142
"Management-Dashboard für Wagner Immobilien zur Visualisierung von Verkaufszahlen. React mit Recharts, Datenbankanbindung über bestehende API, Exportfunktion als PDF/Excel, Nutzerrollen-System.",29,26998,CH,CH,JavaScript,Neuentwicklung,1,2020,klein,Dashboard einfach,1.0,110
"Maßgeschneiderte E-Commerce-Plattform für Fischer Handel mit 2.000+ Produkten, Kundenkonto-Bereich, Wunschliste, Produktkonfigurator, Multi-Lager-Verwaltung und Anbindung an Warenwirtschaftssystem.",106,110336,AT,AT,PHP,Neuentwicklung,2,2024,mittel,E-Commerce Platform,0.78,69
"Einzel-Landing-Page für Produktlaunch von Klein Software. A/B-Testing-fähig, mehrsprachig (DE/EN), mit CMS-Anbindung für eigenständige Inhaltspflege. Mobile-first Ansatz.",5,4808,DE,DE-BY,JavaScript,Neuentwicklung,1,2023,klein,Landing Page,0.85,86
"Management-Dashboard für Hoffmann Solutions zur Visualisierung von Verkaufszahlen. React mit Recharts, Datenbankanbindung über bestehende API, Exportfunktion als PDF/Excel, Nutzerrollen-System.",25,13173,DE,DE-SN,JavaScript,Neuentwicklung,1,2024,klein,Dashboard einfach,0.78,70
"Online-Buchungssystem für Hoffmann Solutions mit Kalenderansicht, automatischen E-Mail-Erinnerungen, Zahlungsintegration via Stripe und Admin-Backend zur Terminverwaltung. React Frontend, Node.js Backend.",9,17694,DE,DE-HH,JavaScript,Neuentwicklung,1,2025,klein,Buchungssystem klein,0.72,88
"Wartung und Erweiterung des bestehenden WordPress-Systems von Schwarz Energie. Plugin-Updates, Sicherheits-Audit, neue Such- und Filterfunktionen, Optimierung der Ladezeiten auf unter 2 Sekunden.",6,12614,CH,CH,PHP,Weiterentwicklung,1,2025,klein,Legacy Bugfixing & Weiterentwicklung,0.72,108
"Weiterentwicklung und Bugfixing der bestehenden PHP-Anwendung von Klein Software. Code-Review, Behebung von 15 kritischen Bugs, Performance-Optimierung der Datenbankabfragen, Upgrade auf PHP 8.2.",7,7011,DE,DE-NW,PHP,Weiterentwicklung,1,2021,klein,Legacy Bugfixing & Weiterentwicklung,0.97,63
"Middleware-Lösung für Schäfer Insurance zur Anbindung von 4 Drittsystemen (CRM, ERP, Shop, Versand). Message-Queue via RabbitMQ, Retry-Logik, Monitoring-Dashboard, detailliertes Fehler-Logging.",108,140375,DE,DE-TH,Backend,Neuentwicklung,3,2022,mittel,API-Integration Middleware,0.92,67
"Weiterentwicklung und Bugfixing der bestehenden PHP-Anwendung von Krüger Education. Code-Review, Behebung von 15 kritischen Bugs, Performance-Optimierung der Datenbankabfragen, Upgrade auf PHP 8.2.",29,11177,DE,DE-BE,PHP,Weiterentwicklung,1,2022,klein,Legacy Bugfixing & Weiterentwicklung,0.92,62
"Responsive Landing Page für Wolf Systems mit Kontaktformular, SEO-Optimierung und Google Analytics Integration. Design nach Kundenvorgabe in Figma, Umsetzung mit React und Tailwind CSS.",9,8122,AT,AT,JavaScript,Neuentwicklung,1,2023,klein,Landing Page,0.85,78
"Business-Intelligence-Tool für Müller GmbH mit automatisierten Tagesberichten, interaktiven Drill-Down-Charts, Anomalie-Erkennung bei KPIs, Slack-Integration für Alerts und Export-Funktion.",50,89730,DE,DE-BE,Python/ML,Neuentwicklung,3,2025,mittel,Reporting & Analytics Tool,0.72,92
"Unternehmensweite Prozessplattform für Lange Finance auf .NET 8 Basis. Workflow-Engine für 20 Genehmigungsprozesse, Power BI Embedded für Berichte, Azure AD Integration, On-Premise-Deployment auf Kundensystemen.",211,573606,DE,DE-BY,.NET,Neuentwicklung,3,2025,gross,.NET Enterprise Platform,0.72,96
"Terminbuchungsportal für Becker Pharma (bis 5 Mitarbeiter). Kundenlogin, Verfügbarkeitsprüfung in Echtzeit, iCal-Export, SMS-Erinnerungen via Twilio, DSGVO-konformes Datenschutz-Setup.",33,29869,CH,CH,JavaScript,Neuentwicklung,1,2026,klein,Buchungssystem klein,0.68,131
"Shopify-Onlineshop für Bauer Digital. Custom-Theme, bis zu 500 Produkte, Anbindung an DHL-Versandschnittstelle, Gutscheinsystem, Produktbewertungen und Newsletter-Integration.",19,20153,CH,CH,PHP,Neuentwicklung,1,2023,klein,Einfacher Online-Shop,0.85,102
"Microservice-API für Krüger Education. Python FastAPI, 5 CRUD-Endpoints, Rate-Limiting, API-Key-Verwaltung, automatisierte Tests mit pytest, CI/CD-Pipeline via GitHub Actions.",17,9961,DE,DE-NW,Backend,Neuentwicklung,1,2020,klein,REST API einfach,1.0,75
"Cross-Platform-App (iOS & Android) für Schwarz Energie mit 12 Screens, Nutzerregistrierung, Push-Notifications, Offline-Fähigkeit durch lokale SQLite-Datenbank und REST-API-Anbindung. React Native.",124,233255,CH,CH,Mobile,Neuentwicklung,2,2023,mittel,Mobile App mittel,0.85,132
"Microservice-API für Köhler Automotive. Python FastAPI, 5 CRUD-Endpoints, Rate-Limiting, API-Key-Verwaltung, automatisierte Tests mit pytest, CI/CD-Pipeline via GitHub Actions.",16,11172,DE,DE-NW,Backend,Neuentwicklung,1,2025,klein,REST API einfach,0.72,88
"Analyse-Dashboard für Wolf Systems mit Python Dash, Anbindung an 3 Datenquellen, Zeitreihenanalyse, Prognose-Modell für nächste 30 Tage, rollenbasierte Sichtbarkeit.",68,130056,DE,DE-NW,Python/ML,Neuentwicklung,3,2025,mittel,Reporting & Analytics Tool,0.72,96
"Vollständige Neuentwicklung des Kernbanksystems von Schwarz Energie. Java Spring Boot Microservices, Event Sourcing, CQRS, Migrationsskripte für 2 Mio. Datensätze, Compliance-Anforderungen BaFin.",289,858858,DE,DE-TH,Java,Migration,6,2021,gross,Legacy Migration Enterprise,1.0,66
"Enterprise-E-Commerce-Plattform für Fischer Handel mit 50.000+ Produkten, Multi-Mandanten-Fähigkeit, Echtzeit-Bestandssynchronisation, KI-gestützter Produktempfehlung, A/B-Testing-Framework und DACH-Lokalisierung.",151,744189,DE,DE-NW,Java,Neuentwicklung,7,2022,gross,Enterprise E-Commerce,0.92,82
"Einzel-Landing-Page für Produktlaunch von Krüger Education. A/B-Testing-fähig, mehrsprachig (DE/EN), mit CMS-Anbindung für eigenständige Inhaltspflege. Mobile-first Ansatz.",14,6377,DE,DE-HE,JavaScript,Neuentwicklung,1,2019,klein,Landing Page,1.0,72
"Maßgeschneidertes CRM für Fischer Handel mit Kontaktverwaltung, Pipeline-Tracking, E-Mail-Integration via IMAP/SMTP, Aktivitäten-Log, Reporting-Dashboard und CSV-Import für Bestandsdaten.",76,141867,AT,AT,JavaScript,Neuentwicklung,3,2024,mittel,CRM-System,0.78,81
"Digitalisierungsplattform für Weiß Transport. ASP.NET Core, Blazor WebAssembly Frontend, Azure Service Bus, 15 Microservices, DevOps-Pipeline mit automatisierten Tests, ITIL-konformes Change Management.",284,980401,DE,DE-HH,.NET,Neuentwicklung,7,2022,gross,.NET Enterprise Platform,0.92,84
"Unternehmensweite Prozessplattform für Schulz Media auf .NET 8 Basis. Workflow-Engine für 20 Genehmigungsprozesse, Power BI Embedded für Berichte, Azure AD Integration, On-Premise-Deployment auf Kundensystemen.",231,422468,DE,DE-TH,.NET,Neuentwicklung,3,2026,gross,.NET Enterprise Platform,0.68,75
"Krankenhausinformationssystem-Modul für Richter Tech. HL7-Messaging, DICOM-Viewer-Integration, Medikationsplan-Modul nach BMP-Standard, IHE-XDS-Dokumentenmanagement, BSI-Grundschutz.",647,1331909,DE,DE-TH,Java,Neuentwicklung,5,2020,gross,Gesundheitswesenportal,1.0,65
"WooCommerce-Shop für Wolf Systems mit bis zu 200 Produkten, Stripe- und PayPal-Zahlungsanbindung, automatisierter Bestellbestätigung per E-Mail und einfacher Lagerverwaltung.",29,15803,DE,DE-NW,PHP,Neuentwicklung,1,2021,klein,Einfacher Online-Shop,0.97,63
"Business-Intelligence-Tool für Koch Industries mit automatisierten Tagesberichten, interaktiven Drill-Down-Charts, Anomalie-Erkennung bei KPIs, Slack-Integration für Alerts und Export-Funktion.",74,104665,DE,DE-BW,Python/ML,Neuentwicklung,2,2023,mittel,Reporting & Analytics Tool,0.85,97
"Integration-Layer für Becker Pharma. Apache Kafka, 6 Kafka-Topics, Schema-Registry, Dead-Letter-Queue, automatisches Alerting bei Verarbeitungsfehlern, API-Rate-Limit-Management.",68,113426,AT,AT,Backend,Neuentwicklung,3,2019,mittel,API-Integration Middleware,1.0,73
"Digitales Patientenportal für Neumann Services mit KV-Anbindung, HL7 FHIR Schnittstelle, Telematikinfrastruktur-Anbindung, ePA-Integration, DSGVO- und KRITIS-konformes Sicherheitskonzept.",344,1466737,CH,CH,Java,Neuentwicklung,4,2023,gross,Gesundheitswesenportal,0.85,129
"Maßgeschneiderte E-Commerce-Plattform für Wagner Immobilien mit 2.000+ Produkten, Kundenkonto-Bereich, Wunschliste, Produktkonfigurator, Multi-Lager-Verwaltung und Anbindung an Warenwirtschaftssystem.",51,134209,CH,CH,PHP,Neuentwicklung,3,2024,mittel,E-Commerce Platform,0.78,105
"B2B-Handelsplattform für Schulz Media. Microservices-Architektur (12 Services), Kubernetes-Deployment, Punchout-Katalog für EDI-Anbindung, dynamische Preislogik, Self-Service-Kundenportal.",361,1019090,DE,DE-NW,Java,Neuentwicklung,5,2022,gross,Enterprise E-Commerce,0.92,82
"Flutter-App für Frank Legal. Kartenintegration via Google Maps, Foto-Upload mit Bildkomprimierung, Echtzeit-Chat via WebSocket, Biometrie-Login, automatische App-Store-Deployment-Pipeline.",104,207388,DE,DE-BY,Mobile,Neuentwicklung,3,2024,mittel,Mobile App mittel,0.78,98
"Management-Dashboard für Weber Consulting zur Visualisierung von Verkaufszahlen. React mit Recharts, Datenbankanbindung über bestehende API, Exportfunktion als PDF/Excel, Nutzerrollen-System.",20,13542,DE,DE-SN,JavaScript,Neuentwicklung,1,2025,klein,Dashboard einfach,0.72,72
"Migration der Altdaten von Fischer Handel aus Legacy-System (MS Access) in neue PostgreSQL-Datenbank. ETL-Pipeline, Datenbereinigung, Validierungsregeln, Testläufe mit Rollback-Funktion, Dokumentation.",65,83237,DE,DE-BE,Backend,Migration,2,2023,mittel,Datenmigraton,1.0,79
"Maßgeschneiderte E-Commerce-Plattform für Wolf Systems mit 2.000+ Produkten, Kundenkonto-Bereich, Wunschliste, Produktkonfigurator, Multi-Lager-Verwaltung und Anbindung an Warenwirtschaftssystem.",52,108621,DE,DE-HH,PHP,Neuentwicklung,3,2025,mittel,E-Commerce Platform,0.72,74
"Maßgeschneiderte E-Commerce-Plattform für Becker & Partner mit 2.000+ Produkten, Kundenkonto-Bereich, Wunschliste, Produktkonfigurator, Multi-Lager-Verwaltung und Anbindung an Warenwirtschaftssystem.",75,171491,CH,CH,PHP,Neuentwicklung,3,2018,mittel,E-Commerce Platform,1.0,88
"Microservice-API für Müller GmbH. Python FastAPI, 5 CRUD-Endpoints, Rate-Limiting, API-Key-Verwaltung, automatisierte Tests mit pytest, CI/CD-Pipeline via GitHub Actions.",24,22742,CH,CH,Backend,Neuentwicklung,1,2022,klein,REST API einfach,0.92,123
"SAP S/4HANA-Anbindung für Wagner Immobilien. Fiori-ähnliches Portal, RFC-Schnittstellen für MM/PP/FI, Custom ABAP-Entwicklung, Echtzeit-Datensynchronisation, Rollout auf 3 Werke.",159,1225741,CH,CH,SAP,Neuentwicklung,7,2024,gross,SAP-Integration Portal,0.78,180
"HR-Self-Service-Portal für Maier Group (150 Mitarbeiter). Vue.js, REST API, Gehaltsabruf-Modul, Weiterbildungskalender, digitale Personalakte, rollenbasierte Zugriffsrechte, DSGVO-konformes Audit-Log.",77,145809,CH,CH,JavaScript,Neuentwicklung,2,2024,mittel,Mitarbeiterportal,0.78,124
"Wartung und Erweiterung des bestehenden WordPress-Systems von Koch Industries. Plugin-Updates, Sicherheits-Audit, neue Such- und Filterfunktionen, Optimierung der Ladezeiten auf unter 2 Sekunden.",22,9703,DE,DE-SN,PHP,Weiterentwicklung,1,2022,klein,Legacy Bugfixing & Weiterentwicklung,0.92,55
"B2B-Online-Shop für Frank Legal. Shopware 6, kundenspezifische Preislisten, Bestelllimits, CSV-Massenimport, ERP-Schnittstelle zu SAP Business One, Rechnungsstellung per EDI.",78,84360,DE,DE-TH,PHP,Neuentwicklung,2,2021,mittel,E-Commerce Platform,0.97,52
"Microservice-API für Neumann Services. Python FastAPI, 5 CRUD-Endpoints, Rate-Limiting, API-Key-Verwaltung, automatisierte Tests mit pytest, CI/CD-Pipeline via GitHub Actions.",21,12138,AT,AT,Backend,Neuentwicklung,1,2022,klein,REST API einfach,0.92,80
"Analyse-Dashboard für Braun Logistics mit Python Dash, Anbindung an 3 Datenquellen, Zeitreihenanalyse, Prognose-Modell für nächste 30 Tage, rollenbasierte Sichtbarkeit.",57,79973,DE,DE-BW,Python/ML,Neuentwicklung,2,2019,mittel,Reporting & Analytics Tool,1.0,86
"Digitalisierungsplattform für Schäfer Insurance. ASP.NET Core, Blazor WebAssembly Frontend, Azure Service Bus, 15 Microservices, DevOps-Pipeline mit automatisierten Tests, ITIL-konformes Change Management.",177,528174,DE,DE-BE,.NET,Neuentwicklung,5,2024,gross,.NET Enterprise Platform,0.78,81
"Cross-Platform-App (iOS & Android) für Müller GmbH mit 12 Screens, Nutzerregistrierung, Push-Notifications, Offline-Fähigkeit durch lokale SQLite-Datenbank und REST-API-Anbindung. React Native.",120,213712,DE,DE-HH,Mobile,Neuentwicklung,3,2022,mittel,Mobile App mittel,0.92,89
"Maßgeschneiderte E-Commerce-Plattform für Krüger Education mit 2.000+ Produkten, Kundenkonto-Bereich, Wunschliste, Produktkonfigurator, Multi-Lager-Verwaltung und Anbindung an Warenwirtschaftssystem.",67,127179,AT,AT,PHP,Neuentwicklung,3,2024,mittel,E-Commerce Platform,0.78,69
"Analyse-Dashboard für Klein Software mit Python Dash, Anbindung an 3 Datenquellen, Zeitreihenanalyse, Prognose-Modell für nächste 30 Tage, rollenbasierte Sichtbarkeit.",51,76626,DE,DE-NW,Python/ML,Neuentwicklung,2,2026,mittel,Reporting & Analytics Tool,0.68,99
"Shopify-Onlineshop für Meier Manufacturing. Custom-Theme, bis zu 500 Produkte, Anbindung an DHL-Versandschnittstelle, Gutscheinsystem, Produktbewertungen und Newsletter-Integration.",24,11725,DE,DE-SN,PHP,Neuentwicklung,1,2024,klein,Einfacher Online-Shop,0.78,59
"Unternehmensportal für Hoffmann Solutions (800 Mitarbeiter) mit bidirektionaler SAP HR-Schnittstelle, SSO via Azure AD, Urlaubsmanagement, Zeiterfassung, Gehaltsabruf und Weiterbildungsmodul. React Frontend, Java Spring Boot Backend.",153,842220,DE,DE-BW,SAP,Neuentwicklung,7,2022,gross,SAP-Integration Portal,0.92,119
"Einzel-Landing-Page für Produktlaunch von Becker Pharma. A/B-Testing-fähig, mehrsprachig (DE/EN), mit CMS-Anbindung für eigenständige Inhaltspflege. Mobile-first Ansatz.",9,5864,DE,DE-NW,JavaScript,Neuentwicklung,1,2024,klein,Landing Page,0.78,81
"REST API für Neumann Services mit 8 Endpoints, JWT-Authentifizierung, PostgreSQL-Datenbank, automatischer Swagger-Dokumentation und Docker-Containerisierung für einfaches Deployment.",19,12897,DE,DE-HE,Backend,Neuentwicklung,1,2024,klein,REST API einfach,0.78,87
"Unternehmenswebsite für Maier Group auf WordPress-Basis. Custom-Theme-Entwicklung, WooCommerce-Integration für digitale Downloads, SEO-Plugin-Konfiguration, Hosting-Setup.",20,9912,DE,DE-HH,PHP,Neuentwicklung,1,2020,klein,WordPress Website,1.0,63
"Weiterentwicklung und Bugfixing der bestehenden PHP-Anwendung von Bauer Digital. Code-Review, Behebung von 15 kritischen Bugs, Performance-Optimierung der Datenbankabfragen, Upgrade auf PHP 8.2.",6,4980,DE,DE-SN,PHP,Weiterentwicklung,1,2019,klein,Legacy Bugfixing & Weiterentwicklung,1.0,51
"KPI-Dashboard für Koch Industries. Vue.js Frontend, Echtzeit-Daten via WebSocket, 6 Chart-Typen, automatische E-Mail-Reports, Filterung nach Zeitraum und Region.",18,22826,CH,CH,JavaScript,Neuentwicklung,1,2026,klein,Dashboard einfach,0.68,131
"REST API für Bauer Digital mit 8 Endpoints, JWT-Authentifizierung, PostgreSQL-Datenbank, automatischer Swagger-Dokumentation und Docker-Containerisierung für einfaches Deployment.",27,18356,DE,DE-BY,Backend,Neuentwicklung,1,2024,klein,REST API einfach,0.78,93
"Microservice-API für Wagner Immobilien. Python FastAPI, 5 CRUD-Endpoints, Rate-Limiting, API-Key-Verwaltung, automatisierte Tests mit pytest, CI/CD-Pipeline via GitHub Actions.",31,21368,DE,DE-NW,Backend,Neuentwicklung,1,2023,klein,REST API einfach,0.85,82
"Terminbuchungsportal für Weiß Transport (bis 5 Mitarbeiter). Kundenlogin, Verfügbarkeitsprüfung in Echtzeit, iCal-Export, SMS-Erinnerungen via Twilio, DSGVO-konformes Datenschutz-Setup.",14,17857,DE,DE-HE,JavaScript,Neuentwicklung,1,2025,klein,Buchungssystem klein,0.72,86
"Predictive-Analytics-Plattform für Schäfer Insurance. Nachfrageprognose mit LSTM-Modell (MAPE < 8%), Anomalie-Erkennung im Produktionsprozess, MLflow für Modell-Versionierung, REST API für ERP-Anbindung, monatliches Retraining.",270,842829,DE,DE-BY,Python/ML,Neuentwicklung,5,2020,gross,ML Predictive Analytics,1.0,92
"REST API für Lange Finance mit 8 Endpoints, JWT-Authentifizierung, PostgreSQL-Datenbank, automatischer Swagger-Dokumentation und Docker-Containerisierung für einfaches Deployment.",30,22917,CH,CH,Backend,Neuentwicklung,1,2018,klein,REST API einfach,1.0,108
"Unternehmenswebsite für Schulz Media auf WordPress-Basis. Custom-Theme-Entwicklung, WooCommerce-Integration für digitale Downloads, SEO-Plugin-Konfiguration, Hosting-Setup.",14,11914,CH,CH,PHP,Neuentwicklung,1,2020,klein,WordPress Website,1.0,92
"Einzel-Landing-Page für Produktlaunch von Fischer Handel. A/B-Testing-fähig, mehrsprachig (DE/EN), mit CMS-Anbindung für eigenständige Inhaltspflege. Mobile-first Ansatz.",15,9389,DE,DE-HE,JavaScript,Neuentwicklung,1,2022,klein,Landing Page,0.92,78
"Einzel-Landing-Page für Produktlaunch von Klein Software. A/B-Testing-fähig, mehrsprachig (DE/EN), mit CMS-Anbindung für eigenständige Inhaltspflege. Mobile-first Ansatz.",9,7142,AT,AT,JavaScript,Neuentwicklung,1,2023,klein,Landing Page,0.85,78
"Intelligentes Archivierungssystem für Hoffmann Solutions. OCR-Pipeline für Papierdokumente, ML-Modell zur Erkennung von Dokumententypen (98% Accuracy), automatische Metadaten-Extraktion, API für Drittsysteme.",229,611936,DE,DE-HE,Python/ML,Neuentwicklung,5,2019,gross,ML Dokumentenmanagement,1.0,83
"Microservice-API für Fischer Handel. Python FastAPI, 5 CRUD-Endpoints, Rate-Limiting, API-Key-Verwaltung, automatisierte Tests mit pytest, CI/CD-Pipeline via GitHub Actions.",27,24839,CH,CH,Backend,Neuentwicklung,1,2025,klein,REST API einfach,0.72,134
"REST API für Zimmermann IT mit 8 Endpoints, JWT-Authentifizierung, PostgreSQL-Datenbank, automatischer Swagger-Dokumentation und Docker-Containerisierung für einfaches Deployment.",15,15378,CH,CH,Backend,Neuentwicklung,1,2021,klein,REST API einfach,0.97,118
"HR-Self-Service-Portal für Hartmann Health (150 Mitarbeiter). Vue.js, REST API, Gehaltsabruf-Modul, Weiterbildungskalender, digitale Personalakte, rollenbasierte Zugriffsrechte, DSGVO-konformes Audit-Log.",61,119330,DE,DE-BW,JavaScript,Neuentwicklung,3,2024,mittel,Mitarbeiterportal,0.78,87
"Buchungs- und Reservierungsplattform für Meier Manufacturing mit Multi-Location-Support, dynamischer Preisgestaltung, Gruppenreservierungen, Stornogebühren-Logik und Anbindung an Zahlungsanbieter.",81,158309,CH,CH,JavaScript,Neuentwicklung,2,2022,mittel,Buchungssystem mittel,0.92,116
"Einzel-Landing-Page für Produktlaunch von Neumann Services. A/B-Testing-fähig, mehrsprachig (DE/EN), mit CMS-Anbindung für eigenständige Inhaltspflege. Mobile-first Ansatz.",4,5510,CH,CH,JavaScript,Neuentwicklung,1,2026,klein,Landing Page,0.68,131
"Weiterentwicklung und Bugfixing der bestehenden PHP-Anwendung von Krause Retail. Code-Review, Behebung von 15 kritischen Bugs, Performance-Optimierung der Datenbankabfragen, Upgrade auf PHP 8.2.",22,17569,CH,CH,PHP,Weiterentwicklung,1,2021,klein,Legacy Bugfixing & Weiterentwicklung,0.97,96
"Business-Intelligence-Tool für Lange Finance mit automatisierten Tagesberichten, interaktiven Drill-Down-Charts, Anomalie-Erkennung bei KPIs, Slack-Integration für Alerts und Export-Funktion.",47,101021,DE,DE-BW,Python/ML,Neuentwicklung,3,2022,mittel,Reporting & Analytics Tool,0.92,94
"Flutter-App für Lange Finance. Kartenintegration via Google Maps, Foto-Upload mit Bildkomprimierung, Echtzeit-Chat via WebSocket, Biometrie-Login, automatische App-Store-Deployment-Pipeline.",62,88105,AT,AT,Mobile,Neuentwicklung,2,2022,mittel,Mobile App mittel,0.92,85
"Microservice-API für Krüger Education. Python FastAPI, 5 CRUD-Endpoints, Rate-Limiting, API-Key-Verwaltung, automatisierte Tests mit pytest, CI/CD-Pipeline via GitHub Actions.",15,11929,AT,AT,Backend,Neuentwicklung,1,2022,klein,REST API einfach,0.92,80
"Einzel-Landing-Page für Produktlaunch von Schmidt AG. A/B-Testing-fähig, mehrsprachig (DE/EN), mit CMS-Anbindung für eigenständige Inhaltspflege. Mobile-first Ansatz.",9,5440,DE,DE-TH,JavaScript,Neuentwicklung,1,2026,klein,Landing Page,0.68,72
"KPI-Dashboard für Becker & Partner. Vue.js Frontend, Echtzeit-Daten via WebSocket, 6 Chart-Typen, automatische E-Mail-Reports, Filterung nach Zeitraum und Region.",29,16668,DE,DE-SN,JavaScript,Neuentwicklung,1,2025,klein,Dashboard einfach,0.72,72
"Maßgeschneiderte E-Commerce-Plattform für Hartmann Health mit 2.000+ Produkten, Kundenkonto-Bereich, Wunschliste, Produktkonfigurator, Multi-Lager-Verwaltung und Anbindung an Warenwirtschaftssystem.",81,118779,DE,DE-TH,PHP,Neuentwicklung,3,2024,mittel,E-Commerce Platform,0.78,58
"Enterprise-E-Commerce-Plattform für Müller GmbH mit 50.000+ Produkten, Multi-Mandanten-Fähigkeit, Echtzeit-Bestandssynchronisation, KI-gestützter Produktempfehlung, A/B-Testing-Framework und DACH-Lokalisierung.",229,955635,DE,DE-HH,Java,Neuentwicklung,5,2025,gross,Enterprise E-Commerce,0.72,94
"Management-Dashboard für Fischer Handel zur Visualisierung von Verkaufszahlen. React mit Recharts, Datenbankanbindung über bestehende API, Exportfunktion als PDF/Excel, Nutzerrollen-System.",29,24940,DE,DE-BW,JavaScript,Neuentwicklung,1,2024,klein,Dashboard einfach,0.78,87
"Maßgeschneiderte E-Commerce-Plattform für Schwarz Energie mit 2.000+ Produkten, Kundenkonto-Bereich, Wunschliste, Produktkonfigurator, Multi-Lager-Verwaltung und Anbindung an Warenwirtschaftssystem.",64,97975,AT,AT,PHP,Neuentwicklung,2,2024,mittel,E-Commerce Platform,0.78,69
"Vertriebssteuerungs-CRM für Maier Group. React, GraphQL API, Angebots-Erstellung mit PDF-Export, Wiedervorlage-System, Outlook-Kalender-Synchronisation, Mobilansicht für Außendienst.",63,90128,DE,DE-TH,JavaScript,Neuentwicklung,3,2025,mittel,CRM-System,0.72,70
"Vertriebssteuerungs-CRM für Krüger Education. React, GraphQL API, Angebots-Erstellung mit PDF-Export, Wiedervorlage-System, Outlook-Kalender-Synchronisation, Mobilansicht für Außendienst.",55,121109,AT,AT,JavaScript,Neuentwicklung,3,2026,mittel,CRM-System,0.68,86
"Digitalisierungsplattform für Becker Pharma. ASP.NET Core, Blazor WebAssembly Frontend, Azure Service Bus, 15 Microservices, DevOps-Pipeline mit automatisierten Tests, ITIL-konformes Change Management.",120,516235,CH,CH,.NET,Neuentwicklung,4,2024,gross,.NET Enterprise Platform,0.78,129
"Shopify-Onlineshop für Schulz Media. Custom-Theme, bis zu 500 Produkte, Anbindung an DHL-Versandschnittstelle, Gutscheinsystem, Produktbewertungen und Newsletter-Integration.",36,18995,DE,DE-BW,PHP,Neuentwicklung,1,2023,klein,Einfacher Online-Shop,0.85,71
"Vollständige Neuentwicklung des Kernbanksystems von Müller GmbH. Java Spring Boot Microservices, Event Sourcing, CQRS, Migrationsskripte für 2 Mio. Datensätze, Compliance-Anforderungen BaFin.",426,917183,DE,DE-HE,Java,Migration,4,2018,gross,Legacy Migration Enterprise,1.0,75
"Management-Dashboard für Neumann Services zur Visualisierung von Verkaufszahlen. React mit Recharts, Datenbankanbindung über bestehende API, Exportfunktion als PDF/Excel, Nutzerrollen-System.",27,23092,DE,DE-HH,JavaScript,Neuentwicklung,1,2024,klein,Dashboard einfach,0.78,85
"Maßgeschneidertes CRM für Krüger Education mit Kontaktverwaltung, Pipeline-Tracking, E-Mail-Integration via IMAP/SMTP, Aktivitäten-Log, Reporting-Dashboard und CSV-Import für Bestandsdaten.",92,84894,AT,AT,JavaScript,Neuentwicklung,2,2018,mittel,CRM-System,1.0,68
"Management-Dashboard für Lange Finance zur Visualisierung von Verkaufszahlen. React mit Recharts, Datenbankanbindung über bestehende API, Exportfunktion als PDF/Excel, Nutzerrollen-System.",33,11448,DE,DE-SN,JavaScript,Neuentwicklung,1,2018,klein,Dashboard einfach,1.0,58
"Weiterentwicklung und Bugfixing der bestehenden PHP-Anwendung von Schulz Media. Code-Review, Behebung von 15 kritischen Bugs, Performance-Optimierung der Datenbankabfragen, Upgrade auf PHP 8.2.",33,22043,CH,CH,PHP,Weiterentwicklung,1,2019,klein,Legacy Bugfixing & Weiterentwicklung,1.0,91
"B2B-Online-Shop für Zimmermann IT. Shopware 6, kundenspezifische Preislisten, Bestelllimits, CSV-Massenimport, ERP-Schnittstelle zu SAP Business One, Rechnungsstellung per EDI.",141,214052,AT,AT,PHP,Neuentwicklung,3,2024,mittel,E-Commerce Platform,0.78,69
"REST API für Weber Consulting mit 8 Endpoints, JWT-Authentifizierung, PostgreSQL-Datenbank, automatischer Swagger-Dokumentation und Docker-Containerisierung für einfaches Deployment.",25,26406,CH,CH,Backend,Neuentwicklung,1,2022,klein,REST API einfach,0.92,123
"Online-Buchungssystem für Schulz Media mit Kalenderansicht, automatischen E-Mail-Erinnerungen, Zahlungsintegration via Stripe und Admin-Backend zur Terminverwaltung. React Frontend, Node.js Backend.",38,33472,CH,CH,JavaScript,Neuentwicklung,1,2021,klein,Buchungssystem klein,0.97,113
"Digitales Patientenportal für Braun Logistics mit KV-Anbindung, HL7 FHIR Schnittstelle, Telematikinfrastruktur-Anbindung, ePA-Integration, DSGVO- und KRITIS-konformes Sicherheitskonzept.",253,1279389,AT,AT,Java,Neuentwicklung,7,2026,gross,Gesundheitswesenportal,0.68,93
"Middleware-Lösung für Neumann Services zur Anbindung von 4 Drittsystemen (CRM, ERP, Shop, Versand). Message-Queue via RabbitMQ, Retry-Logik, Monitoring-Dashboard, detailliertes Fehler-Logging.",85,115473,DE,DE-NW,Backend,Neuentwicklung,2,2021,mittel,API-Integration Middleware,0.97,77
"Enterprise-E-Commerce-Plattform für Braun Logistics mit 50.000+ Produkten, Multi-Mandanten-Fähigkeit, Echtzeit-Bestandssynchronisation, KI-gestützter Produktempfehlung, A/B-Testing-Framework und DACH-Lokalisierung.",455,1361307,DE,DE-HE,Java,Neuentwicklung,6,2022,gross,Enterprise E-Commerce,0.92,85
"Digitales Patientenportal für Richter Tech mit KV-Anbindung, HL7 FHIR Schnittstelle, Telematikinfrastruktur-Anbindung, ePA-Integration, DSGVO- und KRITIS-konformes Sicherheitskonzept.",261,675014,AT,AT,Java,Neuentwicklung,3,2022,gross,Gesundheitswesenportal,0.92,82
"Online-Buchungssystem für Zimmermann IT mit Kalenderansicht, automatischen E-Mail-Erinnerungen, Zahlungsintegration via Stripe und Admin-Backend zur Terminverwaltung. React Frontend, Node.js Backend.",15,11592,DE,DE-SN,JavaScript,Neuentwicklung,1,2024,klein,Buchungssystem klein,0.78,70
"Migration der Altdaten von Wolf Systems aus Legacy-System (MS Access) in neue PostgreSQL-Datenbank. ETL-Pipeline, Datenbereinigung, Validierungsregeln, Testläufe mit Rollback-Funktion, Dokumentation.",49,69402,DE,DE-NW,Backend,Migration,2,2024,mittel,Datenmigraton,1.0,85
"Analyse-Dashboard für Schulz Media mit Python Dash, Anbindung an 3 Datenquellen, Zeitreihenanalyse, Prognose-Modell für nächste 30 Tage, rollenbasierte Sichtbarkeit.",34,105360,CH,CH,Python/ML,Neuentwicklung,2,2023,mittel,Reporting & Analytics Tool,0.85,139
"WooCommerce-Shop für Frank Legal mit bis zu 200 Produkten, Stripe- und PayPal-Zahlungsanbindung, automatisierter Bestellbestätigung per E-Mail und einfacher Lagerverwaltung.",35,17083,DE,DE-HH,PHP,Neuentwicklung,1,2019,klein,Einfacher Online-Shop,1.0,62
"B2B-Online-Shop für Wolf Systems. Shopware 6, kundenspezifische Preislisten, Bestelllimits, CSV-Massenimport, ERP-Schnittstelle zu SAP Business One, Rechnungsstellung per EDI.",67,102495,DE,DE-HH,PHP,Neuentwicklung,2,2025,mittel,E-Commerce Platform,0.72,74
"Microservice-API für Fischer Handel. Python FastAPI, 5 CRUD-Endpoints, Rate-Limiting, API-Key-Verwaltung, automatisierte Tests mit pytest, CI/CD-Pipeline via GitHub Actions.",25,27283,CH,CH,Backend,Neuentwicklung,1,2021,klein,REST API einfach,0.97,118
"Integration-Layer für Fischer Handel. Apache Kafka, 6 Kafka-Topics, Schema-Registry, Dead-Letter-Queue, automatisches Alerting bei Verarbeitungsfehlern, API-Rate-Limit-Management.",67,197183,CH,CH,Backend,Neuentwicklung,3,2023,mittel,API-Integration Middleware,0.85,126
"Wartung und Erweiterung des bestehenden WordPress-Systems von Braun Logistics. Plugin-Updates, Sicherheits-Audit, neue Such- und Filterfunktionen, Optimierung der Ladezeiten auf unter 2 Sekunden.",19,13029,DE,DE-BY,PHP,Weiterentwicklung,1,2023,klein,Legacy Bugfixing & Weiterentwicklung,0.85,73
"Vollständige Neuentwicklung des Kernbanksystems von Meier Manufacturing. Java Spring Boot Microservices, Event Sourcing, CQRS, Migrationsskripte für 2 Mio. Datensätze, Compliance-Anforderungen BaFin.",383,1343315,DE,DE-HH,Java,Migration,6,2019,gross,Legacy Migration Enterprise,1.0,79
"WordPress-Website für Becker Pharma mit 8 Unterseiten, Blog-Funktion, mehrsprachigem Plugin (WPML), individuell entwickeltem Child-Theme und Kontaktformular mit DSGVO-konformer Datenspeicherung.",23,14507,CH,CH,PHP,Neuentwicklung,1,2020,klein,WordPress Website,1.0,92
"Responsive Landing Page für Krüger Education mit Kontaktformular, SEO-Optimierung und Google Analytics Integration. Design nach Kundenvorgabe in Figma, Umsetzung mit React und Tailwind CSS.",12,6955,DE,DE-BE,JavaScript,Neuentwicklung,1,2021,klein,Landing Page,0.97,71
"Ablösung des Legacy-Systems von Weber Consulting (15 Jahre alt, COBOL/Oracle). Strangler-Fig-Muster, schrittweise Migration von 40 Modulen, paralleler Betrieb beider Systeme für 6 Monate, Zero-Downtime-Cutover.",411,1234126,DE,DE-TH,Java,Migration,7,2018,gross,Legacy Migration Enterprise,1.0,61
"Predictive-Analytics-Plattform für Lange Finance. Nachfrageprognose mit LSTM-Modell (MAPE < 8%), Anomalie-Erkennung im Produktionsprozess, MLflow für Modell-Versionierung, REST API für ERP-Anbindung, monatliches Retraining.",252,772005,DE,DE-HE,Python/ML,Neuentwicklung,5,2024,gross,ML Predictive Analytics,0.78,97
"Unternehmenswebsite für Bauer Digital auf WordPress-Basis. Custom-Theme-Entwicklung, WooCommerce-Integration für digitale Downloads, SEO-Plugin-Konfiguration, Hosting-Setup.",7,8295,CH,CH,PHP,Neuentwicklung,1,2023,klein,WordPress Website,0.85,102
"Wartung und Erweiterung des bestehenden WordPress-Systems von Weiß Transport. Plugin-Updates, Sicherheits-Audit, neue Such- und Filterfunktionen, Optimierung der Ladezeiten auf unter 2 Sekunden.",13,7912,DE,DE-TH,PHP,Weiterentwicklung,1,2024,klein,Legacy Bugfixing & Weiterentwicklung,0.78,58
"Wartung und Erweiterung des bestehenden WordPress-Systems von Fischer Handel. Plugin-Updates, Sicherheits-Audit, neue Such- und Filterfunktionen, Optimierung der Ladezeiten auf unter 2 Sekunden.",24,14168,DE,DE-BW,PHP,Weiterentwicklung,1,2021,klein,Legacy Bugfixing & Weiterentwicklung,0.97,67
"Cross-Platform-App (iOS & Android) für Krause Retail mit 12 Screens, Nutzerregistrierung, Push-Notifications, Offline-Fähigkeit durch lokale SQLite-Datenbank und REST-API-Anbindung. React Native.",117,176916,DE,DE-NW,Mobile,Neuentwicklung,3,2022,mittel,Mobile App mittel,0.92,85
"Internes Mitarbeiterportal für Maier Group (80 Nutzer) mit SSO-Anbindung via Azure AD, Urlaubsantrag-Workflow, Dokumentenverwaltung, News-Feed und Organigramm-Darstellung. React Frontend, Node.js Backend, PostgreSQL.",92,210063,CH,CH,JavaScript,Neuentwicklung,3,2022,mittel,Mitarbeiterportal,0.92,116
"WordPress-Website für Maier Group mit 8 Unterseiten, Blog-Funktion, mehrsprachigem Plugin (WPML), individuell entwickeltem Child-Theme und Kontaktformular mit DSGVO-konformer Datenspeicherung.",17,10734,DE,DE-HH,PHP,Neuentwicklung,1,2023,klein,WordPress Website,0.85,70
"Einzel-Landing-Page für Produktlaunch von Klein Software. A/B-Testing-fähig, mehrsprachig (DE/EN), mit CMS-Anbindung für eigenständige Inhaltspflege. Mobile-first Ansatz.",5,3972,DE,DE-SN,JavaScript,Neuentwicklung,1,2024,klein,Landing Page,0.78,70
"WordPress-Website für Maier Group mit 8 Unterseiten, Blog-Funktion, mehrsprachigem Plugin (WPML), individuell entwickeltem Child-Theme und Kontaktformular mit DSGVO-konformer Datenspeicherung.",12,6486,DE,DE-NW,PHP,Neuentwicklung,1,2022,klein,WordPress Website,0.92,65
"Wartung und Erweiterung des bestehenden WordPress-Systems von Weiß Transport. Plugin-Updates, Sicherheits-Audit, neue Such- und Filterfunktionen, Optimierung der Ladezeiten auf unter 2 Sekunden.",21,19859,CH,CH,PHP,Weiterentwicklung,1,2025,klein,Legacy Bugfixing & Weiterentwicklung,0.72,108
"Maßgeschneiderte E-Commerce-Plattform für Koch Industries mit 2.000+ Produkten, Kundenkonto-Bereich, Wunschliste, Produktkonfigurator, Multi-Lager-Verwaltung und Anbindung an Warenwirtschaftssystem.",119,152258,DE,DE-BW,PHP,Neuentwicklung,2,2023,mittel,E-Commerce Platform,0.85,71
"Online-Buchungssystem für Schmidt AG mit Kalenderansicht, automatischen E-Mail-Erinnerungen, Zahlungsintegration via Stripe und Admin-Backend zur Terminverwaltung. React Frontend, Node.js Backend.",22,18513,DE,DE-HH,JavaScript,Neuentwicklung,1,2023,klein,Buchungssystem klein,0.85,82
"Business-Intelligence-Tool für Schulz Media mit automatisierten Tagesberichten, interaktiven Drill-Down-Charts, Anomalie-Erkennung bei KPIs, Slack-Integration für Alerts und Export-Funktion.",124,181584,DE,DE-HH,Python/ML,Neuentwicklung,3,2020,mittel,Reporting & Analytics Tool,1.0,88
"WordPress-Website für Becker & Partner mit 8 Unterseiten, Blog-Funktion, mehrsprachigem Plugin (WPML), individuell entwickeltem Child-Theme und Kontaktformular mit DSGVO-konformer Datenspeicherung.",9,7801,AT,AT,PHP,Neuentwicklung,1,2025,klein,WordPress Website,0.72,71
"Flutter-App für Braun Logistics. Kartenintegration via Google Maps, Foto-Upload mit Bildkomprimierung, Echtzeit-Chat via WebSocket, Biometrie-Login, automatische App-Store-Deployment-Pipeline.",99,197531,DE,DE-NW,Mobile,Neuentwicklung,3,2022,mittel,Mobile App mittel,0.92,85
"Vertriebssteuerungs-CRM für Schulz Media. React, GraphQL API, Angebots-Erstellung mit PDF-Export, Wiedervorlage-System, Outlook-Kalender-Synchronisation, Mobilansicht für Außendienst.",99,110803,DE,DE-BE,JavaScript,Neuentwicklung,2,2021,mittel,CRM-System,0.97,71
"Terminbuchungsportal für Maier Group (bis 5 Mitarbeiter). Kundenlogin, Verfügbarkeitsprüfung in Echtzeit, iCal-Export, SMS-Erinnerungen via Twilio, DSGVO-konformes Datenschutz-Setup.",32,31672,CH,CH,JavaScript,Neuentwicklung,1,2025,klein,Buchungssystem klein,0.72,128
"Einzel-Landing-Page für Produktlaunch von Becker & Partner. A/B-Testing-fähig, mehrsprachig (DE/EN), mit CMS-Anbindung für eigenständige Inhaltspflege. Mobile-first Ansatz.",12,6437,DE,DE-BY,JavaScript,Neuentwicklung,1,2018,klein,Landing Page,1.0,74
"WordPress-Website für Krause Retail mit 8 Unterseiten, Blog-Funktion, mehrsprachigem Plugin (WPML), individuell entwickeltem Child-Theme und Kontaktformular mit DSGVO-konformer Datenspeicherung.",10,6858,DE,DE-BY,PHP,Neuentwicklung,1,2022,klein,WordPress Website,0.92,71
"Shopify-Onlineshop für Hartmann Health. Custom-Theme, bis zu 500 Produkte, Anbindung an DHL-Versandschnittstelle, Gutscheinsystem, Produktbewertungen und Newsletter-Integration.",8,10695,DE,DE-BW,PHP,Neuentwicklung,1,2026,klein,Einfacher Online-Shop,0.68,78
"HR-Self-Service-Portal für Schwarz Energie (150 Mitarbeiter). Vue.js, REST API, Gehaltsabruf-Modul, Weiterbildungskalender, digitale Personalakte, rollenbasierte Zugriffsrechte, DSGVO-konformes Audit-Log.",109,178275,CH,CH,JavaScript,Neuentwicklung,2,2025,mittel,Mitarbeiterportal,0.72,128
"Wartung und Erweiterung des bestehenden WordPress-Systems von Braun Logistics. Plugin-Updates, Sicherheits-Audit, neue Such- und Filterfunktionen, Optimierung der Ladezeiten auf unter 2 Sekunden.",15,11680,DE,DE-BY,PHP,Weiterentwicklung,1,2020,klein,Legacy Bugfixing & Weiterentwicklung,1.0,66
"B2B-Online-Shop für Wagner Immobilien. Shopware 6, kundenspezifische Preislisten, Bestelllimits, CSV-Massenimport, ERP-Schnittstelle zu SAP Business One, Rechnungsstellung per EDI.",183,200015,DE,DE-BY,PHP,Neuentwicklung,2,2022,mittel,E-Commerce Platform,0.92,71
"Middleware-Lösung für Wagner Immobilien zur Anbindung von 4 Drittsystemen (CRM, ERP, Shop, Versand). Message-Queue via RabbitMQ, Retry-Logik, Monitoring-Dashboard, detailliertes Fehler-Logging.",51,94015,CH,CH,Backend,Neuentwicklung,2,2023,mittel,API-Integration Middleware,0.85,126
"Buchungs- und Reservierungsplattform für Schäfer Insurance mit Multi-Location-Support, dynamischer Preisgestaltung, Gruppenreservierungen, Stornogebühren-Logik und Anbindung an Zahlungsanbieter.",42,89625,DE,DE-NW,JavaScript,Neuentwicklung,3,2022,mittel,Buchungssystem mittel,0.92,76
"Maßgeschneiderte E-Commerce-Plattform für Hoffmann Solutions mit 2.000+ Produkten, Kundenkonto-Bereich, Wunschliste, Produktkonfigurator, Multi-Lager-Verwaltung und Anbindung an Warenwirtschaftssystem.",169,209965,AT,AT,PHP,Neuentwicklung,3,2020,mittel,E-Commerce Platform,1.0,60
"Buchungs- und Reservierungsplattform für Wolf Systems mit Multi-Location-Support, dynamischer Preisgestaltung, Gruppenreservierungen, Stornogebühren-Logik und Anbindung an Zahlungsanbieter.",65,79238,AT,AT,JavaScript,Neuentwicklung,2,2022,mittel,Buchungssystem mittel,0.92,76
"REST API für Schulz Media mit 8 Endpoints, JWT-Authentifizierung, PostgreSQL-Datenbank, automatischer Swagger-Dokumentation und Docker-Containerisierung für einfaches Deployment.",9,10320,CH,CH,Backend,Neuentwicklung,1,2019,klein,REST API einfach,1.0,112
"SAP S/4HANA-Anbindung für Weber Consulting. Fiori-ähnliches Portal, RFC-Schnittstellen für MM/PP/FI, Custom ABAP-Entwicklung, Echtzeit-Datensynchronisation, Rollout auf 3 Werke.",238,1030698,DE,DE-HH,SAP,Neuentwicklung,6,2021,gross,SAP-Integration Portal,0.97,114
"Cross-Platform-App (iOS & Android) für Krause Retail mit 12 Screens, Nutzerregistrierung, Push-Notifications, Offline-Fähigkeit durch lokale SQLite-Datenbank und REST-API-Anbindung. React Native.",55,203767,CH,CH,Mobile,Neuentwicklung,3,2024,mittel,Mobile App mittel,0.78,137
"Responsive Landing Page für Koch Industries mit Kontaktformular, SEO-Optimierung und Google Analytics Integration. Design nach Kundenvorgabe in Figma, Umsetzung mit React und Tailwind CSS.",9,7078,DE,DE-NW,JavaScript,Neuentwicklung,1,2023,klein,Landing Page,0.85,78
"Business-Intelligence-Tool für Schäfer Insurance mit automatisierten Tagesberichten, interaktiven Drill-Down-Charts, Anomalie-Erkennung bei KPIs, Slack-Integration für Alerts und Export-Funktion.",51,70692,AT,AT,Python/ML,Neuentwicklung,2,2025,mittel,Reporting & Analytics Tool,0.72,96
"HR-Self-Service-Portal für Becker Pharma (150 Mitarbeiter). Vue.js, REST API, Gehaltsabruf-Modul, Weiterbildungskalender, digitale Personalakte, rollenbasierte Zugriffsrechte, DSGVO-konformes Audit-Log.",86,114334,AT,AT,JavaScript,Neuentwicklung,2,2025,mittel,Mitarbeiterportal,0.72,84
"Internes Mitarbeiterportal für Wagner Immobilien (80 Nutzer) mit SSO-Anbindung via Azure AD, Urlaubsantrag-Workflow, Dokumentenverwaltung, News-Feed und Organigramm-Darstellung. React Frontend, Node.js Backend, PostgreSQL.",69,136825,AT,AT,JavaScript,Neuentwicklung,3,2026,mittel,Mitarbeiterportal,0.68,86
"KPI-Dashboard für Neumann Services. Vue.js Frontend, Echtzeit-Daten via WebSocket, 6 Chart-Typen, automatische E-Mail-Reports, Filterung nach Zeitraum und Region.",19,14203,DE,DE-NW,JavaScript,Neuentwicklung,1,2023,klein,Dashboard einfach,0.85,78
"Business-Intelligence-Tool für Lange Finance mit automatisierten Tagesberichten, interaktiven Drill-Down-Charts, Anomalie-Erkennung bei KPIs, Slack-Integration für Alerts und Export-Funktion.",71,88142,DE,DE-BE,Python/ML,Neuentwicklung,2,2022,mittel,Reporting & Analytics Tool,0.92,84
"Churn-Prediction-System für Müller GmbH. Feature Engineering auf 50+ Variablen, XGBoost-Ensemble, SHAP-Erklärbarkeit, automatische Handlungsempfehlungen, A/B-Test-Framework zur Validierung.",242,753648,DE,DE-NW,Python/ML,Neuentwicklung,6,2021,gross,ML Predictive Analytics,0.97,86
"KI-gestütztes Dokumentenmanagementsystem für Weiß Transport mit automatischer Klassifikation per NLP (BERT), Volltextsuche via Elasticsearch, Versionierung, Zugriffsrollen und DSGVO-konformem Hosting auf deutschen Servern.",294,557245,AT,AT,Python/ML,Neuentwicklung,3,2021,gross,ML Dokumentenmanagement,0.97,86
"Microservice-API für Frank Legal. Python FastAPI, 5 CRUD-Endpoints, Rate-Limiting, API-Key-Verwaltung, automatisierte Tests mit pytest, CI/CD-Pipeline via GitHub Actions.",39,17992,DE,DE-BE,Backend,Neuentwicklung,1,2021,klein,REST API einfach,0.97,74
"SAP S/4HANA-Anbindung für Krüger Education. Fiori-ähnliches Portal, RFC-Schnittstellen für MM/PP/FI, Custom ABAP-Entwicklung, Echtzeit-Datensynchronisation, Rollout auf 3 Werke.",173,666812,DE,DE-BY,SAP,Neuentwicklung,5,2023,gross,SAP-Integration Portal,0.85,126
"Integration-Layer für Schulz Media. Apache Kafka, 6 Kafka-Topics, Schema-Registry, Dead-Letter-Queue, automatisches Alerting bei Verarbeitungsfehlern, API-Rate-Limit-Management.",55,63227,DE,DE-SN,Backend,Neuentwicklung,2,2018,mittel,API-Integration Middleware,1.0,61
"SAP S/4HANA-Anbindung für Hartmann Health. Fiori-ähnliches Portal, RFC-Schnittstellen für MM/PP/FI, Custom ABAP-Entwicklung, Echtzeit-Datensynchronisation, Rollout auf 3 Werke.",108,599937,DE,DE-BY,SAP,Neuentwicklung,7,2024,gross,SAP-Integration Portal,0.78,129
"HR-Self-Service-Portal für Zimmermann IT (150 Mitarbeiter). Vue.js, REST API, Gehaltsabruf-Modul, Weiterbildungskalender, digitale Personalakte, rollenbasierte Zugriffsrechte, DSGVO-konformes Audit-Log.",30,55913,DE,DE-BE,JavaScript,Neuentwicklung,3,2021,mittel,Mitarbeiterportal,0.97,71
"HR-Self-Service-Portal für Müller GmbH (150 Mitarbeiter). Vue.js, REST API, Gehaltsabruf-Modul, Weiterbildungskalender, digitale Personalakte, rollenbasierte Zugriffsrechte, DSGVO-konformes Audit-Log.",94,105510,DE,DE-SN,JavaScript,Neuentwicklung,2,2024,mittel,Mitarbeiterportal,0.78,70
"Integration-Layer für Maier Group. Apache Kafka, 6 Kafka-Topics, Schema-Registry, Dead-Letter-Queue, automatisches Alerting bei Verarbeitungsfehlern, API-Rate-Limit-Management.",62,114808,AT,AT,Backend,Neuentwicklung,3,2022,mittel,API-Integration Middleware,0.92,80
"Enterprise-E-Commerce-Plattform für Köhler Automotive mit 50.000+ Produkten, Multi-Mandanten-Fähigkeit, Echtzeit-Bestandssynchronisation, KI-gestützter Produktempfehlung, A/B-Testing-Framework und DACH-Lokalisierung.",256,635568,AT,AT,Java,Neuentwicklung,4,2019,gross,Enterprise E-Commerce,1.0,75
"Weiterentwicklung und Bugfixing der bestehenden PHP-Anwendung von Frank Legal. Code-Review, Behebung von 15 kritischen Bugs, Performance-Optimierung der Datenbankabfragen, Upgrade auf PHP 8.2.",23,13643,AT,AT,PHP,Weiterentwicklung,1,2021,klein,Legacy Bugfixing & Weiterentwicklung,0.97,63
"Predictive-Analytics-Plattform für Klein Software. Nachfrageprognose mit LSTM-Modell (MAPE < 8%), Anomalie-Erkennung im Produktionsprozess, MLflow für Modell-Versionierung, REST API für ERP-Anbindung, monatliches Retraining.",198,433627,DE,DE-SN,Python/ML,Neuentwicklung,3,2024,gross,ML Predictive Analytics,0.78,81
"WooCommerce-Shop für Krause Retail mit bis zu 200 Produkten, Stripe- und PayPal-Zahlungsanbindung, automatisierter Bestellbestätigung per E-Mail und einfacher Lagerverwaltung.",32,20725,DE,DE-BY,PHP,Neuentwicklung,1,2023,klein,Einfacher Online-Shop,0.85,73
"Churn-Prediction-System für Becker & Partner. Feature Engineering auf 50+ Variablen, XGBoost-Ensemble, SHAP-Erklärbarkeit, automatische Handlungsempfehlungen, A/B-Test-Framework zur Validierung.",198,410380,DE,DE-BE,Python/ML,Neuentwicklung,3,2023,gross,ML Predictive Analytics,0.85,87
"Terminbuchungsportal für Krüger Education (bis 5 Mitarbeiter). Kundenlogin, Verfügbarkeitsprüfung in Echtzeit, iCal-Export, SMS-Erinnerungen via Twilio, DSGVO-konformes Datenschutz-Setup.",30,15577,AT,AT,JavaScript,Neuentwicklung,1,2021,klein,Buchungssystem klein,0.97,74
"Analyse-Dashboard für Meier Manufacturing mit Python Dash, Anbindung an 3 Datenquellen, Zeitreihenanalyse, Prognose-Modell für nächste 30 Tage, rollenbasierte Sichtbarkeit.",21,62797,DE,DE-HE,Python/ML,Neuentwicklung,3,2022,mittel,Reporting & Analytics Tool,0.92,90
"REST API für Becker & Partner mit 8 Endpoints, JWT-Authentifizierung, PostgreSQL-Datenbank, automatischer Swagger-Dokumentation und Docker-Containerisierung für einfaches Deployment.",31,27289,CH,CH,Backend,Neuentwicklung,1,2021,klein,REST API einfach,0.97,118
"Maßgeschneiderte E-Commerce-Plattform für Neumann Services mit 2.000+ Produkten, Kundenkonto-Bereich, Wunschliste, Produktkonfigurator, Multi-Lager-Verwaltung und Anbindung an Warenwirtschaftssystem.",102,158697,AT,AT,PHP,Neuentwicklung,3,2024,mittel,E-Commerce Platform,0.78,69
"Unternehmenswebsite für Weber Consulting auf WordPress-Basis. Custom-Theme-Entwicklung, WooCommerce-Integration für digitale Downloads, SEO-Plugin-Konfiguration, Hosting-Setup.",16,8340,DE,DE-HE,PHP,Neuentwicklung,1,2026,klein,WordPress Website,0.68,75
"Microservice-API für Neumann Services. Python FastAPI, 5 CRUD-Endpoints, Rate-Limiting, API-Key-Verwaltung, automatisierte Tests mit pytest, CI/CD-Pipeline via GitHub Actions.",29,14921,AT,AT,Backend,Neuentwicklung,1,2021,klein,REST API einfach,0.97,77
"Datenmigration für Meier Manufacturing von Oracle 11g auf PostgreSQL 15. Schema-Mapping, Stored-Procedure-Umschreibung, Performance-Tests, Zero-Downtime-Migration mit Dual-Write-Ansatz.",95,136193,AT,AT,Backend,Migration,3,2019,mittel,Datenmigraton,1.0,73
"KPI-Dashboard für Becker & Partner. Vue.js Frontend, Echtzeit-Daten via WebSocket, 6 Chart-Typen, automatische E-Mail-Reports, Filterung nach Zeitraum und Region.",31,16616,DE,DE-TH,JavaScript,Neuentwicklung,1,2023,klein,Dashboard einfach,0.85,66
"Business-Intelligence-Tool für Wolf Systems mit automatisierten Tagesberichten, interaktiven Drill-Down-Charts, Anomalie-Erkennung bei KPIs, Slack-Integration für Alerts und Export-Funktion.",89,92324,DE,DE-TH,Python/ML,Neuentwicklung,2,2021,mittel,Reporting & Analytics Tool,0.97,72
"Vertriebssteuerungs-CRM für Wolf Systems. React, GraphQL API, Angebots-Erstellung mit PDF-Export, Wiedervorlage-System, Outlook-Kalender-Synchronisation, Mobilansicht für Außendienst.",138,178966,DE,DE-TH,JavaScript,Neuentwicklung,3,2023,mittel,CRM-System,0.85,66
"Weiterentwicklung und Bugfixing der bestehenden PHP-Anwendung von Becker & Partner. Code-Review, Behebung von 15 kritischen Bugs, Performance-Optimierung der Datenbankabfragen, Upgrade auf PHP 8.2.",17,9199,DE,DE-SN,PHP,Weiterentwicklung,1,2024,klein,Legacy Bugfixing & Weiterentwicklung,0.78,59
"Weiterentwicklung und Bugfixing der bestehenden PHP-Anwendung von Weiß Transport. Code-Review, Behebung von 15 kritischen Bugs, Performance-Optimierung der Datenbankabfragen, Upgrade auf PHP 8.2.",5,7194,DE,DE-NW,PHP,Weiterentwicklung,1,2023,klein,Legacy Bugfixing & Weiterentwicklung,0.85,67
"Vertriebssteuerungs-CRM für Lange Finance. React, GraphQL API, Angebots-Erstellung mit PDF-Export, Wiedervorlage-System, Outlook-Kalender-Synchronisation, Mobilansicht für Außendienst.",77,135234,DE,DE-NW,JavaScript,Neuentwicklung,3,2023,mittel,CRM-System,0.85,78
"Integration-Layer für Richter Tech. Apache Kafka, 6 Kafka-Topics, Schema-Registry, Dead-Letter-Queue, automatisches Alerting bei Verarbeitungsfehlern, API-Rate-Limit-Management.",88,112613,DE,DE-HE,Backend,Neuentwicklung,2,2023,mittel,API-Integration Middleware,0.85,85
"Cross-Platform-App (iOS & Android) für Weber Consulting mit 12 Screens, Nutzerregistrierung, Push-Notifications, Offline-Fähigkeit durch lokale SQLite-Datenbank und REST-API-Anbindung. React Native.",52,106742,AT,AT,Mobile,Neuentwicklung,3,2023,mittel,Mobile App mittel,0.85,87
"B2B-Online-Shop für Schwarz Energie. Shopware 6, kundenspezifische Preislisten, Bestelllimits, CSV-Massenimport, ERP-Schnittstelle zu SAP Business One, Rechnungsstellung per EDI.",164,265805,CH,CH,PHP,Neuentwicklung,3,2018,mittel,E-Commerce Platform,1.0,88
"KPI-Dashboard für Klein Software. Vue.js Frontend, Echtzeit-Daten via WebSocket, 6 Chart-Typen, automatische E-Mail-Reports, Filterung nach Zeitraum und Region.",21,21786,CH,CH,JavaScript,Neuentwicklung,1,2019,klein,Dashboard einfach,1.0,107
"Datenmigration für Braun Logistics von Oracle 11g auf PostgreSQL 15. Schema-Mapping, Stored-Procedure-Umschreibung, Performance-Tests, Zero-Downtime-Migration mit Dual-Write-Ansatz.",29,104591,CH,CH,Backend,Migration,3,2025,mittel,Datenmigraton,1.0,134
"Weiterentwicklung und Bugfixing der bestehenden PHP-Anwendung von Braun Logistics. Code-Review, Behebung von 15 kritischen Bugs, Performance-Optimierung der Datenbankabfragen, Upgrade auf PHP 8.2.",12,5806,DE,DE-TH,PHP,Weiterentwicklung,1,2020,klein,Legacy Bugfixing & Weiterentwicklung,1.0,51
"HR-Self-Service-Portal für Weiß Transport (150 Mitarbeiter). Vue.js, REST API, Gehaltsabruf-Modul, Weiterbildungskalender, digitale Personalakte, rollenbasierte Zugriffsrechte, DSGVO-konformes Audit-Log.",83,129030,AT,AT,JavaScript,Neuentwicklung,3,2019,mittel,Mitarbeiterportal,1.0,70
"Maßgeschneiderte E-Commerce-Plattform für Braun Logistics mit 2.000+ Produkten, Kundenkonto-Bereich, Wunschliste, Produktkonfigurator, Multi-Lager-Verwaltung und Anbindung an Warenwirtschaftssystem.",98,180900,CH,CH,PHP,Neuentwicklung,2,2020,mittel,E-Commerce Platform,1.0,92
"B2B-Online-Shop für Frank Legal. Shopware 6, kundenspezifische Preislisten, Bestelllimits, CSV-Massenimport, ERP-Schnittstelle zu SAP Business One, Rechnungsstellung per EDI.",115,166239,AT,AT,PHP,Neuentwicklung,3,2023,mittel,E-Commerce Platform,0.85,67
"Internes Mitarbeiterportal für Fischer Handel (80 Nutzer) mit SSO-Anbindung via Azure AD, Urlaubsantrag-Workflow, Dokumentenverwaltung, News-Feed und Organigramm-Darstellung. React Frontend, Node.js Backend, PostgreSQL.",93,155687,DE,DE-HE,JavaScript,Neuentwicklung,3,2024,mittel,Mitarbeiterportal,0.78,84
"Krankenhausinformationssystem-Modul für Hartmann Health. HL7-Messaging, DICOM-Viewer-Integration, Medikationsplan-Modul nach BMP-Standard, IHE-XDS-Dokumentenmanagement, BSI-Grundschutz.",396,1223677,DE,DE-NW,Java,Neuentwicklung,6,2019,gross,Gesundheitswesenportal,1.0,75
"Maßgeschneiderte E-Commerce-Plattform für Braun Logistics mit 2.000+ Produkten, Kundenkonto-Bereich, Wunschliste, Produktkonfigurator, Multi-Lager-Verwaltung und Anbindung an Warenwirtschaftssystem.",90,233165,CH,CH,PHP,Neuentwicklung,3,2023,mittel,E-Commerce Platform,0.85,102
"Management-Dashboard für Köhler Automotive zur Visualisierung von Verkaufszahlen. React mit Recharts, Datenbankanbindung über bestehende API, Exportfunktion als PDF/Excel, Nutzerrollen-System.",15,11352,DE,DE-HH,JavaScript,Neuentwicklung,1,2023,klein,Dashboard einfach,0.85,82
"Wartung und Erweiterung des bestehenden WordPress-Systems von Frank Legal. Plugin-Updates, Sicherheits-Audit, neue Such- und Filterfunktionen, Optimierung der Ladezeiten auf unter 2 Sekunden.",17,11825,DE,DE-HE,PHP,Weiterentwicklung,1,2024,klein,Legacy Bugfixing & Weiterentwicklung,0.78,71
"Enterprise-E-Commerce-Plattform für Krause Retail mit 50.000+ Produkten, Multi-Mandanten-Fähigkeit, Echtzeit-Bestandssynchronisation, KI-gestützter Produktempfehlung, A/B-Testing-Framework und DACH-Lokalisierung.",247,578723,AT,AT,Java,Neuentwicklung,3,2019,gross,Enterprise E-Commerce,1.0,75
"REST API für Krüger Education mit 8 Endpoints, JWT-Authentifizierung, PostgreSQL-Datenbank, automatischer Swagger-Dokumentation und Docker-Containerisierung für einfaches Deployment.",18,20158,CH,CH,Backend,Neuentwicklung,1,2023,klein,REST API einfach,0.85,126
"KI-gestütztes Dokumentenmanagementsystem für Maier Group mit automatischer Klassifikation per NLP (BERT), Volltextsuche via Elasticsearch, Versionierung, Zugriffsrollen und DSGVO-konformem Hosting auf deutschen Servern.",170,318944,DE,DE-TH,Python/ML,Neuentwicklung,4,2019,gross,ML Dokumentenmanagement,1.0,67
"REST API für Frank Legal mit 8 Endpoints, JWT-Authentifizierung, PostgreSQL-Datenbank, automatischer Swagger-Dokumentation und Docker-Containerisierung für einfaches Deployment.",19,17426,AT,AT,Backend,Neuentwicklung,1,2025,klein,REST API einfach,0.72,88
"Internes Mitarbeiterportal für Lange Finance (80 Nutzer) mit SSO-Anbindung via Azure AD, Urlaubsantrag-Workflow, Dokumentenverwaltung, News-Feed und Organigramm-Darstellung. React Frontend, Node.js Backend, PostgreSQL.",88,198966,CH,CH,JavaScript,Neuentwicklung,3,2021,mittel,Mitarbeiterportal,0.97,113
"Responsive Landing Page für Wolf Systems mit Kontaktformular, SEO-Optimierung und Google Analytics Integration. Design nach Kundenvorgabe in Figma, Umsetzung mit React und Tailwind CSS.",7,5686,DE,DE-BY,JavaScript,Neuentwicklung,1,2026,klein,Landing Page,0.68,94
"Unternehmensweite Prozessplattform für Maier Group auf .NET 8 Basis. Workflow-Engine für 20 Genehmigungsprozesse, Power BI Embedded für Berichte, Azure AD Integration, On-Premise-Deployment auf Kundensystemen.",278,968690,DE,DE-BE,.NET,Neuentwicklung,7,2023,gross,.NET Enterprise Platform,0.85,79
"Cross-Platform-App (iOS & Android) für Schwarz Energie mit 12 Screens, Nutzerregistrierung, Push-Notifications, Offline-Fähigkeit durch lokale SQLite-Datenbank und REST-API-Anbindung. React Native.",79,120211,DE,DE-NW,Mobile,Neuentwicklung,2,2024,mittel,Mobile App mittel,0.78,90
"B2B-Online-Shop für Becker & Partner. Shopware 6, kundenspezifische Preislisten, Bestelllimits, CSV-Massenimport, ERP-Schnittstelle zu SAP Business One, Rechnungsstellung per EDI.",85,141336,AT,AT,PHP,Neuentwicklung,3,2024,mittel,E-Commerce Platform,0.78,69
"Shopify-Onlineshop für Schmidt AG. Custom-Theme, bis zu 500 Produkte, Anbindung an DHL-Versandschnittstelle, Gutscheinsystem, Produktbewertungen und Newsletter-Integration.",23,16504,CH,CH,PHP,Neuentwicklung,1,2025,klein,Einfacher Online-Shop,0.72,108
"REST API für Lange Finance mit 8 Endpoints, JWT-Authentifizierung, PostgreSQL-Datenbank, automatischer Swagger-Dokumentation und Docker-Containerisierung für einfaches Deployment.",19,14879,DE,DE-BE,Backend,Neuentwicklung,1,2024,klein,REST API einfach,0.78,81
"Enterprise-E-Commerce-Plattform für Becker & Partner mit 50.000+ Produkten, Multi-Mandanten-Fähigkeit, Echtzeit-Bestandssynchronisation, KI-gestützter Produktempfehlung, A/B-Testing-Framework und DACH-Lokalisierung.",271,923034,DE,DE-BE,Java,Neuentwicklung,6,2022,gross,Enterprise E-Commerce,0.92,79
"Microservice-API für Schäfer Insurance. Python FastAPI, 5 CRUD-Endpoints, Rate-Limiting, API-Key-Verwaltung, automatisierte Tests mit pytest, CI/CD-Pipeline via GitHub Actions.",27,16445,DE,DE-NW,Backend,Neuentwicklung,1,2024,klein,REST API einfach,0.78,85
"B2B-Handelsplattform für Krüger Education. Microservices-Architektur (12 Services), Kubernetes-Deployment, Punchout-Katalog für EDI-Anbindung, dynamische Preislogik, Self-Service-Kundenportal.",311,1733447,CH,CH,Java,Neuentwicklung,7,2021,gross,Enterprise E-Commerce,0.97,121
"Responsive Landing Page für Wagner Immobilien mit Kontaktformular, SEO-Optimierung und Google Analytics Integration. Design nach Kundenvorgabe in Figma, Umsetzung mit React und Tailwind CSS.",14,6926,DE,DE-SN,JavaScript,Neuentwicklung,1,2023,klein,Landing Page,0.85,67
"Business-Intelligence-Tool für Becker & Partner mit automatisierten Tagesberichten, interaktiven Drill-Down-Charts, Anomalie-Erkennung bei KPIs, Slack-Integration für Alerts und Export-Funktion.",71,154714,CH,CH,Python/ML,Neuentwicklung,2,2024,mittel,Reporting & Analytics Tool,0.78,144
"Responsive Landing Page für Weiß Transport mit Kontaktformular, SEO-Optimierung und Google Analytics Integration. Design nach Kundenvorgabe in Figma, Umsetzung mit React und Tailwind CSS.",10,5944,AT,AT,JavaScript,Neuentwicklung,1,2024,klein,Landing Page,0.78,81
"Event-Ticketing-System für Braun Logistics. Next.js, Seat-Map-Visualisierung, QR-Code-Ticket-Generierung, Warteliste, Gutscheinverwaltung, automatische Kapazitätssteuerung.",52,104676,AT,AT,JavaScript,Neuentwicklung,3,2024,mittel,Buchungssystem mittel,0.78,81
"Churn-Prediction-System für Krause Retail. Feature Engineering auf 50+ Variablen, XGBoost-Ensemble, SHAP-Erklärbarkeit, automatische Handlungsempfehlungen, A/B-Test-Framework zur Validierung.",184,779712,DE,DE-BY,Python/ML,Neuentwicklung,6,2024,gross,ML Predictive Analytics,0.78,103
"Microservice-API für Wagner Immobilien. Python FastAPI, 5 CRUD-Endpoints, Rate-Limiting, API-Key-Verwaltung, automatisierte Tests mit pytest, CI/CD-Pipeline via GitHub Actions.",26,17198,DE,DE-HH,Backend,Neuentwicklung,1,2018,klein,REST API einfach,1.0,74
"Middleware-Lösung für Meier Manufacturing zur Anbindung von 4 Drittsystemen (CRM, ERP, Shop, Versand). Message-Queue via RabbitMQ, Retry-Logik, Monitoring-Dashboard, detailliertes Fehler-Logging.",92,111527,DE,DE-NW,Backend,Neuentwicklung,2,2025,mittel,API-Integration Middleware,0.72,88
"Internes Mitarbeiterportal für Hoffmann Solutions (80 Nutzer) mit SSO-Anbindung via Azure AD, Urlaubsantrag-Workflow, Dokumentenverwaltung, News-Feed und Organigramm-Darstellung. React Frontend, Node.js Backend, PostgreSQL.",89,129574,AT,AT,JavaScript,Neuentwicklung,3,2020,mittel,Mitarbeiterportal,1.0,72
"Shopify-Onlineshop für Braun Logistics. Custom-Theme, bis zu 500 Produkte, Anbindung an DHL-Versandschnittstelle, Gutscheinsystem, Produktbewertungen und Newsletter-Integration.",16,13108,DE,DE-BW,PHP,Neuentwicklung,1,2025,klein,Einfacher Online-Shop,0.72,76
"Weiterentwicklung und Bugfixing der bestehenden PHP-Anwendung von Frank Legal. Code-Review, Behebung von 15 kritischen Bugs, Performance-Optimierung der Datenbankabfragen, Upgrade auf PHP 8.2.",21,16978,CH,CH,PHP,Weiterentwicklung,1,2022,klein,Legacy Bugfixing & Weiterentwicklung,0.92,99
"Analyse-Dashboard für Weber Consulting mit Python Dash, Anbindung an 3 Datenquellen, Zeitreihenanalyse, Prognose-Modell für nächste 30 Tage, rollenbasierte Sichtbarkeit.",47,105409,DE,DE-HE,Python/ML,Neuentwicklung,3,2024,mittel,Reporting & Analytics Tool,0.78,97
"Business-Intelligence-Tool für Krause Retail mit automatisierten Tagesberichten, interaktiven Drill-Down-Charts, Anomalie-Erkennung bei KPIs, Slack-Integration für Alerts und Export-Funktion.",92,126396,DE,DE-HE,Python/ML,Neuentwicklung,2,2025,mittel,Reporting & Analytics Tool,0.72,99
"REST API für Müller GmbH mit 8 Endpoints, JWT-Authentifizierung, PostgreSQL-Datenbank, automatischer Swagger-Dokumentation und Docker-Containerisierung für einfaches Deployment.",26,22228,CH,CH,Backend,Neuentwicklung,1,2020,klein,REST API einfach,1.0,115
"Responsive Landing Page für Wolf Systems mit Kontaktformular, SEO-Optimierung und Google Analytics Integration. Design nach Kundenvorgabe in Figma, Umsetzung mit React und Tailwind CSS.",7,5896,CH,CH,JavaScript,Neuentwicklung,1,2018,klein,Landing Page,1.0,104
"REST API für Schwarz Energie mit 8 Endpoints, JWT-Authentifizierung, PostgreSQL-Datenbank, automatischer Swagger-Dokumentation und Docker-Containerisierung für einfaches Deployment.",19,22061,CH,CH,Backend,Neuentwicklung,1,2022,klein,REST API einfach,0.92,123
"Maßgeschneiderte E-Commerce-Plattform für Wagner Immobilien mit 2.000+ Produkten, Kundenkonto-Bereich, Wunschliste, Produktkonfigurator, Multi-Lager-Verwaltung und Anbindung an Warenwirtschaftssystem.",103,112001,AT,AT,PHP,Neuentwicklung,2,2019,mittel,E-Commerce Platform,1.0,59
"Buchungs- und Reservierungsplattform für Richter Tech mit Multi-Location-Support, dynamischer Preisgestaltung, Gruppenreservierungen, Stornogebühren-Logik und Anbindung an Zahlungsanbieter.",67,161587,CH,CH,JavaScript,Neuentwicklung,3,2021,mittel,Buchungssystem mittel,0.97,113
"Unternehmenswebsite für Becker Pharma auf WordPress-Basis. Custom-Theme-Entwicklung, WooCommerce-Integration für digitale Downloads, SEO-Plugin-Konfiguration, Hosting-Setup.",26,13171,DE,DE-NW,PHP,Neuentwicklung,1,2023,klein,WordPress Website,0.85,67
"Unternehmenswebsite für Schmidt AG auf WordPress-Basis. Custom-Theme-Entwicklung, WooCommerce-Integration für digitale Downloads, SEO-Plugin-Konfiguration, Hosting-Setup.",14,8463,DE,DE-HH,PHP,Neuentwicklung,1,2018,klein,WordPress Website,1.0,60
"Unternehmensportal für Bauer Digital (800 Mitarbeiter) mit bidirektionaler SAP HR-Schnittstelle, SSO via Azure AD, Urlaubsmanagement, Zeiterfassung, Gehaltsabruf und Weiterbildungsmodul. React Frontend, Java Spring Boot Backend.",146,578640,AT,AT,SAP,Neuentwicklung,7,2018,gross,SAP-Integration Portal,1.0,99
"WordPress-Website für Krause Retail mit 8 Unterseiten, Blog-Funktion, mehrsprachigem Plugin (WPML), individuell entwickeltem Child-Theme und Kontaktformular mit DSGVO-konformer Datenspeicherung.",21,8099,AT,AT,PHP,Neuentwicklung,1,2018,klein,WordPress Website,1.0,57
"Churn-Prediction-System für Meier Manufacturing. Feature Engineering auf 50+ Variablen, XGBoost-Ensemble, SHAP-Erklärbarkeit, automatische Handlungsempfehlungen, A/B-Test-Framework zur Validierung.",144,454349,DE,DE-HE,Python/ML,Neuentwicklung,4,2025,gross,ML Predictive Analytics,0.72,99
"WooCommerce-Shop für Schulz Media mit bis zu 200 Produkten, Stripe- und PayPal-Zahlungsanbindung, automatisierter Bestellbestätigung per E-Mail und einfacher Lagerverwaltung.",30,10734,AT,AT,PHP,Neuentwicklung,1,2019,klein,Einfacher Online-Shop,1.0,59
"Analyse-Dashboard für Schwarz Energie mit Python Dash, Anbindung an 3 Datenquellen, Zeitreihenanalyse, Prognose-Modell für nächste 30 Tage, rollenbasierte Sichtbarkeit.",45,88040,DE,DE-HH,Python/ML,Neuentwicklung,3,2022,mittel,Reporting & Analytics Tool,0.92,92
"WooCommerce-Shop für Koch Industries mit bis zu 200 Produkten, Stripe- und PayPal-Zahlungsanbindung, automatisierter Bestellbestätigung per E-Mail und einfacher Lagerverwaltung.",24,17616,DE,DE-BW,PHP,Neuentwicklung,1,2025,klein,Einfacher Online-Shop,0.72,76
"Buchungs- und Reservierungsplattform für Neumann Services mit Multi-Location-Support, dynamischer Preisgestaltung, Gruppenreservierungen, Stornogebühren-Logik und Anbindung an Zahlungsanbieter.",50,77824,DE,DE-BE,JavaScript,Neuentwicklung,3,2020,mittel,Buchungssystem mittel,1.0,69
"REST API für Neumann Services mit 8 Endpoints, JWT-Authentifizierung, PostgreSQL-Datenbank, automatischer Swagger-Dokumentation und Docker-Containerisierung für einfaches Deployment.",13,9957,AT,AT,Backend,Neuentwicklung,1,2025,klein,REST API einfach,0.72,88
"Buchungs- und Reservierungsplattform für Fischer Handel mit Multi-Location-Support, dynamischer Preisgestaltung, Gruppenreservierungen, Stornogebühren-Logik und Anbindung an Zahlungsanbieter.",70,100004,DE,DE-BE,JavaScript,Neuentwicklung,3,2020,mittel,Buchungssystem mittel,1.0,69
"Datenmigration für Wolf Systems von Oracle 11g auf PostgreSQL 15. Schema-Mapping, Stored-Procedure-Umschreibung, Performance-Tests, Zero-Downtime-Migration mit Dual-Write-Ansatz.",120,118459,DE,DE-SN,Backend,Migration,2,2025,mittel,Datenmigraton,1.0,75
"WooCommerce-Shop für Braun Logistics mit bis zu 200 Produkten, Stripe- und PayPal-Zahlungsanbindung, automatisierter Bestellbestätigung per E-Mail und einfacher Lagerverwaltung.",21,14321,DE,DE-HH,PHP,Neuentwicklung,1,2025,klein,Einfacher Online-Shop,0.72,74
"Wartung und Erweiterung des bestehenden WordPress-Systems von Müller GmbH. Plugin-Updates, Sicherheits-Audit, neue Such- und Filterfunktionen, Optimierung der Ladezeiten auf unter 2 Sekunden.",9,9262,DE,DE-BY,PHP,Weiterentwicklung,1,2025,klein,Legacy Bugfixing & Weiterentwicklung,0.72,78
"Cross-Platform-App (iOS & Android) für Frank Legal mit 12 Screens, Nutzerregistrierung, Push-Notifications, Offline-Fähigkeit durch lokale SQLite-Datenbank und REST-API-Anbindung. React Native.",104,127713,AT,AT,Mobile,Neuentwicklung,2,2021,mittel,Mobile App mittel,0.97,82
"Ablösung des Legacy-Systems von Becker Pharma (15 Jahre alt, COBOL/Oracle). Strangler-Fig-Muster, schrittweise Migration von 40 Modulen, paralleler Betrieb beider Systeme für 6 Monate, Zero-Downtime-Cutover.",554,1994154,DE,DE-BW,Java,Migration,7,2025,gross,Legacy Migration Enterprise,1.0,96
"Unternehmensportal für Neumann Services (800 Mitarbeiter) mit bidirektionaler SAP HR-Schnittstelle, SSO via Azure AD, Urlaubsmanagement, Zeiterfassung, Gehaltsabruf und Weiterbildungsmodul. React Frontend, Java Spring Boot Backend.",203,1461585,CH,CH,SAP,Neuentwicklung,7,2024,gross,SAP-Integration Portal,0.78,180
"Buchungs- und Reservierungsplattform für Hoffmann Solutions mit Multi-Location-Support, dynamischer Preisgestaltung, Gruppenreservierungen, Stornogebühren-Logik und Anbindung an Zahlungsanbieter.",83,101707,DE,DE-TH,JavaScript,Neuentwicklung,3,2022,mittel,Buchungssystem mittel,0.92,64
"WooCommerce-Shop für Zimmermann IT mit bis zu 200 Produkten, Stripe- und PayPal-Zahlungsanbindung, automatisierter Bestellbestätigung per E-Mail und einfacher Lagerverwaltung.",25,8547,DE,DE-TH,PHP,Neuentwicklung,1,2023,klein,Einfacher Online-Shop,0.85,56
"HR-Self-Service-Portal für Schulz Media (150 Mitarbeiter). Vue.js, REST API, Gehaltsabruf-Modul, Weiterbildungskalender, digitale Personalakte, rollenbasierte Zugriffsrechte, DSGVO-konformes Audit-Log.",24,88011,CH,CH,JavaScript,Neuentwicklung,2,2026,mittel,Mitarbeiterportal,0.68,131
"SAP S/4HANA-Anbindung für Wolf Systems. Fiori-ähnliches Portal, RFC-Schnittstellen für MM/PP/FI, Custom ABAP-Entwicklung, Echtzeit-Datensynchronisation, Rollout auf 3 Werke.",230,454736,AT,AT,SAP,Neuentwicklung,3,2018,gross,SAP-Integration Portal,1.0,99
"Ablösung des Legacy-Systems von Krause Retail (15 Jahre alt, COBOL/Oracle). Strangler-Fig-Muster, schrittweise Migration von 40 Modulen, paralleler Betrieb beider Systeme für 6 Monate, Zero-Downtime-Cutover.",391,2539330,CH,CH,Java,Migration,7,2024,gross,Legacy Migration Enterprise,1.0,134
"Enterprise-E-Commerce-Plattform für Schulz Media mit 50.000+ Produkten, Multi-Mandanten-Fähigkeit, Echtzeit-Bestandssynchronisation, KI-gestützter Produktempfehlung, A/B-Testing-Framework und DACH-Lokalisierung.",223,755861,DE,DE-SN,Java,Neuentwicklung,5,2025,gross,Enterprise E-Commerce,0.72,77
"Cross-Platform-App (iOS & Android) für Krause Retail mit 12 Screens, Nutzerregistrierung, Push-Notifications, Offline-Fähigkeit durch lokale SQLite-Datenbank und REST-API-Anbindung. React Native.",50,76167,DE,DE-SN,Mobile,Neuentwicklung,2,2022,mittel,Mobile App mittel,0.92,72
"Flutter-App für Schäfer Insurance. Kartenintegration via Google Maps, Foto-Upload mit Bildkomprimierung, Echtzeit-Chat via WebSocket, Biometrie-Login, automatische App-Store-Deployment-Pipeline.",100,154700,DE,DE-NW,Mobile,Neuentwicklung,3,2019,mittel,Mobile App mittel,1.0,77
"Intelligentes Archivierungssystem für Fischer Handel. OCR-Pipeline für Papierdokumente, ML-Modell zur Erkennung von Dokumententypen (98% Accuracy), automatische Metadaten-Extraktion, API für Drittsysteme.",99,331444,DE,DE-HH,Python/ML,Neuentwicklung,4,2024,gross,ML Dokumentenmanagement,0.78,99
"Enterprise-E-Commerce-Plattform für Weiß Transport mit 50.000+ Produkten, Multi-Mandanten-Fähigkeit, Echtzeit-Bestandssynchronisation, KI-gestützter Produktempfehlung, A/B-Testing-Framework und DACH-Lokalisierung.",221,389534,DE,DE-SN,Java,Neuentwicklung,3,2024,gross,Enterprise E-Commerce,0.78,75
"Ablösung des Legacy-Systems von Köhler Automotive (15 Jahre alt, COBOL/Oracle). Strangler-Fig-Muster, schrittweise Migration von 40 Modulen, paralleler Betrieb beider Systeme für 6 Monate, Zero-Downtime-Cutover.",387,1474303,DE,DE-HH,Java,Migration,6,2020,gross,Legacy Migration Enterprise,1.0,81
"Event-Ticketing-System für Hoffmann Solutions. Next.js, Seat-Map-Visualisierung, QR-Code-Ticket-Generierung, Warteliste, Gutscheinverwaltung, automatische Kapazitätssteuerung.",22,32537,DE,DE-SN,JavaScript,Neuentwicklung,2,2019,mittel,Buchungssystem mittel,1.0,60
"Krankenhausinformationssystem-Modul für Frank Legal. HL7-Messaging, DICOM-Viewer-Integration, Medikationsplan-Modul nach BMP-Standard, IHE-XDS-Dokumentenmanagement, BSI-Grundschutz.",223,711903,AT,AT,Java,Neuentwicklung,4,2024,gross,Gesundheitswesenportal,0.78,88
"REST API für Becker Pharma mit 8 Endpoints, JWT-Authentifizierung, PostgreSQL-Datenbank, automatischer Swagger-Dokumentation und Docker-Containerisierung für einfaches Deployment.",35,22798,DE,DE-HH,Backend,Neuentwicklung,1,2020,klein,REST API einfach,1.0,79
"Responsive Landing Page für Richter Tech mit Kontaktformular, SEO-Optimierung und Google Analytics Integration. Design nach Kundenvorgabe in Figma, Umsetzung mit React und Tailwind CSS.",14,8740,DE,DE-BW,JavaScript,Neuentwicklung,1,2019,klein,Landing Page,1.0,75
"Flutter-App für Meier Manufacturing. Kartenintegration via Google Maps, Foto-Upload mit Bildkomprimierung, Echtzeit-Chat via WebSocket, Biometrie-Login, automatische App-Store-Deployment-Pipeline.",69,108738,DE,DE-BY,Mobile,Neuentwicklung,2,2021,mittel,Mobile App mittel,0.97,90
"Ablösung des Legacy-Systems von Fischer Handel (15 Jahre alt, COBOL/Oracle). Strangler-Fig-Muster, schrittweise Migration von 40 Modulen, paralleler Betrieb beider Systeme für 6 Monate, Zero-Downtime-Cutover.",329,1290034,AT,AT,Java,Migration,6,2025,gross,Legacy Migration Enterprise,1.0,90
"Weiterentwicklung und Bugfixing der bestehenden PHP-Anwendung von Koch Industries. Code-Review, Behebung von 15 kritischen Bugs, Performance-Optimierung der Datenbankabfragen, Upgrade auf PHP 8.2.",13,10156,DE,DE-HE,PHP,Weiterentwicklung,1,2024,klein,Legacy Bugfixing & Weiterentwicklung,0.78,71
"Churn-Prediction-System für Köhler Automotive. Feature Engineering auf 50+ Variablen, XGBoost-Ensemble, SHAP-Erklärbarkeit, automatische Handlungsempfehlungen, A/B-Test-Framework zur Validierung.",228,782207,DE,DE-HE,Python/ML,Neuentwicklung,6,2021,gross,ML Predictive Analytics,0.97,88
"Wartung und Erweiterung des bestehenden WordPress-Systems von Schmidt AG. Plugin-Updates, Sicherheits-Audit, neue Such- und Filterfunktionen, Optimierung der Ladezeiten auf unter 2 Sekunden.",15,7974,DE,DE-NW,PHP,Weiterentwicklung,1,2018,klein,Legacy Bugfixing & Weiterentwicklung,1.0,57
"KPI-Dashboard für Hartmann Health. Vue.js Frontend, Echtzeit-Daten via WebSocket, 6 Chart-Typen, automatische E-Mail-Reports, Filterung nach Zeitraum und Region.",31,17257,DE,DE-SN,JavaScript,Neuentwicklung,1,2022,klein,Dashboard einfach,0.92,65
"Middleware-Lösung für Koch Industries zur Anbindung von 4 Drittsystemen (CRM, ERP, Shop, Versand). Message-Queue via RabbitMQ, Retry-Logik, Monitoring-Dashboard, detailliertes Fehler-Logging.",77,139659,DE,DE-BE,Backend,Neuentwicklung,3,2024,mittel,API-Integration Middleware,0.78,81
"Responsive Landing Page für Köhler Automotive mit Kontaktformular, SEO-Optimierung und Google Analytics Integration. Design nach Kundenvorgabe in Figma, Umsetzung mit React und Tailwind CSS.",13,11806,CH,CH,JavaScript,Neuentwicklung,1,2025,klein,Landing Page,0.72,128
"Weiterentwicklung und Bugfixing der bestehenden PHP-Anwendung von Krüger Education. Code-Review, Behebung von 15 kritischen Bugs, Performance-Optimierung der Datenbankabfragen, Upgrade auf PHP 8.2.",9,7888,DE,DE-BW,PHP,Weiterentwicklung,1,2025,klein,Legacy Bugfixing & Weiterentwicklung,0.72,76
"Weiterentwicklung und Bugfixing der bestehenden PHP-Anwendung von Wolf Systems. Code-Review, Behebung von 15 kritischen Bugs, Performance-Optimierung der Datenbankabfragen, Upgrade auf PHP 8.2.",22,11492,DE,DE-SN,PHP,Weiterentwicklung,1,2026,klein,Legacy Bugfixing & Weiterentwicklung,0.68,63
"Migration der Altdaten von Weber Consulting aus Legacy-System (MS Access) in neue PostgreSQL-Datenbank. ETL-Pipeline, Datenbereinigung, Validierungsregeln, Testläufe mit Rollback-Funktion, Dokumentation.",80,139087,AT,AT,Backend,Migration,3,2025,mittel,Datenmigraton,1.0,88
"Internes Mitarbeiterportal für Schmidt AG (80 Nutzer) mit SSO-Anbindung via Azure AD, Urlaubsantrag-Workflow, Dokumentenverwaltung, News-Feed und Organigramm-Darstellung. React Frontend, Node.js Backend, PostgreSQL.",61,97888,DE,DE-SN,JavaScript,Neuentwicklung,3,2024,mittel,Mitarbeiterportal,0.78,70
"Maßgeschneidertes CRM für Frank Legal mit Kontaktverwaltung, Pipeline-Tracking, E-Mail-Integration via IMAP/SMTP, Aktivitäten-Log, Reporting-Dashboard und CSV-Import für Bestandsdaten.",88,189394,CH,CH,JavaScript,Neuentwicklung,3,2020,mittel,CRM-System,1.0,110
"Analyse-Dashboard für Hartmann Health mit Python Dash, Anbindung an 3 Datenquellen, Zeitreihenanalyse, Prognose-Modell für nächste 30 Tage, rollenbasierte Sichtbarkeit.",81,93348,DE,DE-HH,Python/ML,Neuentwicklung,2,2018,mittel,Reporting & Analytics Tool,1.0,82
"Terminbuchungsportal für Weber Consulting (bis 5 Mitarbeiter). Kundenlogin, Verfügbarkeitsprüfung in Echtzeit, iCal-Export, SMS-Erinnerungen via Twilio, DSGVO-konformes Datenschutz-Setup.",23,15603,DE,DE-HH,JavaScript,Neuentwicklung,1,2022,klein,Buchungssystem klein,0.92,80
"WooCommerce-Shop für Zimmermann IT mit bis zu 200 Produkten, Stripe- und PayPal-Zahlungsanbindung, automatisierter Bestellbestätigung per E-Mail und einfacher Lagerverwaltung.",41,28316,CH,CH,PHP,Neuentwicklung,1,2019,klein,Einfacher Online-Shop,1.0,91
"Flutter-App für Koch Industries. Kartenintegration via Google Maps, Foto-Upload mit Bildkomprimierung, Echtzeit-Chat via WebSocket, Biometrie-Login, automatische App-Store-Deployment-Pipeline.",91,260292,CH,CH,Mobile,Neuentwicklung,3,2022,mittel,Mobile App mittel,0.92,129
"Einzel-Landing-Page für Produktlaunch von Wagner Immobilien. A/B-Testing-fähig, mehrsprachig (DE/EN), mit CMS-Anbindung für eigenständige Inhaltspflege. Mobile-first Ansatz.",7,6024,DE,DE-BW,JavaScript,Neuentwicklung,1,2025,klein,Landing Page,0.72,89
"Middleware-Lösung für Fischer Handel zur Anbindung von 4 Drittsystemen (CRM, ERP, Shop, Versand). Message-Queue via RabbitMQ, Retry-Logik, Monitoring-Dashboard, detailliertes Fehler-Logging.",44,87932,DE,DE-BE,Backend,Neuentwicklung,3,2026,mittel,API-Integration Middleware,0.68,86
"Unternehmenswebsite für Zimmermann IT auf WordPress-Basis. Custom-Theme-Entwicklung, WooCommerce-Integration für digitale Downloads, SEO-Plugin-Konfiguration, Hosting-Setup.",18,13257,CH,CH,PHP,Neuentwicklung,1,2021,klein,WordPress Website,0.97,96
"B2B-Online-Shop für Neumann Services. Shopware 6, kundenspezifische Preislisten, Bestelllimits, CSV-Massenimport, ERP-Schnittstelle zu SAP Business One, Rechnungsstellung per EDI.",127,134239,DE,DE-BY,PHP,Neuentwicklung,2,2019,mittel,E-Commerce Platform,1.0,65
"Responsive Landing Page für Koch Industries mit Kontaktformular, SEO-Optimierung und Google Analytics Integration. Design nach Kundenvorgabe in Figma, Umsetzung mit React und Tailwind CSS.",12,6810,AT,AT,JavaScript,Neuentwicklung,1,2022,klein,Landing Page,0.92,76
"WooCommerce-Shop für Klein Software mit bis zu 200 Produkten, Stripe- und PayPal-Zahlungsanbindung, automatisierter Bestellbestätigung per E-Mail und einfacher Lagerverwaltung.",15,11457,DE,DE-BW,PHP,Neuentwicklung,1,2023,klein,Einfacher Online-Shop,0.85,71
"Management-Dashboard für Weiß Transport zur Visualisierung von Verkaufszahlen. React mit Recharts, Datenbankanbindung über bestehende API, Exportfunktion als PDF/Excel, Nutzerrollen-System.",27,17175,DE,DE-HE,JavaScript,Neuentwicklung,1,2023,klein,Dashboard einfach,0.85,81
"Online-Buchungssystem für Becker & Partner mit Kalenderansicht, automatischen E-Mail-Erinnerungen, Zahlungsintegration via Stripe und Admin-Backend zur Terminverwaltung. React Frontend, Node.js Backend.",34,21167,DE,DE-HH,JavaScript,Neuentwicklung,1,2023,klein,Buchungssystem klein,0.85,82
"Internes Mitarbeiterportal für Braun Logistics (80 Nutzer) mit SSO-Anbindung via Azure AD, Urlaubsantrag-Workflow, Dokumentenverwaltung, News-Feed und Organigramm-Darstellung. React Frontend, Node.js Backend, PostgreSQL.",86,162994,DE,DE-HE,JavaScript,Neuentwicklung,3,2025,mittel,Mitarbeiterportal,0.72,86
"Datenmigration für Meier Manufacturing von Oracle 11g auf PostgreSQL 15. Schema-Mapping, Stored-Procedure-Umschreibung, Performance-Tests, Zero-Downtime-Migration mit Dual-Write-Ansatz.",39,68640,DE,DE-BE,Backend,Migration,3,2023,mittel,Datenmigraton,1.0,79
"Ablösung des Legacy-Systems von Hoffmann Solutions (15 Jahre alt, COBOL/Oracle). Strangler-Fig-Muster, schrittweise Migration von 40 Modulen, paralleler Betrieb beider Systeme für 6 Monate, Zero-Downtime-Cutover.",339,1241929,DE,DE-BE,Java,Migration,6,2026,gross,Legacy Migration Enterprise,1.0,89
"Krankenhausinformationssystem-Modul für Lange Finance. HL7-Messaging, DICOM-Viewer-Integration, Medikationsplan-Modul nach BMP-Standard, IHE-XDS-Dokumentenmanagement, BSI-Grundschutz.",279,1006092,DE,DE-BE,Java,Neuentwicklung,7,2018,gross,Gesundheitswesenportal,1.0,70
"Unternehmensportal für Becker & Partner (800 Mitarbeiter) mit bidirektionaler SAP HR-Schnittstelle, SSO via Azure AD, Urlaubsmanagement, Zeiterfassung, Gehaltsabruf und Weiterbildungsmodul. React Frontend, Java Spring Boot Backend.",135,721079,AT,AT,SAP,Neuentwicklung,6,2025,gross,SAP-Integration Portal,0.72,122
"B2B-Online-Shop für Klein Software. Shopware 6, kundenspezifische Preislisten, Bestelllimits, CSV-Massenimport, ERP-Schnittstelle zu SAP Business One, Rechnungsstellung per EDI.",113,116913,AT,AT,PHP,Neuentwicklung,2,2022,mittel,E-Commerce Platform,0.92,65
"Online-Buchungssystem für Zimmermann IT mit Kalenderansicht, automatischen E-Mail-Erinnerungen, Zahlungsintegration via Stripe und Admin-Backend zur Terminverwaltung. React Frontend, Node.js Backend.",54,30552,AT,AT,JavaScript,Neuentwicklung,1,2022,klein,Buchungssystem klein,0.92,76
"Weiterentwicklung und Bugfixing der bestehenden PHP-Anwendung von Becker Pharma. Code-Review, Behebung von 15 kritischen Bugs, Performance-Optimierung der Datenbankabfragen, Upgrade auf PHP 8.2.",6,9607,CH,CH,PHP,Weiterentwicklung,1,2022,klein,Legacy Bugfixing & Weiterentwicklung,0.92,99
"Unternehmenswebsite für Lange Finance auf WordPress-Basis. Custom-Theme-Entwicklung, WooCommerce-Integration für digitale Downloads, SEO-Plugin-Konfiguration, Hosting-Setup.",25,11957,DE,DE-HE,PHP,Neuentwicklung,1,2019,klein,WordPress Website,1.0,61
"Vertriebssteuerungs-CRM für Richter Tech. React, GraphQL API, Angebots-Erstellung mit PDF-Export, Wiedervorlage-System, Outlook-Kalender-Synchronisation, Mobilansicht für Außendienst.",80,169248,CH,CH,JavaScript,Neuentwicklung,2,2023,mittel,CRM-System,0.85,120
"Integration-Layer für Braun Logistics. Apache Kafka, 6 Kafka-Topics, Schema-Registry, Dead-Letter-Queue, automatisches Alerting bei Verarbeitungsfehlern, API-Rate-Limit-Management.",48,85508,AT,AT,Backend,Neuentwicklung,2,2026,mittel,API-Integration Middleware,0.68,90
"Analyse-Dashboard für Frank Legal mit Python Dash, Anbindung an 3 Datenquellen, Zeitreihenanalyse, Prognose-Modell für nächste 30 Tage, rollenbasierte Sichtbarkeit.",39,73242,DE,DE-BE,Python/ML,Neuentwicklung,3,2020,mittel,Reporting & Analytics Tool,1.0,80
"WordPress-Website für Braun Logistics mit 8 Unterseiten, Blog-Funktion, mehrsprachigem Plugin (WPML), individuell entwickeltem Child-Theme und Kontaktformular mit DSGVO-konformer Datenspeicherung.",13,6626,DE,DE-SN,PHP,Neuentwicklung,1,2025,klein,WordPress Website,0.72,61
"Intelligentes Archivierungssystem für Richter Tech. OCR-Pipeline für Papierdokumente, ML-Modell zur Erkennung von Dokumententypen (98% Accuracy), automatische Metadaten-Extraktion, API für Drittsysteme.",197,679216,DE,DE-NW,Python/ML,Neuentwicklung,6,2024,gross,ML Dokumentenmanagement,0.78,94
"Datenmigration für Krause Retail von Oracle 11g auf PostgreSQL 15. Schema-Mapping, Stored-Procedure-Umschreibung, Performance-Tests, Zero-Downtime-Migration mit Dual-Write-Ansatz.",104,79988,DE,DE-SN,Backend,Migration,2,2018,mittel,Datenmigraton,1.0,61
"Wartung und Erweiterung des bestehenden WordPress-Systems von Fischer Handel. Plugin-Updates, Sicherheits-Audit, neue Such- und Filterfunktionen, Optimierung der Ladezeiten auf unter 2 Sekunden.",25,13326,DE,DE-BE,PHP,Weiterentwicklung,1,2024,klein,Legacy Bugfixing & Weiterentwicklung,0.78,66
"Einzel-Landing-Page für Produktlaunch von Lange Finance. A/B-Testing-fähig, mehrsprachig (DE/EN), mit CMS-Anbindung für eigenständige Inhaltspflege. Mobile-first Ansatz.",16,7453,DE,DE-BE,JavaScript,Neuentwicklung,1,2021,klein,Landing Page,0.97,71
"Unternehmensportal für Meier Manufacturing (800 Mitarbeiter) mit bidirektionaler SAP HR-Schnittstelle, SSO via Azure AD, Urlaubsmanagement, Zeiterfassung, Gehaltsabruf und Weiterbildungsmodul. React Frontend, Java Spring Boot Backend.",134,708377,CH,CH,SAP,Neuentwicklung,3,2026,gross,SAP-Integration Portal,0.68,192
"Predictive-Analytics-Plattform für Müller GmbH. Nachfrageprognose mit LSTM-Modell (MAPE < 8%), Anomalie-Erkennung im Produktionsprozess, MLflow für Modell-Versionierung, REST API für ERP-Anbindung, monatliches Retraining.",167,333389,DE,DE-BE,Python/ML,Neuentwicklung,3,2026,gross,ML Predictive Analytics,0.68,95
"Migration der Altdaten von Zimmermann IT aus Legacy-System (MS Access) in neue PostgreSQL-Datenbank. ETL-Pipeline, Datenbereinigung, Validierungsregeln, Testläufe mit Rollback-Funktion, Dokumentation.",104,122213,DE,DE-TH,Backend,Migration,3,2019,mittel,Datenmigraton,1.0,61
"HR-Self-Service-Portal für Schwarz Energie (150 Mitarbeiter). Vue.js, REST API, Gehaltsabruf-Modul, Weiterbildungskalender, digitale Personalakte, rollenbasierte Zugriffsrechte, DSGVO-konformes Audit-Log.",93,99213,DE,DE-SN,JavaScript,Neuentwicklung,2,2022,mittel,Mitarbeiterportal,0.92,65
"Event-Ticketing-System für Schmidt AG. Next.js, Seat-Map-Visualisierung, QR-Code-Ticket-Generierung, Warteliste, Gutscheinverwaltung, automatische Kapazitätssteuerung.",63,77494,AT,AT,JavaScript,Neuentwicklung,2,2021,mittel,Buchungssystem mittel,0.97,74
"Cross-Platform-App (iOS & Android) für Krüger Education mit 12 Screens, Nutzerregistrierung, Push-Notifications, Offline-Fähigkeit durch lokale SQLite-Datenbank und REST-API-Anbindung. React Native.",70,121199,DE,DE-BW,Mobile,Neuentwicklung,2,2024,mittel,Mobile App mittel,0.78,96
"Event-Ticketing-System für Frank Legal. Next.js, Seat-Map-Visualisierung, QR-Code-Ticket-Generierung, Warteliste, Gutscheinverwaltung, automatische Kapazitätssteuerung.",71,100028,DE,DE-BY,JavaScript,Neuentwicklung,2,2023,mittel,Buchungssystem mittel,0.85,86
"Wartung und Erweiterung des bestehenden WordPress-Systems von Braun Logistics. Plugin-Updates, Sicherheits-Audit, neue Such- und Filterfunktionen, Optimierung der Ladezeiten auf unter 2 Sekunden.",15,8905,AT,AT,PHP,Weiterentwicklung,1,2019,klein,Legacy Bugfixing & Weiterentwicklung,1.0,59
"Cross-Platform-App (iOS & Android) für Meier Manufacturing mit 12 Screens, Nutzerregistrierung, Push-Notifications, Offline-Fähigkeit durch lokale SQLite-Datenbank und REST-API-Anbindung. React Native.",128,161410,AT,AT,Mobile,Neuentwicklung,2,2019,mittel,Mobile App mittel,1.0,77
"Unternehmensportal für Klein Software (800 Mitarbeiter) mit bidirektionaler SAP HR-Schnittstelle, SSO via Azure AD, Urlaubsmanagement, Zeiterfassung, Gehaltsabruf und Weiterbildungsmodul. React Frontend, Java Spring Boot Backend.",212,441393,DE,DE-SN,SAP,Neuentwicklung,3,2024,gross,SAP-Integration Portal,0.78,101
"Churn-Prediction-System für Weiß Transport. Feature Engineering auf 50+ Variablen, XGBoost-Ensemble, SHAP-Erklärbarkeit, automatische Handlungsempfehlungen, A/B-Test-Framework zur Validierung.",206,479554,DE,DE-TH,Python/ML,Neuentwicklung,4,2023,gross,ML Predictive Analytics,0.85,76
"Krankenhausinformationssystem-Modul für Wolf Systems. HL7-Messaging, DICOM-Viewer-Integration, Medikationsplan-Modul nach BMP-Standard, IHE-XDS-Dokumentenmanagement, BSI-Grundschutz.",282,643840,DE,DE-BE,Java,Neuentwicklung,3,2021,gross,Gesundheitswesenportal,0.97,76
"B2B-Online-Shop für Becker Pharma. Shopware 6, kundenspezifische Preislisten, Bestelllimits, CSV-Massenimport, ERP-Schnittstelle zu SAP Business One, Rechnungsstellung per EDI.",69,147840,CH,CH,PHP,Neuentwicklung,3,2020,mittel,E-Commerce Platform,1.0,92
"Migration der Altdaten von Zimmermann IT aus Legacy-System (MS Access) in neue PostgreSQL-Datenbank. ETL-Pipeline, Datenbereinigung, Validierungsregeln, Testläufe mit Rollback-Funktion, Dokumentation.",63,63631,DE,DE-SN,Backend,Migration,2,2024,mittel,Datenmigraton,1.0,72
"Terminbuchungsportal für Bauer Digital (bis 5 Mitarbeiter). Kundenlogin, Verfügbarkeitsprüfung in Echtzeit, iCal-Export, SMS-Erinnerungen via Twilio, DSGVO-konformes Datenschutz-Setup.",28,17843,DE,DE-HH,JavaScript,Neuentwicklung,1,2021,klein,Buchungssystem klein,0.97,78
"Integration-Layer für Schwarz Energie. Apache Kafka, 6 Kafka-Topics, Schema-Registry, Dead-Letter-Queue, automatisches Alerting bei Verarbeitungsfehlern, API-Rate-Limit-Management.",76,101595,AT,AT,Backend,Neuentwicklung,2,2024,mittel,API-Integration Middleware,0.78,85
"Wartung und Erweiterung des bestehenden WordPress-Systems von Frank Legal. Plugin-Updates, Sicherheits-Audit, neue Such- und Filterfunktionen, Optimierung der Ladezeiten auf unter 2 Sekunden.",18,10735,DE,DE-BE,PHP,Weiterentwicklung,1,2023,klein,Legacy Bugfixing & Weiterentwicklung,0.85,64
"Maßgeschneiderte E-Commerce-Plattform für Koch Industries mit 2.000+ Produkten, Kundenkonto-Bereich, Wunschliste, Produktkonfigurator, Multi-Lager-Verwaltung und Anbindung an Warenwirtschaftssystem.",155,137066,DE,DE-SN,PHP,Neuentwicklung,2,2020,mittel,E-Commerce Platform,1.0,52
"Vertriebssteuerungs-CRM für Müller GmbH. React, GraphQL API, Angebots-Erstellung mit PDF-Export, Wiedervorlage-System, Outlook-Kalender-Synchronisation, Mobilansicht für Außendienst.",69,139352,CH,CH,JavaScript,Neuentwicklung,2,2024,mittel,CRM-System,0.78,124
"Analyse-Dashboard für Fischer Handel mit Python Dash, Anbindung an 3 Datenquellen, Zeitreihenanalyse, Prognose-Modell für nächste 30 Tage, rollenbasierte Sichtbarkeit.",39,65086,DE,DE-BY,Python/ML,Neuentwicklung,2,2024,mittel,Reporting & Analytics Tool,0.78,103
"HR-Self-Service-Portal für Krause Retail (150 Mitarbeiter). Vue.js, REST API, Gehaltsabruf-Modul, Weiterbildungskalender, digitale Personalakte, rollenbasierte Zugriffsrechte, DSGVO-konformes Audit-Log.",114,113933,DE,DE-BE,JavaScript,Neuentwicklung,2,2022,mittel,Mitarbeiterportal,0.92,73
"WordPress-Website für Bauer Digital mit 8 Unterseiten, Blog-Funktion, mehrsprachigem Plugin (WPML), individuell entwickeltem Child-Theme und Kontaktformular mit DSGVO-konformer Datenspeicherung.",21,12914,DE,DE-BY,PHP,Neuentwicklung,1,2022,klein,WordPress Website,0.92,71
"Unternehmenswebsite für Maier Group auf WordPress-Basis. Custom-Theme-Entwicklung, WooCommerce-Integration für digitale Downloads, SEO-Plugin-Konfiguration, Hosting-Setup.",21,8686,DE,DE-SN,PHP,Neuentwicklung,1,2024,klein,WordPress Website,0.78,59
"Digitales Patientenportal für Weber Consulting mit KV-Anbindung, HL7 FHIR Schnittstelle, Telematikinfrastruktur-Anbindung, ePA-Integration, DSGVO- und KRITIS-konformes Sicherheitskonzept.",443,1811012,AT,AT,Java,Neuentwicklung,7,2024,gross,Gesundheitswesenportal,0.78,88
"KPI-Dashboard für Schmidt AG. Vue.js Frontend, Echtzeit-Daten via WebSocket, 6 Chart-Typen, automatische E-Mail-Reports, Filterung nach Zeitraum und Region.",36,23847,AT,AT,JavaScript,Neuentwicklung,1,2023,klein,Dashboard einfach,0.85,78
"Predictive-Analytics-Plattform für Krause Retail. Nachfrageprognose mit LSTM-Modell (MAPE < 8%), Anomalie-Erkennung im Produktionsprozess, MLflow für Modell-Versionierung, REST API für ERP-Anbindung, monatliches Retraining.",128,574861,DE,DE-BW,Python/ML,Neuentwicklung,6,2024,gross,ML Predictive Analytics,0.78,100
"Cross-Platform-App (iOS & Android) für Krüger Education mit 12 Screens, Nutzerregistrierung, Push-Notifications, Offline-Fähigkeit durch lokale SQLite-Datenbank und REST-API-Anbindung. React Native.",97,133856,DE,DE-TH,Mobile,Neuentwicklung,3,2022,mittel,Mobile App mittel,0.92,71
"Digitalisierungsplattform für Zimmermann IT. ASP.NET Core, Blazor WebAssembly Frontend, Azure Service Bus, 15 Microservices, DevOps-Pipeline mit automatisierten Tests, ITIL-konformes Change Management.",281,842290,DE,DE-BE,.NET,Neuentwicklung,6,2024,gross,.NET Enterprise Platform,0.78,81
"Migration der Altdaten von Fischer Handel aus Legacy-System (MS Access) in neue PostgreSQL-Datenbank. ETL-Pipeline, Datenbereinigung, Validierungsregeln, Testläufe mit Rollback-Funktion, Dokumentation.",67,99100,DE,DE-NW,Backend,Migration,3,2023,mittel,Datenmigraton,1.0,82
"Maßgeschneidertes CRM für Becker & Partner mit Kontaktverwaltung, Pipeline-Tracking, E-Mail-Integration via IMAP/SMTP, Aktivitäten-Log, Reporting-Dashboard und CSV-Import für Bestandsdaten.",57,90098,DE,DE-TH,JavaScript,Neuentwicklung,3,2024,mittel,CRM-System,0.78,68
"Terminbuchungsportal für Müller GmbH (bis 5 Mitarbeiter). Kundenlogin, Verfügbarkeitsprüfung in Echtzeit, iCal-Export, SMS-Erinnerungen via Twilio, DSGVO-konformes Datenschutz-Setup.",31,23235,DE,DE-SN,JavaScript,Neuentwicklung,1,2023,klein,Buchungssystem klein,0.85,67
"WooCommerce-Shop für Lange Finance mit bis zu 200 Produkten, Stripe- und PayPal-Zahlungsanbindung, automatisierter Bestellbestätigung per E-Mail und einfacher Lagerverwaltung.",47,22258,DE,DE-HH,PHP,Neuentwicklung,1,2020,klein,Einfacher Online-Shop,1.0,63
"Integration-Layer für Weber Consulting. Apache Kafka, 6 Kafka-Topics, Schema-Registry, Dead-Letter-Queue, automatisches Alerting bei Verarbeitungsfehlern, API-Rate-Limit-Management.",66,139797,CH,CH,Backend,Neuentwicklung,2,2024,mittel,API-Integration Middleware,0.78,129
"Einzel-Landing-Page für Produktlaunch von Braun Logistics. A/B-Testing-fähig, mehrsprachig (DE/EN), mit CMS-Anbindung für eigenständige Inhaltspflege. Mobile-first Ansatz.",10,6714,AT,AT,JavaScript,Neuentwicklung,1,2026,klein,Landing Page,0.68,86
"Analyse-Dashboard für Becker & Partner mit Python Dash, Anbindung an 3 Datenquellen, Zeitreihenanalyse, Prognose-Modell für nächste 30 Tage, rollenbasierte Sichtbarkeit.",44,61183,DE,DE-HH,Python/ML,Neuentwicklung,2,2021,mittel,Reporting & Analytics Tool,0.97,90
"Vertriebssteuerungs-CRM für Weber Consulting. React, GraphQL API, Angebots-Erstellung mit PDF-Export, Wiedervorlage-System, Outlook-Kalender-Synchronisation, Mobilansicht für Außendienst.",71,75853,DE,DE-TH,JavaScript,Neuentwicklung,2,2024,mittel,CRM-System,0.78,68
"Unternehmenswebsite für Krüger Education auf WordPress-Basis. Custom-Theme-Entwicklung, WooCommerce-Integration für digitale Downloads, SEO-Plugin-Konfiguration, Hosting-Setup.",17,14266,CH,CH,PHP,Neuentwicklung,1,2022,klein,WordPress Website,0.92,99
"Weiterentwicklung und Bugfixing der bestehenden PHP-Anwendung von Schmidt AG. Code-Review, Behebung von 15 kritischen Bugs, Performance-Optimierung der Datenbankabfragen, Upgrade auf PHP 8.2.",8,5514,DE,DE-SN,PHP,Weiterentwicklung,1,2023,klein,Legacy Bugfixing & Weiterentwicklung,0.85,57
"Digitales Patientenportal für Schmidt AG mit KV-Anbindung, HL7 FHIR Schnittstelle, Telematikinfrastruktur-Anbindung, ePA-Integration, DSGVO- und KRITIS-konformes Sicherheitskonzept.",248,697769,DE,DE-TH,Java,Neuentwicklung,5,2025,gross,Gesundheitswesenportal,0.72,75
"REST API für Frank Legal mit 8 Endpoints, JWT-Authentifizierung, PostgreSQL-Datenbank, automatischer Swagger-Dokumentation und Docker-Containerisierung für einfaches Deployment.",19,23872,CH,CH,Backend,Neuentwicklung,1,2023,klein,REST API einfach,0.85,126
"Unternehmensweite Prozessplattform für Richter Tech auf .NET 8 Basis. Workflow-Engine für 20 Genehmigungsprozesse, Power BI Embedded für Berichte, Azure AD Integration, On-Premise-Deployment auf Kundensystemen.",252,882335,DE,DE-NW,.NET,Neuentwicklung,7,2018,gross,.NET Enterprise Platform,1.0,71
"KPI-Dashboard für Becker & Partner. Vue.js Frontend, Echtzeit-Daten via WebSocket, 6 Chart-Typen, automatische E-Mail-Reports, Filterung nach Zeitraum und Region.",22,11783,DE,DE-HE,JavaScript,Neuentwicklung,1,2018,klein,Dashboard einfach,1.0,70
"Online-Buchungssystem für Schmidt AG mit Kalenderansicht, automatischen E-Mail-Erinnerungen, Zahlungsintegration via Stripe und Admin-Backend zur Terminverwaltung. React Frontend, Node.js Backend.",28,16690,DE,DE-TH,JavaScript,Neuentwicklung,1,2026,klein,Buchungssystem klein,0.68,72
"Unternehmensweite Prozessplattform für Koch Industries auf .NET 8 Basis. Workflow-Engine für 20 Genehmigungsprozesse, Power BI Embedded für Berichte, Azure AD Integration, On-Premise-Deployment auf Kundensystemen.",219,414211,DE,DE-TH,.NET,Neuentwicklung,3,2022,gross,.NET Enterprise Platform,0.92,67
"Maßgeschneidertes CRM für Braun Logistics mit Kontaktverwaltung, Pipeline-Tracking, E-Mail-Integration via IMAP/SMTP, Aktivitäten-Log, Reporting-Dashboard und CSV-Import für Bestandsdaten.",61,78959,DE,DE-HE,JavaScript,Neuentwicklung,3,2020,mittel,CRM-System,1.0,74
"Digitalisierungsplattform für Meier Manufacturing. ASP.NET Core, Blazor WebAssembly Frontend, Azure Service Bus, 15 Microservices, DevOps-Pipeline mit automatisierten Tests, ITIL-konformes Change Management.",308,1916984,CH,CH,.NET,Neuentwicklung,7,2021,gross,.NET Enterprise Platform,0.97,118
"Integration-Layer für Schäfer Insurance. Apache Kafka, 6 Kafka-Topics, Schema-Registry, Dead-Letter-Queue, automatisches Alerting bei Verarbeitungsfehlern, API-Rate-Limit-Management.",10,39666,DE,DE-SN,Backend,Neuentwicklung,3,2024,mittel,API-Integration Middleware,0.78,72
"Responsive Landing Page für Fischer Handel mit Kontaktformular, SEO-Optimierung und Google Analytics Integration. Design nach Kundenvorgabe in Figma, Umsetzung mit React und Tailwind CSS.",10,6419,DE,DE-NW,JavaScript,Neuentwicklung,1,2025,klein,Landing Page,0.72,84
"WooCommerce-Shop für Maier Group mit bis zu 200 Produkten, Stripe- und PayPal-Zahlungsanbindung, automatisierter Bestellbestätigung per E-Mail und einfacher Lagerverwaltung.",42,20333,AT,AT,PHP,Neuentwicklung,1,2021,klein,Einfacher Online-Shop,0.97,63
"KPI-Dashboard für Richter Tech. Vue.js Frontend, Echtzeit-Daten via WebSocket, 6 Chart-Typen, automatische E-Mail-Reports, Filterung nach Zeitraum und Region.",25,13250,DE,DE-SN,JavaScript,Neuentwicklung,1,2024,klein,Dashboard einfach,0.78,70
"Cross-Platform-App (iOS & Android) für Schwarz Energie mit 12 Screens, Nutzerregistrierung, Push-Notifications, Offline-Fähigkeit durch lokale SQLite-Datenbank und REST-API-Anbindung. React Native.",113,244076,CH,CH,Mobile,Neuentwicklung,2,2023,mittel,Mobile App mittel,0.85,132
"Unternehmensportal für Zimmermann IT (800 Mitarbeiter) mit bidirektionaler SAP HR-Schnittstelle, SSO via Azure AD, Urlaubsmanagement, Zeiterfassung, Gehaltsabruf und Weiterbildungsmodul. React Frontend, Java Spring Boot Backend.",235,588234,AT,AT,SAP,Neuentwicklung,3,2025,gross,SAP-Integration Portal,0.72,122
"Einzel-Landing-Page für Produktlaunch von Becker & Partner. A/B-Testing-fähig, mehrsprachig (DE/EN), mit CMS-Anbindung für eigenständige Inhaltspflege. Mobile-first Ansatz.",12,6443,DE,DE-NW,JavaScript,Neuentwicklung,1,2022,klein,Landing Page,0.92,76
"Management-Dashboard für Maier Group zur Visualisierung von Verkaufszahlen. React mit Recharts, Datenbankanbindung über bestehende API, Exportfunktion als PDF/Excel, Nutzerrollen-System.",34,22838,DE,DE-BY,JavaScript,Neuentwicklung,1,2025,klein,Dashboard einfach,0.72,92
"Middleware-Lösung für Neumann Services zur Anbindung von 4 Drittsystemen (CRM, ERP, Shop, Versand). Message-Queue via RabbitMQ, Retry-Logik, Monitoring-Dashboard, detailliertes Fehler-Logging.",68,73761,DE,DE-HE,Backend,Neuentwicklung,2,2022,mittel,API-Integration Middleware,0.92,83
"Flutter-App für Klein Software. Kartenintegration via Google Maps, Foto-Upload mit Bildkomprimierung, Echtzeit-Chat via WebSocket, Biometrie-Login, automatische App-Store-Deployment-Pipeline.",103,159712,DE,DE-NW,Mobile,Neuentwicklung,2,2025,mittel,Mobile App mittel,0.72,93
"Online-Buchungssystem für Hoffmann Solutions mit Kalenderansicht, automatischen E-Mail-Erinnerungen, Zahlungsintegration via Stripe und Admin-Backend zur Terminverwaltung. React Frontend, Node.js Backend.",10,15923,CH,CH,JavaScript,Neuentwicklung,1,2022,klein,Buchungssystem klein,0.92,116
"Digitales Patientenportal für Krüger Education mit KV-Anbindung, HL7 FHIR Schnittstelle, Telematikinfrastruktur-Anbindung, ePA-Integration, DSGVO- und KRITIS-konformes Sicherheitskonzept.",244,870031,DE,DE-TH,Java,Neuentwicklung,7,2025,gross,Gesundheitswesenportal,0.72,75
"Responsive Landing Page für Klein Software mit Kontaktformular, SEO-Optimierung und Google Analytics Integration. Design nach Kundenvorgabe in Figma, Umsetzung mit React und Tailwind CSS.",12,6668,DE,DE-SN,JavaScript,Neuentwicklung,1,2021,klein,Landing Page,0.97,63
"Internes Mitarbeiterportal für Richter Tech (80 Nutzer) mit SSO-Anbindung via Azure AD, Urlaubsantrag-Workflow, Dokumentenverwaltung, News-Feed und Organigramm-Darstellung. React Frontend, Node.js Backend, PostgreSQL.",66,121853,CH,CH,JavaScript,Neuentwicklung,2,2026,mittel,Mitarbeiterportal,0.68,131
"Responsive Landing Page für Schulz Media mit Kontaktformular, SEO-Optimierung und Google Analytics Integration. Design nach Kundenvorgabe in Figma, Umsetzung mit React und Tailwind CSS.",21,10248,DE,DE-HE,JavaScript,Neuentwicklung,1,2019,klein,Landing Page,1.0,72
"Intelligentes Archivierungssystem für Schwarz Energie. OCR-Pipeline für Papierdokumente, ML-Modell zur Erkennung von Dokumententypen (98% Accuracy), automatische Metadaten-Extraktion, API für Drittsysteme.",123,846112,CH,CH,Python/ML,Neuentwicklung,7,2024,gross,ML Dokumentenmanagement,0.78,144
"B2B-Online-Shop für Schulz Media. Shopware 6, kundenspezifische Preislisten, Bestelllimits, CSV-Massenimport, ERP-Schnittstelle zu SAP Business One, Rechnungsstellung per EDI.",110,148503,DE,DE-HH,PHP,Neuentwicklung,3,2019,mittel,E-Commerce Platform,1.0,62
"Middleware-Lösung für Wagner Immobilien zur Anbindung von 4 Drittsystemen (CRM, ERP, Shop, Versand). Message-Queue via RabbitMQ, Retry-Logik, Monitoring-Dashboard, detailliertes Fehler-Logging.",76,80682,AT,AT,Backend,Neuentwicklung,2,2020,mittel,API-Integration Middleware,1.0,75
"Responsive Landing Page für Schmidt AG mit Kontaktformular, SEO-Optimierung und Google Analytics Integration. Design nach Kundenvorgabe in Figma, Umsetzung mit React und Tailwind CSS.",10,7282,DE,DE-HH,JavaScript,Neuentwicklung,1,2023,klein,Landing Page,0.85,82
"Buchungs- und Reservierungsplattform für Weber Consulting mit Multi-Location-Support, dynamischer Preisgestaltung, Gruppenreservierungen, Stornogebühren-Logik und Anbindung an Zahlungsanbieter.",64,70496,DE,DE-SN,JavaScript,Neuentwicklung,2,2023,mittel,Buchungssystem mittel,0.85,67
"Einzel-Landing-Page für Produktlaunch von Weiß Transport. A/B-Testing-fähig, mehrsprachig (DE/EN), mit CMS-Anbindung für eigenständige Inhaltspflege. Mobile-first Ansatz.",8,4209,DE,DE-BE,JavaScript,Neuentwicklung,1,2018,klein,Landing Page,1.0,65
"Vollständige Neuentwicklung des Kernbanksystems von Becker & Partner. Java Spring Boot Microservices, Event Sourcing, CQRS, Migrationsskripte für 2 Mio. Datensätze, Compliance-Anforderungen BaFin.",460,953419,DE,DE-BE,Java,Migration,3,2025,gross,Legacy Migration Enterprise,1.0,86
"WordPress-Website für Schmidt AG mit 8 Unterseiten, Blog-Funktion, mehrsprachigem Plugin (WPML), individuell entwickeltem Child-Theme und Kontaktformular mit DSGVO-konformer Datenspeicherung.",20,14272,CH,CH,PHP,Neuentwicklung,1,2024,klein,WordPress Website,0.78,105
"REST API für Frank Legal mit 8 Endpoints, JWT-Authentifizierung, PostgreSQL-Datenbank, automatischer Swagger-Dokumentation und Docker-Containerisierung für einfaches Deployment.",27,15165,AT,AT,Backend,Neuentwicklung,1,2019,klein,REST API einfach,1.0,73
"Ablösung des Legacy-Systems von Krüger Education (15 Jahre alt, COBOL/Oracle). Strangler-Fig-Muster, schrittweise Migration von 40 Modulen, paralleler Betrieb beider Systeme für 6 Monate, Zero-Downtime-Cutover.",335,1110807,DE,DE-SN,Java,Migration,5,2025,gross,Legacy Migration Enterprise,1.0,77
"Online-Buchungssystem für Bauer Digital mit Kalenderansicht, automatischen E-Mail-Erinnerungen, Zahlungsintegration via Stripe und Admin-Backend zur Terminverwaltung. React Frontend, Node.js Backend.",44,22339,DE,DE-HH,JavaScript,Neuentwicklung,1,2021,klein,Buchungssystem klein,0.97,78
"Predictive-Analytics-Plattform für Köhler Automotive. Nachfrageprognose mit LSTM-Modell (MAPE < 8%), Anomalie-Erkennung im Produktionsprozess, MLflow für Modell-Versionierung, REST API für ERP-Anbindung, monatliches Retraining.",250,889634,AT,AT,Python/ML,Neuentwicklung,6,2021,gross,ML Predictive Analytics,0.97,86
"Management-Dashboard für Neumann Services zur Visualisierung von Verkaufszahlen. React mit Recharts, Datenbankanbindung über bestehende API, Exportfunktion als PDF/Excel, Nutzerrollen-System.",16,13161,DE,DE-BE,JavaScript,Neuentwicklung,1,2022,klein,Dashboard einfach,0.92,73
"Middleware-Lösung für Weiß Transport zur Anbindung von 4 Drittsystemen (CRM, ERP, Shop, Versand). Message-Queue via RabbitMQ, Retry-Logik, Monitoring-Dashboard, detailliertes Fehler-Logging.",40,117903,CH,CH,Backend,Neuentwicklung,3,2019,mittel,API-Integration Middleware,1.0,112
"Wartung und Erweiterung des bestehenden WordPress-Systems von Klein Software. Plugin-Updates, Sicherheits-Audit, neue Such- und Filterfunktionen, Optimierung der Ladezeiten auf unter 2 Sekunden.",8,5548,DE,DE-BE,PHP,Weiterentwicklung,1,2025,klein,Legacy Bugfixing & Weiterentwicklung,0.72,68
"Wartung und Erweiterung des bestehenden WordPress-Systems von Weiß Transport. Plugin-Updates, Sicherheits-Audit, neue Such- und Filterfunktionen, Optimierung der Ladezeiten auf unter 2 Sekunden.",23,11940,AT,AT,PHP,Weiterentwicklung,1,2019,klein,Legacy Bugfixing & Weiterentwicklung,1.0,59
"Maßgeschneiderte E-Commerce-Plattform für Schwarz Energie mit 2.000+ Produkten, Kundenkonto-Bereich, Wunschliste, Produktkonfigurator, Multi-Lager-Verwaltung und Anbindung an Warenwirtschaftssystem.",64,173357,CH,CH,PHP,Neuentwicklung,3,2020,mittel,E-Commerce Platform,1.0,92
"Shopify-Onlineshop für Richter Tech. Custom-Theme, bis zu 500 Produkte, Anbindung an DHL-Versandschnittstelle, Gutscheinsystem, Produktbewertungen und Newsletter-Integration.",23,18244,DE,DE-BY,PHP,Neuentwicklung,1,2025,klein,Einfacher Online-Shop,0.72,78
"Online-Buchungssystem für Becker Pharma mit Kalenderansicht, automatischen E-Mail-Erinnerungen, Zahlungsintegration via Stripe und Admin-Backend zur Terminverwaltung. React Frontend, Node.js Backend.",27,19047,DE,DE-NW,JavaScript,Neuentwicklung,1,2023,klein,Buchungssystem klein,0.85,78
"Wartung und Erweiterung des bestehenden WordPress-Systems von Frank Legal. Plugin-Updates, Sicherheits-Audit, neue Such- und Filterfunktionen, Optimierung der Ladezeiten auf unter 2 Sekunden.",22,11240,DE,DE-NW,PHP,Weiterentwicklung,1,2019,klein,Legacy Bugfixing & Weiterentwicklung,1.0,59
"Responsive Landing Page für Schäfer Insurance mit Kontaktformular, SEO-Optimierung und Google Analytics Integration. Design nach Kundenvorgabe in Figma, Umsetzung mit React und Tailwind CSS.",6,4696,AT,AT,JavaScript,Neuentwicklung,1,2018,klein,Landing Page,1.0,68
"Middleware-Lösung für Richter Tech zur Anbindung von 4 Drittsystemen (CRM, ERP, Shop, Versand). Message-Queue via RabbitMQ, Retry-Logik, Monitoring-Dashboard, detailliertes Fehler-Logging.",87,99470,DE,DE-BE,Backend,Neuentwicklung,2,2021,mittel,API-Integration Middleware,0.97,74
"Internes Mitarbeiterportal für Koch Industries (80 Nutzer) mit SSO-Anbindung via Azure AD, Urlaubsantrag-Workflow, Dokumentenverwaltung, News-Feed und Organigramm-Darstellung. React Frontend, Node.js Backend, PostgreSQL.",93,156709,AT,AT,JavaScript,Neuentwicklung,3,2022,mittel,Mitarbeiterportal,0.92,76
"Integration-Layer für Klein Software. Apache Kafka, 6 Kafka-Topics, Schema-Registry, Dead-Letter-Queue, automatisches Alerting bei Verarbeitungsfehlern, API-Rate-Limit-Management.",126,196095,AT,AT,Backend,Neuentwicklung,3,2022,mittel,API-Integration Middleware,0.92,80
"Management-Dashboard für Müller GmbH zur Visualisierung von Verkaufszahlen. React mit Recharts, Datenbankanbindung über bestehende API, Exportfunktion als PDF/Excel, Nutzerrollen-System.",21,17005,DE,DE-NW,JavaScript,Neuentwicklung,1,2024,klein,Dashboard einfach,0.78,81
"Cross-Platform-App (iOS & Android) für Schulz Media mit 12 Screens, Nutzerregistrierung, Push-Notifications, Offline-Fähigkeit durch lokale SQLite-Datenbank und REST-API-Anbindung. React Native.",93,144945,DE,DE-BE,Mobile,Neuentwicklung,3,2024,mittel,Mobile App mittel,0.78,86
"HR-Self-Service-Portal für Becker Pharma (150 Mitarbeiter). Vue.js, REST API, Gehaltsabruf-Modul, Weiterbildungskalender, digitale Personalakte, rollenbasierte Zugriffsrechte, DSGVO-konformes Audit-Log.",61,72619,DE,DE-HH,JavaScript,Neuentwicklung,2,2022,mittel,Mitarbeiterportal,0.92,80
"Shopify-Onlineshop für Schmidt AG. Custom-Theme, bis zu 500 Produkte, Anbindung an DHL-Versandschnittstelle, Gutscheinsystem, Produktbewertungen und Newsletter-Integration.",20,13714,CH,CH,PHP,Neuentwicklung,1,2019,klein,Einfacher Online-Shop,1.0,91
"Vollständige Neuentwicklung des Kernbanksystems von Wagner Immobilien. Java Spring Boot Microservices, Event Sourcing, CQRS, Migrationsskripte für 2 Mio. Datensätze, Compliance-Anforderungen BaFin.",362,1155220,DE,DE-SN,Java,Migration,7,2019,gross,Legacy Migration Enterprise,1.0,64
"Wartung und Erweiterung des bestehenden WordPress-Systems von Richter Tech. Plugin-Updates, Sicherheits-Audit, neue Such- und Filterfunktionen, Optimierung der Ladezeiten auf unter 2 Sekunden.",12,7692,DE,DE-NW,PHP,Weiterentwicklung,1,2026,klein,Legacy Bugfixing & Weiterentwicklung,0.68,73
"Unternehmenswebsite für Fischer Handel auf WordPress-Basis. Custom-Theme-Entwicklung, WooCommerce-Integration für digitale Downloads, SEO-Plugin-Konfiguration, Hosting-Setup.",8,6736,DE,DE-HE,PHP,Neuentwicklung,1,2020,klein,WordPress Website,1.0,62
"Unternehmensweite Prozessplattform für Braun Logistics auf .NET 8 Basis. Workflow-Engine für 20 Genehmigungsprozesse, Power BI Embedded für Berichte, Azure AD Integration, On-Premise-Deployment auf Kundensystemen.",386,1044461,AT,AT,.NET,Neuentwicklung,6,2021,gross,.NET Enterprise Platform,0.97,77
"Maßgeschneiderte E-Commerce-Plattform für Richter Tech mit 2.000+ Produkten, Kundenkonto-Bereich, Wunschliste, Produktkonfigurator, Multi-Lager-Verwaltung und Anbindung an Warenwirtschaftssystem.",125,137030,DE,DE-NW,PHP,Neuentwicklung,2,2019,mittel,E-Commerce Platform,1.0,59
"Ablösung des Legacy-Systems von Wagner Immobilien (15 Jahre alt, COBOL/Oracle). Strangler-Fig-Muster, schrittweise Migration von 40 Modulen, paralleler Betrieb beider Systeme für 6 Monate, Zero-Downtime-Cutover.",463,1432180,DE,DE-NW,Java,Migration,7,2019,gross,Legacy Migration Enterprise,1.0,75
"SAP S/4HANA-Anbindung für Krause Retail. Fiori-ähnliches Portal, RFC-Schnittstellen für MM/PP/FI, Custom ABAP-Entwicklung, Echtzeit-Datensynchronisation, Rollout auf 3 Werke.",174,698320,CH,CH,SAP,Neuentwicklung,3,2023,gross,SAP-Integration Portal,0.85,176
"Integration-Layer für Schwarz Energie. Apache Kafka, 6 Kafka-Topics, Schema-Registry, Dead-Letter-Queue, automatisches Alerting bei Verarbeitungsfehlern, API-Rate-Limit-Management.",65,93121,DE,DE-BW,Backend,Neuentwicklung,2,2024,mittel,API-Integration Middleware,0.78,90
"Business-Intelligence-Tool für Schmidt AG mit automatisierten Tagesberichten, interaktiven Drill-Down-Charts, Anomalie-Erkennung bei KPIs, Slack-Integration für Alerts und Export-Funktion.",48,106090,DE,DE-HE,Python/ML,Neuentwicklung,3,2026,mittel,Reporting & Analytics Tool,0.68,102
"WordPress-Website für Schmidt AG mit 8 Unterseiten, Blog-Funktion, mehrsprachigem Plugin (WPML), individuell entwickeltem Child-Theme und Kontaktformular mit DSGVO-konformer Datenspeicherung.",8,3824,AT,AT,PHP,Neuentwicklung,1,2022,klein,WordPress Website,0.92,65
"Vertriebssteuerungs-CRM für Meier Manufacturing. React, GraphQL API, Angebots-Erstellung mit PDF-Export, Wiedervorlage-System, Outlook-Kalender-Synchronisation, Mobilansicht für Außendienst.",123,187556,DE,DE-BY,JavaScript,Neuentwicklung,3,2019,mittel,CRM-System,1.0,77
"Unternehmenswebsite für Hartmann Health auf WordPress-Basis. Custom-Theme-Entwicklung, WooCommerce-Integration für digitale Downloads, SEO-Plugin-Konfiguration, Hosting-Setup.",16,10691,DE,DE-HH,PHP,Neuentwicklung,1,2026,klein,WordPress Website,0.68,77
"Cross-Platform-App (iOS & Android) für Lange Finance mit 12 Screens, Nutzerregistrierung, Push-Notifications, Offline-Fähigkeit durch lokale SQLite-Datenbank und REST-API-Anbindung. React Native.",80,251441,CH,CH,Mobile,Neuentwicklung,3,2025,mittel,Mobile App mittel,0.72,142
"Buchungs- und Reservierungsplattform für Weiß Transport mit Multi-Location-Support, dynamischer Preisgestaltung, Gruppenreservierungen, Stornogebühren-Logik und Anbindung an Zahlungsanbieter.",72,83318,DE,DE-BW,JavaScript,Neuentwicklung,2,2021,mittel,Buchungssystem mittel,0.97,79
"Wartung und Erweiterung des bestehenden WordPress-Systems von Krüger Education. Plugin-Updates, Sicherheits-Audit, neue Such- und Filterfunktionen, Optimierung der Ladezeiten auf unter 2 Sekunden.",26,12557,DE,DE-NW,PHP,Weiterentwicklung,1,2021,klein,Legacy Bugfixing & Weiterentwicklung,0.97,63
"Buchungs- und Reservierungsplattform für Wagner Immobilien mit Multi-Location-Support, dynamischer Preisgestaltung, Gruppenreservierungen, Stornogebühren-Logik und Anbindung an Zahlungsanbieter.",125,123029,AT,AT,JavaScript,Neuentwicklung,2,2020,mittel,Buchungssystem mittel,1.0,72
"Weiterentwicklung und Bugfixing der bestehenden PHP-Anwendung von Hoffmann Solutions. Code-Review, Behebung von 15 kritischen Bugs, Performance-Optimierung der Datenbankabfragen, Upgrade auf PHP 8.2.",5,6161,DE,DE-BY,PHP,Weiterentwicklung,1,2024,klein,Legacy Bugfixing & Weiterentwicklung,0.78,75
"HR-Self-Service-Portal für Schulz Media (150 Mitarbeiter). Vue.js, REST API, Gehaltsabruf-Modul, Weiterbildungskalender, digitale Personalakte, rollenbasierte Zugriffsrechte, DSGVO-konformes Audit-Log.",58,99948,DE,DE-BY,JavaScript,Neuentwicklung,2,2025,mittel,Mitarbeiterportal,0.72,92
"B2B-Online-Shop für Neumann Services. Shopware 6, kundenspezifische Preislisten, Bestelllimits, CSV-Massenimport, ERP-Schnittstelle zu SAP Business One, Rechnungsstellung per EDI.",52,99685,DE,DE-HE,PHP,Neuentwicklung,2,2025,mittel,E-Commerce Platform,0.72,73
"Predictive-Analytics-Plattform für Meier Manufacturing. Nachfrageprognose mit LSTM-Modell (MAPE < 8%), Anomalie-Erkennung im Produktionsprozess, MLflow für Modell-Versionierung, REST API für ERP-Anbindung, monatliches Retraining.",213,405047,DE,DE-TH,Python/ML,Neuentwicklung,4,2018,gross,ML Predictive Analytics,1.0,66
"Integration-Layer für Zimmermann IT. Apache Kafka, 6 Kafka-Topics, Schema-Registry, Dead-Letter-Queue, automatisches Alerting bei Verarbeitungsfehlern, API-Rate-Limit-Management.",89,168268,AT,AT,Backend,Neuentwicklung,3,2021,mittel,API-Integration Middleware,0.97,77
"Weiterentwicklung und Bugfixing der bestehenden PHP-Anwendung von Koch Industries. Code-Review, Behebung von 15 kritischen Bugs, Performance-Optimierung der Datenbankabfragen, Upgrade auf PHP 8.2.",32,16212,AT,AT,PHP,Weiterentwicklung,1,2024,klein,Legacy Bugfixing & Weiterentwicklung,0.78,69
"Intelligentes Archivierungssystem für Schäfer Insurance. OCR-Pipeline für Papierdokumente, ML-Modell zur Erkennung von Dokumententypen (98% Accuracy), automatische Metadaten-Extraktion, API für Drittsysteme.",144,550170,AT,AT,Python/ML,Neuentwicklung,6,2026,gross,ML Dokumentenmanagement,0.68,99
"Cross-Platform-App (iOS & Android) für Schmidt AG mit 12 Screens, Nutzerregistrierung, Push-Notifications, Offline-Fähigkeit durch lokale SQLite-Datenbank und REST-API-Anbindung. React Native.",111,179943,AT,AT,Mobile,Neuentwicklung,3,2024,mittel,Mobile App mittel,0.78,90
"Online-Buchungssystem für Schulz Media mit Kalenderansicht, automatischen E-Mail-Erinnerungen, Zahlungsintegration via Stripe und Admin-Backend zur Terminverwaltung. React Frontend, Node.js Backend.",39,25368,DE,DE-BW,JavaScript,Neuentwicklung,1,2021,klein,Buchungssystem klein,0.97,79
"WordPress-Website für Neumann Services mit 8 Unterseiten, Blog-Funktion, mehrsprachigem Plugin (WPML), individuell entwickeltem Child-Theme und Kontaktformular mit DSGVO-konformer Datenspeicherung.",14,15014,CH,CH,PHP,Neuentwicklung,1,2025,klein,WordPress Website,0.72,108
"Maßgeschneidertes CRM für Köhler Automotive mit Kontaktverwaltung, Pipeline-Tracking, E-Mail-Integration via IMAP/SMTP, Aktivitäten-Log, Reporting-Dashboard und CSV-Import für Bestandsdaten.",124,125477,DE,DE-NW,JavaScript,Neuentwicklung,2,2022,mittel,CRM-System,0.92,76
"Microservice-API für Richter Tech. Python FastAPI, 5 CRUD-Endpoints, Rate-Limiting, API-Key-Verwaltung, automatisierte Tests mit pytest, CI/CD-Pipeline via GitHub Actions.",24,18916,DE,DE-BW,Backend,Neuentwicklung,1,2022,klein,REST API einfach,0.92,86
"Cross-Platform-App (iOS & Android) für Koch Industries mit 12 Screens, Nutzerregistrierung, Push-Notifications, Offline-Fähigkeit durch lokale SQLite-Datenbank und REST-API-Anbindung. React Native.",89,136619,DE,DE-NW,Mobile,Neuentwicklung,2,2025,mittel,Mobile App mittel,0.72,93
"Shopify-Onlineshop für Wolf Systems. Custom-Theme, bis zu 500 Produkte, Anbindung an DHL-Versandschnittstelle, Gutscheinsystem, Produktbewertungen und Newsletter-Integration.",24,22770,CH,CH,PHP,Neuentwicklung,1,2020,klein,Einfacher Online-Shop,1.0,92
"Buchungs- und Reservierungsplattform für Frank Legal mit Multi-Location-Support, dynamischer Preisgestaltung, Gruppenreservierungen, Stornogebühren-Logik und Anbindung an Zahlungsanbieter.",67,113460,CH,CH,JavaScript,Neuentwicklung,2,2023,mittel,Buchungssystem mittel,0.85,120
"Digitalisierungsplattform für Richter Tech. ASP.NET Core, Blazor WebAssembly Frontend, Azure Service Bus, 15 Microservices, DevOps-Pipeline mit automatisierten Tests, ITIL-konformes Change Management.",231,734207,DE,DE-SN,.NET,Neuentwicklung,6,2023,gross,.NET Enterprise Platform,0.85,71
"Unternehmenswebsite für Bauer Digital auf WordPress-Basis. Custom-Theme-Entwicklung, WooCommerce-Integration für digitale Downloads, SEO-Plugin-Konfiguration, Hosting-Setup.",12,12107,CH,CH,PHP,Neuentwicklung,1,2024,klein,WordPress Website,0.78,105
"Migration der Altdaten von Köhler Automotive aus Legacy-System (MS Access) in neue PostgreSQL-Datenbank. ETL-Pipeline, Datenbereinigung, Validierungsregeln, Testläufe mit Rollback-Funktion, Dokumentation.",111,274995,CH,CH,Backend,Migration,3,2023,mittel,Datenmigraton,1.0,126
"Churn-Prediction-System für Klein Software. Feature Engineering auf 50+ Variablen, XGBoost-Ensemble, SHAP-Erklärbarkeit, automatische Handlungsempfehlungen, A/B-Test-Framework zur Validierung.",163,307451,DE,DE-SN,Python/ML,Neuentwicklung,3,2024,gross,ML Predictive Analytics,0.78,81
"Migration der Altdaten von Wolf Systems aus Legacy-System (MS Access) in neue PostgreSQL-Datenbank. ETL-Pipeline, Datenbereinigung, Validierungsregeln, Testläufe mit Rollback-Funktion, Dokumentation.",112,146139,DE,DE-NW,Backend,Migration,2,2026,mittel,Datenmigraton,1.0,90
"Maßgeschneidertes CRM für Klein Software mit Kontaktverwaltung, Pipeline-Tracking, E-Mail-Integration via IMAP/SMTP, Aktivitäten-Log, Reporting-Dashboard und CSV-Import für Bestandsdaten.",114,274495,CH,CH,JavaScript,Neuentwicklung,3,2023,mittel,CRM-System,0.85,120
"Maßgeschneidertes CRM für Müller GmbH mit Kontaktverwaltung, Pipeline-Tracking, E-Mail-Integration via IMAP/SMTP, Aktivitäten-Log, Reporting-Dashboard und CSV-Import für Bestandsdaten.",103,115493,AT,AT,JavaScript,Neuentwicklung,2,2024,mittel,CRM-System,0.78,81
"HR-Self-Service-Portal für Schulz Media (150 Mitarbeiter). Vue.js, REST API, Gehaltsabruf-Modul, Weiterbildungskalender, digitale Personalakte, rollenbasierte Zugriffsrechte, DSGVO-konformes Audit-Log.",53,83041,AT,AT,JavaScript,Neuentwicklung,2,2024,mittel,Mitarbeiterportal,0.78,81
"Microservice-API für Wolf Systems. Python FastAPI, 5 CRUD-Endpoints, Rate-Limiting, API-Key-Verwaltung, automatisierte Tests mit pytest, CI/CD-Pipeline via GitHub Actions.",26,23618,CH,CH,Backend,Neuentwicklung,1,2022,klein,REST API einfach,0.92,123
"Event-Ticketing-System für Becker Pharma. Next.js, Seat-Map-Visualisierung, QR-Code-Ticket-Generierung, Warteliste, Gutscheinverwaltung, automatische Kapazitätssteuerung.",49,99287,AT,AT,JavaScript,Neuentwicklung,3,2023,mittel,Buchungssystem mittel,0.85,78
"Shopify-Onlineshop für Hoffmann Solutions. Custom-Theme, bis zu 500 Produkte, Anbindung an DHL-Versandschnittstelle, Gutscheinsystem, Produktbewertungen und Newsletter-Integration.",22,10757,DE,DE-SN,PHP,Neuentwicklung,1,2024,klein,Einfacher Online-Shop,0.78,59
"Churn-Prediction-System für Koch Industries. Feature Engineering auf 50+ Variablen, XGBoost-Ensemble, SHAP-Erklärbarkeit, automatische Handlungsempfehlungen, A/B-Test-Framework zur Validierung.",144,509466,AT,AT,Python/ML,Neuentwicklung,6,2023,gross,ML Predictive Analytics,0.85,91
"B2B-Online-Shop für Bauer Digital. Shopware 6, kundenspezifische Preislisten, Bestelllimits, CSV-Massenimport, ERP-Schnittstelle zu SAP Business One, Rechnungsstellung per EDI.",141,157415,DE,DE-SN,PHP,Neuentwicklung,3,2021,mittel,E-Commerce Platform,0.97,54
"Integration-Layer für Koch Industries. Apache Kafka, 6 Kafka-Topics, Schema-Registry, Dead-Letter-Queue, automatisches Alerting bei Verarbeitungsfehlern, API-Rate-Limit-Management.",60,67222,DE,DE-TH,Backend,Neuentwicklung,2,2024,mittel,API-Integration Middleware,0.78,71
"Analyse-Dashboard für Braun Logistics mit Python Dash, Anbindung an 3 Datenquellen, Zeitreihenanalyse, Prognose-Modell für nächste 30 Tage, rollenbasierte Sichtbarkeit.",48,66905,AT,AT,Python/ML,Neuentwicklung,2,2018,mittel,Reporting & Analytics Tool,1.0,78
"Online-Buchungssystem für Krüger Education mit Kalenderansicht, automatischen E-Mail-Erinnerungen, Zahlungsintegration via Stripe und Admin-Backend zur Terminverwaltung. React Frontend, Node.js Backend.",80,40009,DE,DE-BW,JavaScript,Neuentwicklung,1,2020,klein,Buchungssystem klein,1.0,77
"Cross-Platform-App (iOS & Android) für Köhler Automotive mit 12 Screens, Nutzerregistrierung, Push-Notifications, Offline-Fähigkeit durch lokale SQLite-Datenbank und REST-API-Anbindung. React Native.",144,189762,DE,DE-HH,Mobile,Neuentwicklung,2,2023,mittel,Mobile App mittel,0.85,91
"Online-Buchungssystem für Hoffmann Solutions mit Kalenderansicht, automatischen E-Mail-Erinnerungen, Zahlungsintegration via Stripe und Admin-Backend zur Terminverwaltung. React Frontend, Node.js Backend.",41,25495,DE,DE-HE,JavaScript,Neuentwicklung,1,2021,klein,Buchungssystem klein,0.97,76
"Digitales Patientenportal für Neumann Services mit KV-Anbindung, HL7 FHIR Schnittstelle, Telematikinfrastruktur-Anbindung, ePA-Integration, DSGVO- und KRITIS-konformes Sicherheitskonzept.",214,853886,AT,AT,Java,Neuentwicklung,5,2025,gross,Gesundheitswesenportal,0.72,90
"Business-Intelligence-Tool für Braun Logistics mit automatisierten Tagesberichten, interaktiven Drill-Down-Charts, Anomalie-Erkennung bei KPIs, Slack-Integration für Alerts und Export-Funktion.",66,102619,DE,DE-HE,Python/ML,Neuentwicklung,2,2023,mittel,Reporting & Analytics Tool,0.85,93
"Wartung und Erweiterung des bestehenden WordPress-Systems von Maier Group. Plugin-Updates, Sicherheits-Audit, neue Such- und Filterfunktionen, Optimierung der Ladezeiten auf unter 2 Sekunden.",18,11618,DE,DE-HE,PHP,Weiterentwicklung,1,2022,klein,Legacy Bugfixing & Weiterentwicklung,0.92,66
"Internes Mitarbeiterportal für Schulz Media (80 Nutzer) mit SSO-Anbindung via Azure AD, Urlaubsantrag-Workflow, Dokumentenverwaltung, News-Feed und Organigramm-Darstellung. React Frontend, Node.js Backend, PostgreSQL.",48,64167,AT,AT,JavaScript,Neuentwicklung,2,2020,mittel,Mitarbeiterportal,1.0,72
"Microservice-API für Schulz Media. Python FastAPI, 5 CRUD-Endpoints, Rate-Limiting, API-Key-Verwaltung, automatisierte Tests mit pytest, CI/CD-Pipeline via GitHub Actions.",35,16102,DE,DE-SN,Backend,Neuentwicklung,1,2022,klein,REST API einfach,0.92,69
"HR-Self-Service-Portal für Neumann Services (150 Mitarbeiter). Vue.js, REST API, Gehaltsabruf-Modul, Weiterbildungskalender, digitale Personalakte, rollenbasierte Zugriffsrechte, DSGVO-konformes Audit-Log.",73,217713,CH,CH,JavaScript,Neuentwicklung,3,2025,mittel,Mitarbeiterportal,0.72,128
"Weiterentwicklung und Bugfixing der bestehenden PHP-Anwendung von Krüger Education. Code-Review, Behebung von 15 kritischen Bugs, Performance-Optimierung der Datenbankabfragen, Upgrade auf PHP 8.2.",15,11063,DE,DE-BY,PHP,Weiterentwicklung,1,2026,klein,Legacy Bugfixing & Weiterentwicklung,0.68,80
"Microservice-API für Wolf Systems. Python FastAPI, 5 CRUD-Endpoints, Rate-Limiting, API-Key-Verwaltung, automatisierte Tests mit pytest, CI/CD-Pipeline via GitHub Actions.",22,23122,CH,CH,Backend,Neuentwicklung,1,2024,klein,REST API einfach,0.78,129
"Maßgeschneiderte E-Commerce-Plattform für Becker Pharma mit 2.000+ Produkten, Kundenkonto-Bereich, Wunschliste, Produktkonfigurator, Multi-Lager-Verwaltung und Anbindung an Warenwirtschaftssystem.",106,142535,DE,DE-HH,PHP,Neuentwicklung,3,2021,mittel,E-Commerce Platform,0.97,66
"B2B-Online-Shop für Frank Legal. Shopware 6, kundenspezifische Preislisten, Bestelllimits, CSV-Massenimport, ERP-Schnittstelle zu SAP Business One, Rechnungsstellung per EDI.",108,198581,CH,CH,PHP,Neuentwicklung,2,2023,mittel,E-Commerce Platform,0.85,102
"Datenmigration für Köhler Automotive von Oracle 11g auf PostgreSQL 15. Schema-Mapping, Stored-Procedure-Umschreibung, Performance-Tests, Zero-Downtime-Migration mit Dual-Write-Ansatz.",29,30486,DE,DE-TH,Backend,Migration,2,2021,mittel,Datenmigraton,1.0,65
"Internes Mitarbeiterportal für Wolf Systems (80 Nutzer) mit SSO-Anbindung via Azure AD, Urlaubsantrag-Workflow, Dokumentenverwaltung, News-Feed und Organigramm-Darstellung. React Frontend, Node.js Backend, PostgreSQL.",83,116990,DE,DE-SN,JavaScript,Neuentwicklung,3,2025,mittel,Mitarbeiterportal,0.72,72
"Flutter-App für Becker Pharma. Kartenintegration via Google Maps, Foto-Upload mit Bildkomprimierung, Echtzeit-Chat via WebSocket, Biometrie-Login, automatische App-Store-Deployment-Pipeline.",45,89547,DE,DE-BE,Mobile,Neuentwicklung,3,2021,mittel,Mobile App mittel,0.97,79
"Ablösung des Legacy-Systems von Frank Legal (15 Jahre alt, COBOL/Oracle). Strangler-Fig-Muster, schrittweise Migration von 40 Modulen, paralleler Betrieb beider Systeme für 6 Monate, Zero-Downtime-Cutover.",432,1848884,DE,DE-HH,Java,Migration,7,2022,gross,Legacy Migration Enterprise,1.0,86
"Analyse-Dashboard für Lange Finance mit Python Dash, Anbindung an 3 Datenquellen, Zeitreihenanalyse, Prognose-Modell für nächste 30 Tage, rollenbasierte Sichtbarkeit.",32,51334,DE,DE-SN,Python/ML,Neuentwicklung,2,2021,mittel,Reporting & Analytics Tool,0.97,73
"Maßgeschneidertes CRM für Köhler Automotive mit Kontaktverwaltung, Pipeline-Tracking, E-Mail-Integration via IMAP/SMTP, Aktivitäten-Log, Reporting-Dashboard und CSV-Import für Bestandsdaten.",95,143486,AT,AT,JavaScript,Neuentwicklung,3,2023,mittel,CRM-System,0.85,78
"Buchungs- und Reservierungsplattform für Krause Retail mit Multi-Location-Support, dynamischer Preisgestaltung, Gruppenreservierungen, Stornogebühren-Logik und Anbindung an Zahlungsanbieter.",54,86026,AT,AT,JavaScript,Neuentwicklung,3,2022,mittel,Buchungssystem mittel,0.92,76
"SAP S/4HANA-Anbindung für Köhler Automotive. Fiori-ähnliches Portal, RFC-Schnittstellen für MM/PP/FI, Custom ABAP-Entwicklung, Echtzeit-Datensynchronisation, Rollout auf 3 Werke.",233,1218170,DE,DE-BW,SAP,Neuentwicklung,7,2024,gross,SAP-Integration Portal,0.78,126
"Shopify-Onlineshop für Hoffmann Solutions. Custom-Theme, bis zu 500 Produkte, Anbindung an DHL-Versandschnittstelle, Gutscheinsystem, Produktbewertungen und Newsletter-Integration.",40,18337,DE,DE-SN,PHP,Neuentwicklung,1,2022,klein,Einfacher Online-Shop,0.92,55
"Datenmigration für Neumann Services von Oracle 11g auf PostgreSQL 15. Schema-Mapping, Stored-Procedure-Umschreibung, Performance-Tests, Zero-Downtime-Migration mit Dual-Write-Ansatz.",71,119969,DE,DE-BE,Backend,Migration,3,2025,mittel,Datenmigraton,1.0,84
"Management-Dashboard für Müller GmbH zur Visualisierung von Verkaufszahlen. React mit Recharts, Datenbankanbindung über bestehende API, Exportfunktion als PDF/Excel, Nutzerrollen-System.",29,19047,DE,DE-TH,JavaScript,Neuentwicklung,1,2022,klein,Dashboard einfach,0.92,64
"Maßgeschneidertes CRM für Krause Retail mit Kontaktverwaltung, Pipeline-Tracking, E-Mail-Integration via IMAP/SMTP, Aktivitäten-Log, Reporting-Dashboard und CSV-Import für Bestandsdaten.",115,129619,DE,DE-TH,JavaScript,Neuentwicklung,3,2018,mittel,CRM-System,1.0,57
"Microservice-API für Lange Finance. Python FastAPI, 5 CRUD-Endpoints, Rate-Limiting, API-Key-Verwaltung, automatisierte Tests mit pytest, CI/CD-Pipeline via GitHub Actions.",30,17634,DE,DE-SN,Backend,Neuentwicklung,1,2025,klein,REST API einfach,0.72,75
"Middleware-Lösung für Klein Software zur Anbindung von 4 Drittsystemen (CRM, ERP, Shop, Versand). Message-Queue via RabbitMQ, Retry-Logik, Monitoring-Dashboard, detailliertes Fehler-Logging.",73,133608,DE,DE-HH,Backend,Neuentwicklung,3,2023,mittel,API-Integration Middleware,0.85,86
"Terminbuchungsportal für Wagner Immobilien (bis 5 Mitarbeiter). Kundenlogin, Verfügbarkeitsprüfung in Echtzeit, iCal-Export, SMS-Erinnerungen via Twilio, DSGVO-konformes Datenschutz-Setup.",38,18066,DE,DE-TH,JavaScript,Neuentwicklung,1,2024,klein,Buchungssystem klein,0.78,68
"Churn-Prediction-System für Bauer Digital. Feature Engineering auf 50+ Variablen, XGBoost-Ensemble, SHAP-Erklärbarkeit, automatische Handlungsempfehlungen, A/B-Test-Framework zur Validierung.",72,241335,DE,DE-BW,Python/ML,Neuentwicklung,3,2025,gross,ML Predictive Analytics,0.72,103
"Maßgeschneidertes CRM für Hoffmann Solutions mit Kontaktverwaltung, Pipeline-Tracking, E-Mail-Integration via IMAP/SMTP, Aktivitäten-Log, Reporting-Dashboard und CSV-Import für Bestandsdaten.",107,127087,DE,DE-BW,JavaScript,Neuentwicklung,2,2019,mittel,CRM-System,1.0,75
"KI-gestütztes Dokumentenmanagementsystem für Klein Software mit automatischer Klassifikation per NLP (BERT), Volltextsuche via Elasticsearch, Versionierung, Zugriffsrollen und DSGVO-konformem Hosting auf deutschen Servern.",312,1083583,DE,DE-BW,Python/ML,Neuentwicklung,7,2019,gross,ML Dokumentenmanagement,1.0,86
"Flutter-App für Becker & Partner. Kartenintegration via Google Maps, Foto-Upload mit Bildkomprimierung, Echtzeit-Chat via WebSocket, Biometrie-Login, automatische App-Store-Deployment-Pipeline.",19,64921,AT,AT,Mobile,Neuentwicklung,2,2026,mittel,Mobile App mittel,0.68,95
"B2B-Online-Shop für Wagner Immobilien. Shopware 6, kundenspezifische Preislisten, Bestelllimits, CSV-Massenimport, ERP-Schnittstelle zu SAP Business One, Rechnungsstellung per EDI.",103,127318,AT,AT,PHP,Neuentwicklung,2,2024,mittel,E-Commerce Platform,0.78,69
"Cross-Platform-App (iOS & Android) für Schmidt AG mit 12 Screens, Nutzerregistrierung, Push-Notifications, Offline-Fähigkeit durch lokale SQLite-Datenbank und REST-API-Anbindung. React Native.",118,196948,DE,DE-HH,Mobile,Neuentwicklung,3,2023,mittel,Mobile App mittel,0.85,91
"Microservice-API für Maier Group. Python FastAPI, 5 CRUD-Endpoints, Rate-Limiting, API-Key-Verwaltung, automatisierte Tests mit pytest, CI/CD-Pipeline via GitHub Actions.",20,13702,DE,DE-HE,Backend,Neuentwicklung,1,2022,klein,REST API einfach,0.92,83
"Terminbuchungsportal für Becker & Partner (bis 5 Mitarbeiter). Kundenlogin, Verfügbarkeitsprüfung in Echtzeit, iCal-Export, SMS-Erinnerungen via Twilio, DSGVO-konformes Datenschutz-Setup.",43,22344,DE,DE-HH,JavaScript,Neuentwicklung,1,2019,klein,Buchungssystem klein,1.0,73
"Ablösung des Legacy-Systems von Frank Legal (15 Jahre alt, COBOL/Oracle). Strangler-Fig-Muster, schrittweise Migration von 40 Modulen, paralleler Betrieb beider Systeme für 6 Monate, Zero-Downtime-Cutover.",446,1542979,DE,DE-BY,Java,Migration,7,2018,gross,Legacy Migration Enterprise,1.0,80
"Analyse-Dashboard für Müller GmbH mit Python Dash, Anbindung an 3 Datenquellen, Zeitreihenanalyse, Prognose-Modell für nächste 30 Tage, rollenbasierte Sichtbarkeit.",76,91514,AT,AT,Python/ML,Neuentwicklung,2,2022,mittel,Reporting & Analytics Tool,0.92,88
"Buchungs- und Reservierungsplattform für Hartmann Health mit Multi-Location-Support, dynamischer Preisgestaltung, Gruppenreservierungen, Stornogebühren-Logik und Anbindung an Zahlungsanbieter.",50,86559,DE,DE-BW,JavaScript,Neuentwicklung,3,2019,mittel,Buchungssystem mittel,1.0,75
"KPI-Dashboard für Hoffmann Solutions. Vue.js Frontend, Echtzeit-Daten via WebSocket, 6 Chart-Typen, automatische E-Mail-Reports, Filterung nach Zeitraum und Region.",30,19511,AT,AT,JavaScript,Neuentwicklung,1,2022,klein,Dashboard einfach,0.92,76
"Einzel-Landing-Page für Produktlaunch von Zimmermann IT. A/B-Testing-fähig, mehrsprachig (DE/EN), mit CMS-Anbindung für eigenständige Inhaltspflege. Mobile-first Ansatz.",11,5730,DE,DE-HH,JavaScript,Neuentwicklung,1,2023,klein,Landing Page,0.85,82
"Integration-Layer für Meier Manufacturing. Apache Kafka, 6 Kafka-Topics, Schema-Registry, Dead-Letter-Queue, automatisches Alerting bei Verarbeitungsfehlern, API-Rate-Limit-Management.",61,91804,DE,DE-NW,Backend,Neuentwicklung,2,2026,mittel,API-Integration Middleware,0.68,90
"Middleware-Lösung für Neumann Services zur Anbindung von 4 Drittsystemen (CRM, ERP, Shop, Versand). Message-Queue via RabbitMQ, Retry-Logik, Monitoring-Dashboard, detailliertes Fehler-Logging.",69,92447,DE,DE-BW,Backend,Neuentwicklung,2,2022,mittel,API-Integration Middleware,0.92,86
"Terminbuchungsportal für Becker Pharma (bis 5 Mitarbeiter). Kundenlogin, Verfügbarkeitsprüfung in Echtzeit, iCal-Export, SMS-Erinnerungen via Twilio, DSGVO-konformes Datenschutz-Setup.",30,19321,AT,AT,JavaScript,Neuentwicklung,1,2022,klein,Buchungssystem klein,0.92,76
"Weiterentwicklung und Bugfixing der bestehenden PHP-Anwendung von Schulz Media. Code-Review, Behebung von 15 kritischen Bugs, Performance-Optimierung der Datenbankabfragen, Upgrade auf PHP 8.2.",10,8448,AT,AT,PHP,Weiterentwicklung,1,2025,klein,Legacy Bugfixing & Weiterentwicklung,0.72,71
"Event-Ticketing-System für Frank Legal. Next.js, Seat-Map-Visualisierung, QR-Code-Ticket-Generierung, Warteliste, Gutscheinverwaltung, automatische Kapazitätssteuerung.",70,91095,DE,DE-HE,JavaScript,Neuentwicklung,2,2026,mittel,Buchungssystem mittel,0.68,88
"B2B-Online-Shop für Hartmann Health. Shopware 6, kundenspezifische Preislisten, Bestelllimits, CSV-Massenimport, ERP-Schnittstelle zu SAP Business One, Rechnungsstellung per EDI.",88,114545,DE,DE-BE,PHP,Neuentwicklung,2,2024,mittel,E-Commerce Platform,0.78,66
"Integration-Layer für Bauer Digital. Apache Kafka, 6 Kafka-Topics, Schema-Registry, Dead-Letter-Queue, automatisches Alerting bei Verarbeitungsfehlern, API-Rate-Limit-Management.",108,158111,DE,DE-HH,Backend,Neuentwicklung,3,2022,mittel,API-Integration Middleware,0.92,84
"Integration-Layer für Weiß Transport. Apache Kafka, 6 Kafka-Topics, Schema-Registry, Dead-Letter-Queue, automatisches Alerting bei Verarbeitungsfehlern, API-Rate-Limit-Management.",55,146192,CH,CH,Backend,Neuentwicklung,3,2021,mittel,API-Integration Middleware,0.97,118
"Terminbuchungsportal für Frank Legal (bis 5 Mitarbeiter). Kundenlogin, Verfügbarkeitsprüfung in Echtzeit, iCal-Export, SMS-Erinnerungen via Twilio, DSGVO-konformes Datenschutz-Setup.",54,30575,DE,DE-BW,JavaScript,Neuentwicklung,1,2019,klein,Buchungssystem klein,1.0,75
"Einzel-Landing-Page für Produktlaunch von Köhler Automotive. A/B-Testing-fähig, mehrsprachig (DE/EN), mit CMS-Anbindung für eigenständige Inhaltspflege. Mobile-first Ansatz.",11,5717,AT,AT,JavaScript,Neuentwicklung,1,2021,klein,Landing Page,0.97,74
"WooCommerce-Shop für Schwarz Energie mit bis zu 200 Produkten, Stripe- und PayPal-Zahlungsanbindung, automatisierter Bestellbestätigung per E-Mail und einfacher Lagerverwaltung.",20,14258,AT,AT,PHP,Neuentwicklung,1,2025,klein,Einfacher Online-Shop,0.72,71
"WooCommerce-Shop für Wolf Systems mit bis zu 200 Produkten, Stripe- und PayPal-Zahlungsanbindung, automatisierter Bestellbestätigung per E-Mail und einfacher Lagerverwaltung.",43,21742,DE,DE-BW,PHP,Neuentwicklung,1,2020,klein,Einfacher Online-Shop,1.0,64
"HR-Self-Service-Portal für Hoffmann Solutions (150 Mitarbeiter). Vue.js, REST API, Gehaltsabruf-Modul, Weiterbildungskalender, digitale Personalakte, rollenbasierte Zugriffsrechte, DSGVO-konformes Audit-Log.",72,81017,AT,AT,JavaScript,Neuentwicklung,2,2019,mittel,Mitarbeiterportal,1.0,70
"Event-Ticketing-System für Becker Pharma. Next.js, Seat-Map-Visualisierung, QR-Code-Ticket-Generierung, Warteliste, Gutscheinverwaltung, automatische Kapazitätssteuerung.",28,87084,CH,CH,JavaScript,Neuentwicklung,2,2025,mittel,Buchungssystem mittel,0.72,128
"Cross-Platform-App (iOS & Android) für Becker & Partner mit 12 Screens, Nutzerregistrierung, Push-Notifications, Offline-Fähigkeit durch lokale SQLite-Datenbank und REST-API-Anbindung. React Native.",72,137005,DE,DE-HH,Mobile,Neuentwicklung,3,2022,mittel,Mobile App mittel,0.92,89
"KPI-Dashboard für Bauer Digital. Vue.js Frontend, Echtzeit-Daten via WebSocket, 6 Chart-Typen, automatische E-Mail-Reports, Filterung nach Zeitraum und Region.",15,23682,CH,CH,JavaScript,Neuentwicklung,1,2022,klein,Dashboard einfach,0.92,116
"Cross-Platform-App (iOS & Android) für Becker Pharma mit 12 Screens, Nutzerregistrierung, Push-Notifications, Offline-Fähigkeit durch lokale SQLite-Datenbank und REST-API-Anbindung. React Native.",86,120067,DE,DE-HE,Mobile,Neuentwicklung,2,2022,mittel,Mobile App mittel,0.92,87
"Buchungs- und Reservierungsplattform für Wolf Systems mit Multi-Location-Support, dynamischer Preisgestaltung, Gruppenreservierungen, Stornogebühren-Logik und Anbindung an Zahlungsanbieter.",74,75565,DE,DE-NW,JavaScript,Neuentwicklung,2,2023,mittel,Buchungssystem mittel,0.85,78
"Management-Dashboard für Hoffmann Solutions zur Visualisierung von Verkaufszahlen. React mit Recharts, Datenbankanbindung über bestehende API, Exportfunktion als PDF/Excel, Nutzerrollen-System.",38,18061,DE,DE-NW,JavaScript,Neuentwicklung,1,2021,klein,Dashboard einfach,0.97,74
"Churn-Prediction-System für Becker Pharma. Feature Engineering auf 50+ Variablen, XGBoost-Ensemble, SHAP-Erklärbarkeit, automatische Handlungsempfehlungen, A/B-Test-Framework zur Validierung.",204,583736,DE,DE-BY,Python/ML,Neuentwicklung,5,2019,gross,ML Predictive Analytics,1.0,88
"SAP S/4HANA-Anbindung für Braun Logistics. Fiori-ähnliches Portal, RFC-Schnittstellen für MM/PP/FI, Custom ABAP-Entwicklung, Echtzeit-Datensynchronisation, Rollout auf 3 Werke.",382,1365802,CH,CH,SAP,Neuentwicklung,4,2020,gross,SAP-Integration Portal,1.0,161
"Vertriebssteuerungs-CRM für Müller GmbH. React, GraphQL API, Angebots-Erstellung mit PDF-Export, Wiedervorlage-System, Outlook-Kalender-Synchronisation, Mobilansicht für Außendienst.",89,118651,DE,DE-HE,JavaScript,Neuentwicklung,2,2024,mittel,CRM-System,0.78,84
"B2B-Online-Shop für Köhler Automotive. Shopware 6, kundenspezifische Preislisten, Bestelllimits, CSV-Massenimport, ERP-Schnittstelle zu SAP Business One, Rechnungsstellung per EDI.",105,173896,DE,DE-BW,PHP,Neuentwicklung,3,2023,mittel,E-Commerce Platform,0.85,71
"Enterprise-E-Commerce-Plattform für Lange Finance mit 50.000+ Produkten, Multi-Mandanten-Fähigkeit, Echtzeit-Bestandssynchronisation, KI-gestützter Produktempfehlung, A/B-Testing-Framework und DACH-Lokalisierung.",330,1228858,AT,AT,Java,Neuentwicklung,7,2021,gross,Enterprise E-Commerce,0.97,79
"Unternehmensportal für Richter Tech (800 Mitarbeiter) mit bidirektionaler SAP HR-Schnittstelle, SSO via Azure AD, Urlaubsmanagement, Zeiterfassung, Gehaltsabruf und Weiterbildungsmodul. React Frontend, Java Spring Boot Backend.",112,357972,DE,DE-HH,SAP,Neuentwicklung,4,2023,gross,SAP-Integration Portal,0.85,121
"Flutter-App für Köhler Automotive. Kartenintegration via Google Maps, Foto-Upload mit Bildkomprimierung, Echtzeit-Chat via WebSocket, Biometrie-Login, automatische App-Store-Deployment-Pipeline.",106,161972,DE,DE-BW,Mobile,Neuentwicklung,2,2024,mittel,Mobile App mittel,0.78,96
"Management-Dashboard für Müller GmbH zur Visualisierung von Verkaufszahlen. React mit Recharts, Datenbankanbindung über bestehende API, Exportfunktion als PDF/Excel, Nutzerrollen-System.",26,16811,DE,DE-HE,JavaScript,Neuentwicklung,1,2019,klein,Dashboard einfach,1.0,72
"Shopify-Onlineshop für Wagner Immobilien. Custom-Theme, bis zu 500 Produkte, Anbindung an DHL-Versandschnittstelle, Gutscheinsystem, Produktbewertungen und Newsletter-Integration.",7,5699,DE,DE-SN,PHP,Neuentwicklung,1,2022,klein,Einfacher Online-Shop,0.92,55
"Vertriebssteuerungs-CRM für Schmidt AG. React, GraphQL API, Angebots-Erstellung mit PDF-Export, Wiedervorlage-System, Outlook-Kalender-Synchronisation, Mobilansicht für Außendienst.",62,91073,AT,AT,JavaScript,Neuentwicklung,2,2026,mittel,CRM-System,0.68,86
"Business-Intelligence-Tool für Klein Software mit automatisierten Tagesberichten, interaktiven Drill-Down-Charts, Anomalie-Erkennung bei KPIs, Slack-Integration für Alerts und Export-Funktion.",63,107737,DE,DE-SN,Python/ML,Neuentwicklung,3,2024,mittel,Reporting & Analytics Tool,0.78,81
"Maßgeschneiderte E-Commerce-Plattform für Klein Software mit 2.000+ Produkten, Kundenkonto-Bereich, Wunschliste, Produktkonfigurator, Multi-Lager-Verwaltung und Anbindung an Warenwirtschaftssystem.",66,87093,DE,DE-TH,PHP,Neuentwicklung,3,2024,mittel,E-Commerce Platform,0.78,58
"Buchungs- und Reservierungsplattform für Hartmann Health mit Multi-Location-Support, dynamischer Preisgestaltung, Gruppenreservierungen, Stornogebühren-Logik und Anbindung an Zahlungsanbieter.",105,96962,DE,DE-TH,JavaScript,Neuentwicklung,2,2023,mittel,Buchungssystem mittel,0.85,66
"B2B-Online-Shop für Meier Manufacturing. Shopware 6, kundenspezifische Preislisten, Bestelllimits, CSV-Massenimport, ERP-Schnittstelle zu SAP Business One, Rechnungsstellung per EDI.",146,189530,DE,DE-BE,PHP,Neuentwicklung,3,2024,mittel,E-Commerce Platform,0.78,66
"Predictive-Analytics-Plattform für Meier Manufacturing. Nachfrageprognose mit LSTM-Modell (MAPE < 8%), Anomalie-Erkennung im Produktionsprozess, MLflow für Modell-Versionierung, REST API für ERP-Anbindung, monatliches Retraining.",110,534391,DE,DE-HH,Python/ML,Neuentwicklung,7,2026,gross,ML Predictive Analytics,0.68,104
"HR-Self-Service-Portal für Lange Finance (150 Mitarbeiter). Vue.js, REST API, Gehaltsabruf-Modul, Weiterbildungskalender, digitale Personalakte, rollenbasierte Zugriffsrechte, DSGVO-konformes Audit-Log.",40,59981,DE,DE-BE,JavaScript,Neuentwicklung,2,2024,mittel,Mitarbeiterportal,0.78,78
"Online-Buchungssystem für Krause Retail mit Kalenderansicht, automatischen E-Mail-Erinnerungen, Zahlungsintegration via Stripe und Admin-Backend zur Terminverwaltung. React Frontend, Node.js Backend.",49,41726,CH,CH,JavaScript,Neuentwicklung,1,2025,klein,Buchungssystem klein,0.72,128
"Predictive-Analytics-Plattform für Schäfer Insurance. Nachfrageprognose mit LSTM-Modell (MAPE < 8%), Anomalie-Erkennung im Produktionsprozess, MLflow für Modell-Versionierung, REST API für ERP-Anbindung, monatliches Retraining.",158,334926,DE,DE-SN,Python/ML,Neuentwicklung,3,2025,gross,ML Predictive Analytics,0.72,82
"Flutter-App für Koch Industries. Kartenintegration via Google Maps, Foto-Upload mit Bildkomprimierung, Echtzeit-Chat via WebSocket, Biometrie-Login, automatische App-Store-Deployment-Pipeline.",44,103131,DE,DE-HE,Mobile,Neuentwicklung,3,2020,mittel,Mobile App mittel,1.0,82
"Microservice-API für Köhler Automotive. Python FastAPI, 5 CRUD-Endpoints, Rate-Limiting, API-Key-Verwaltung, automatisierte Tests mit pytest, CI/CD-Pipeline via GitHub Actions.",30,18796,DE,DE-BY,Backend,Neuentwicklung,1,2023,klein,REST API einfach,0.85,90
"Middleware-Lösung für Neumann Services zur Anbindung von 4 Drittsystemen (CRM, ERP, Shop, Versand). Message-Queue via RabbitMQ, Retry-Logik, Monitoring-Dashboard, detailliertes Fehler-Logging.",90,143766,AT,AT,Backend,Neuentwicklung,3,2022,mittel,API-Integration Middleware,0.92,80
"Responsive Landing Page für Krüger Education mit Kontaktformular, SEO-Optimierung und Google Analytics Integration. Design nach Kundenvorgabe in Figma, Umsetzung mit React und Tailwind CSS.",8,6470,CH,CH,JavaScript,Neuentwicklung,1,2018,klein,Landing Page,1.0,104
"Management-Dashboard für Meier Manufacturing zur Visualisierung von Verkaufszahlen. React mit Recharts, Datenbankanbindung über bestehende API, Exportfunktion als PDF/Excel, Nutzerrollen-System.",32,19654,DE,DE-BY,JavaScript,Neuentwicklung,1,2023,klein,Dashboard einfach,0.85,86
"Shopify-Onlineshop für Schmidt AG. Custom-Theme, bis zu 500 Produkte, Anbindung an DHL-Versandschnittstelle, Gutscheinsystem, Produktbewertungen und Newsletter-Integration.",45,15807,DE,DE-SN,PHP,Neuentwicklung,1,2019,klein,Einfacher Online-Shop,1.0,51
"WooCommerce-Shop für Maier Group mit bis zu 200 Produkten, Stripe- und PayPal-Zahlungsanbindung, automatisierter Bestellbestätigung per E-Mail und einfacher Lagerverwaltung.",22,15029,DE,DE-HH,PHP,Neuentwicklung,1,2025,klein,Einfacher Online-Shop,0.72,74
"Microservice-API für Krüger Education. Python FastAPI, 5 CRUD-Endpoints, Rate-Limiting, API-Key-Verwaltung, automatisierte Tests mit pytest, CI/CD-Pipeline via GitHub Actions.",34,17476,AT,AT,Backend,Neuentwicklung,1,2020,klein,REST API einfach,1.0,75
"Microservice-API für Weiß Transport. Python FastAPI, 5 CRUD-Endpoints, Rate-Limiting, API-Key-Verwaltung, automatisierte Tests mit pytest, CI/CD-Pipeline via GitHub Actions.",7,8397,DE,DE-HH,Backend,Neuentwicklung,1,2019,klein,REST API einfach,1.0,77
"Microservice-API für Schulz Media. Python FastAPI, 5 CRUD-Endpoints, Rate-Limiting, API-Key-Verwaltung, automatisierte Tests mit pytest, CI/CD-Pipeline via GitHub Actions.",30,21588,DE,DE-BW,Backend,Neuentwicklung,1,2023,klein,REST API einfach,0.85,88
"Business-Intelligence-Tool für Neumann Services mit automatisierten Tagesberichten, interaktiven Drill-Down-Charts, Anomalie-Erkennung bei KPIs, Slack-Integration für Alerts und Export-Funktion.",41,108590,DE,DE-BY,Python/ML,Neuentwicklung,3,2026,mittel,Reporting & Analytics Tool,0.68,109
"Shopify-Onlineshop für Wolf Systems. Custom-Theme, bis zu 500 Produkte, Anbindung an DHL-Versandschnittstelle, Gutscheinsystem, Produktbewertungen und Newsletter-Integration.",26,14185,DE,DE-HH,PHP,Neuentwicklung,1,2023,klein,Einfacher Online-Shop,0.85,70
"Management-Dashboard für Zimmermann IT zur Visualisierung von Verkaufszahlen. React mit Recharts, Datenbankanbindung über bestehende API, Exportfunktion als PDF/Excel, Nutzerrollen-System.",24,20185,CH,CH,JavaScript,Neuentwicklung,1,2023,klein,Dashboard einfach,0.85,120
"Responsive Landing Page für Krüger Education mit Kontaktformular, SEO-Optimierung und Google Analytics Integration. Design nach Kundenvorgabe in Figma, Umsetzung mit React und Tailwind CSS.",7,5236,DE,DE-NW,JavaScript,Neuentwicklung,1,2023,klein,Landing Page,0.85,78
"Terminbuchungsportal für Becker Pharma (bis 5 Mitarbeiter). Kundenlogin, Verfügbarkeitsprüfung in Echtzeit, iCal-Export, SMS-Erinnerungen via Twilio, DSGVO-konformes Datenschutz-Setup.",27,31422,CH,CH,JavaScript,Neuentwicklung,1,2022,klein,Buchungssystem klein,0.92,116
"Online-Buchungssystem für Fischer Handel mit Kalenderansicht, automatischen E-Mail-Erinnerungen, Zahlungsintegration via Stripe und Admin-Backend zur Terminverwaltung. React Frontend, Node.js Backend.",48,23725,DE,DE-BE,JavaScript,Neuentwicklung,1,2019,klein,Buchungssystem klein,1.0,67
"Unternehmensweite Prozessplattform für Weber Consulting auf .NET 8 Basis. Workflow-Engine für 20 Genehmigungsprozesse, Power BI Embedded für Berichte, Azure AD Integration, On-Premise-Deployment auf Kundensystemen.",426,1365222,DE,DE-BY,.NET,Neuentwicklung,6,2019,gross,.NET Enterprise Platform,1.0,80
"Maßgeschneidertes CRM für Lange Finance mit Kontaktverwaltung, Pipeline-Tracking, E-Mail-Integration via IMAP/SMTP, Aktivitäten-Log, Reporting-Dashboard und CSV-Import für Bestandsdaten.",115,110764,DE,DE-BW,JavaScript,Neuentwicklung,2,2020,mittel,CRM-System,1.0,77
"Analyse-Dashboard für Schulz Media mit Python Dash, Anbindung an 3 Datenquellen, Zeitreihenanalyse, Prognose-Modell für nächste 30 Tage, rollenbasierte Sichtbarkeit.",91,144983,DE,DE-HE,Python/ML,Neuentwicklung,3,2021,mittel,Reporting & Analytics Tool,0.97,88
"Middleware-Lösung für Weiß Transport zur Anbindung von 4 Drittsystemen (CRM, ERP, Shop, Versand). Message-Queue via RabbitMQ, Retry-Logik, Monitoring-Dashboard, detailliertes Fehler-Logging.",72,71940,AT,AT,Backend,Neuentwicklung,2,2020,mittel,API-Integration Middleware,1.0,75
"Predictive-Analytics-Plattform für Hartmann Health. Nachfrageprognose mit LSTM-Modell (MAPE < 8%), Anomalie-Erkennung im Produktionsprozess, MLflow für Modell-Versionierung, REST API für ERP-Anbindung, monatliches Retraining.",229,633378,DE,DE-BE,Python/ML,Neuentwicklung,6,2021,gross,ML Predictive Analytics,0.97,82
"Management-Dashboard für Braun Logistics zur Visualisierung von Verkaufszahlen. React mit Recharts, Datenbankanbindung über bestehende API, Exportfunktion als PDF/Excel, Nutzerrollen-System.",10,8007,DE,DE-BE,JavaScript,Neuentwicklung,1,2018,klein,Dashboard einfach,1.0,65
"Digitalisierungsplattform für Krause Retail. ASP.NET Core, Blazor WebAssembly Frontend, Azure Service Bus, 15 Microservices, DevOps-Pipeline mit automatisierten Tests, ITIL-konformes Change Management.",272,829769,DE,DE-BE,.NET,Neuentwicklung,6,2021,gross,.NET Enterprise Platform,0.97,74
"KPI-Dashboard für Köhler Automotive. Vue.js Frontend, Echtzeit-Daten via WebSocket, 6 Chart-Typen, automatische E-Mail-Reports, Filterung nach Zeitraum und Region.",24,11105,DE,DE-BY,JavaScript,Neuentwicklung,1,2019,klein,Dashboard einfach,1.0,77
"Online-Buchungssystem für Köhler Automotive mit Kalenderansicht, automatischen E-Mail-Erinnerungen, Zahlungsintegration via Stripe und Admin-Backend zur Terminverwaltung. React Frontend, Node.js Backend.",38,20834,DE,DE-BE,JavaScript,Neuentwicklung,1,2024,klein,Buchungssystem klein,0.78,78
"WooCommerce-Shop für Hartmann Health mit bis zu 200 Produkten, Stripe- und PayPal-Zahlungsanbindung, automatisierter Bestellbestätigung per E-Mail und einfacher Lagerverwaltung.",23,11081,DE,DE-SN,PHP,Neuentwicklung,1,2025,klein,Einfacher Online-Shop,0.72,61
"REST API für Maier Group mit 8 Endpoints, JWT-Authentifizierung, PostgreSQL-Datenbank, automatischer Swagger-Dokumentation und Docker-Containerisierung für einfaches Deployment.",15,12603,DE,DE-BW,Backend,Neuentwicklung,1,2023,klein,REST API einfach,0.85,88
"Buchungs- und Reservierungsplattform für Schmidt AG mit Multi-Location-Support, dynamischer Preisgestaltung, Gruppenreservierungen, Stornogebühren-Logik und Anbindung an Zahlungsanbieter.",33,67875,DE,DE-BY,JavaScript,Neuentwicklung,3,2023,mittel,Buchungssystem mittel,0.85,86
"Ablösung des Legacy-Systems von Koch Industries (15 Jahre alt, COBOL/Oracle). Strangler-Fig-Muster, schrittweise Migration von 40 Modulen, paralleler Betrieb beider Systeme für 6 Monate, Zero-Downtime-Cutover.",593,1006587,DE,DE-TH,Java,Migration,4,2020,gross,Legacy Migration Enterprise,1.0,65
"Online-Buchungssystem für Richter Tech mit Kalenderansicht, automatischen E-Mail-Erinnerungen, Zahlungsintegration via Stripe und Admin-Backend zur Terminverwaltung. React Frontend, Node.js Backend.",26,16816,DE,DE-NW,JavaScript,Neuentwicklung,1,2024,klein,Buchungssystem klein,0.78,81
"Vollständige Neuentwicklung des Kernbanksystems von Fischer Handel. Java Spring Boot Microservices, Event Sourcing, CQRS, Migrationsskripte für 2 Mio. Datensätze, Compliance-Anforderungen BaFin.",357,1496400,AT,AT,Java,Migration,7,2025,gross,Legacy Migration Enterprise,1.0,90
"Event-Ticketing-System für Zimmermann IT. Next.js, Seat-Map-Visualisierung, QR-Code-Ticket-Generierung, Warteliste, Gutscheinverwaltung, automatische Kapazitätssteuerung.",71,99135,DE,DE-TH,JavaScript,Neuentwicklung,3,2023,mittel,Buchungssystem mittel,0.85,66
"KPI-Dashboard für Schwarz Energie. Vue.js Frontend, Echtzeit-Daten via WebSocket, 6 Chart-Typen, automatische E-Mail-Reports, Filterung nach Zeitraum und Region.",38,19056,DE,DE-SN,JavaScript,Neuentwicklung,1,2022,klein,Dashboard einfach,0.92,65
"Intelligentes Archivierungssystem für Krause Retail. OCR-Pipeline für Papierdokumente, ML-Modell zur Erkennung von Dokumententypen (98% Accuracy), automatische Metadaten-Extraktion, API für Drittsysteme.",184,334597,DE,DE-BE,Python/ML,Neuentwicklung,3,2021,gross,ML Dokumentenmanagement,0.97,82
"Einzel-Landing-Page für Produktlaunch von Neumann Services. A/B-Testing-fähig, mehrsprachig (DE/EN), mit CMS-Anbindung für eigenständige Inhaltspflege. Mobile-first Ansatz.",8,6907,DE,DE-HH,JavaScript,Neuentwicklung,1,2023,klein,Landing Page,0.85,82
"Predictive-Analytics-Plattform für Wolf Systems. Nachfrageprognose mit LSTM-Modell (MAPE < 8%), Anomalie-Erkennung im Produktionsprozess, MLflow für Modell-Versionierung, REST API für ERP-Anbindung, monatliches Retraining.",128,399139,DE,DE-TH,Python/ML,Neuentwicklung,7,2023,gross,ML Predictive Analytics,0.85,76
"Business-Intelligence-Tool für Meier Manufacturing mit automatisierten Tagesberichten, interaktiven Drill-Down-Charts, Anomalie-Erkennung bei KPIs, Slack-Integration für Alerts und Export-Funktion.",60,77637,DE,DE-SN,Python/ML,Neuentwicklung,2,2023,mittel,Reporting & Analytics Tool,0.85,78
"Unternehmensweite Prozessplattform für Weiß Transport auf .NET 8 Basis. Workflow-Engine für 20 Genehmigungsprozesse, Power BI Embedded für Berichte, Azure AD Integration, On-Premise-Deployment auf Kundensystemen.",321,918110,DE,DE-HH,.NET,Neuentwicklung,6,2019,gross,.NET Enterprise Platform,1.0,77
"Datenmigration für Weber Consulting von Oracle 11g auf PostgreSQL 15. Schema-Mapping, Stored-Procedure-Umschreibung, Performance-Tests, Zero-Downtime-Migration mit Dual-Write-Ansatz.",55,84652,DE,DE-BW,Backend,Migration,2,2023,mittel,Datenmigraton,1.0,88
"Shopify-Onlineshop für Wagner Immobilien. Custom-Theme, bis zu 500 Produkte, Anbindung an DHL-Versandschnittstelle, Gutscheinsystem, Produktbewertungen und Newsletter-Integration.",21,13004,DE,DE-BW,PHP,Neuentwicklung,1,2024,klein,Einfacher Online-Shop,0.78,73
"Internes Mitarbeiterportal für Weber Consulting (80 Nutzer) mit SSO-Anbindung via Azure AD, Urlaubsantrag-Workflow, Dokumentenverwaltung, News-Feed und Organigramm-Darstellung. React Frontend, Node.js Backend, PostgreSQL.",38,68665,DE,DE-HE,JavaScript,Neuentwicklung,2,2023,mittel,Mitarbeiterportal,0.85,81
"Unternehmenswebsite für Hartmann Health auf WordPress-Basis. Custom-Theme-Entwicklung, WooCommerce-Integration für digitale Downloads, SEO-Plugin-Konfiguration, Hosting-Setup.",17,10328,DE,DE-BE,PHP,Neuentwicklung,1,2025,klein,WordPress Website,0.72,68
"Datenmigration für Schäfer Insurance von Oracle 11g auf PostgreSQL 15. Schema-Mapping, Stored-Procedure-Umschreibung, Performance-Tests, Zero-Downtime-Migration mit Dual-Write-Ansatz.",50,131323,CH,CH,Backend,Migration,3,2021,mittel,Datenmigraton,1.0,118
"Analyse-Dashboard für Becker & Partner mit Python Dash, Anbindung an 3 Datenquellen, Zeitreihenanalyse, Prognose-Modell für nächste 30 Tage, rollenbasierte Sichtbarkeit.",89,107256,DE,DE-BW,Python/ML,Neuentwicklung,2,2021,mittel,Reporting & Analytics Tool,0.97,91
"Buchungs- und Reservierungsplattform für Weber Consulting mit Multi-Location-Support, dynamischer Preisgestaltung, Gruppenreservierungen, Stornogebühren-Logik und Anbindung an Zahlungsanbieter.",72,158027,CH,CH,JavaScript,Neuentwicklung,2,2024,mittel,Buchungssystem mittel,0.78,124
"WooCommerce-Shop für Müller GmbH mit bis zu 200 Produkten, Stripe- und PayPal-Zahlungsanbindung, automatisierter Bestellbestätigung per E-Mail und einfacher Lagerverwaltung.",13,10338,DE,DE-BY,PHP,Neuentwicklung,1,2022,klein,Einfacher Online-Shop,0.92,71
